<?xml version='1.0' encoding='UTF-8'?>
<gpx xmlns="http://www.topografix.com/GPX/1/1" xmlns:gpxtpx="http://www.garmin.com/xmlschemas/TrackPointExtension/v1" xmlns:xsi="http://www.w3.org/2001/XMLSchema-instance" creator="StravaGPX" version="1.1" xsi:schemaLocation="http://www.topografix.com/GPX/1/1 http://www.topografix.com/GPX/1/1/gpx.xsd http://www.garmin.com/xmlschemas/GpxExtensions/v3 http://www.garmin.com/xmlschemas/GpxExtensionsv3.xsd http://www.garmin.com/xmlschemas/TrackPointExtension/v1 http://www.garmin.com/xmlschemas/TrackPointExtensionv1.xsd">
 <metadata>
  <time>2025-11-01T08:33:06Z</time>
 </metadata>
 <trk>
  <name>Carona &gt; Lago Marco &gt; Laghi Gemelli &gt; Lago Colombo &gt; Passo Aviasco &gt; Lago dei Frati &gt; Pagliari &gt; Carona</name>
  <type>trail_running</type>
  <trkseg>
   <trkpt lat="46.0203080" lon="9.7816420">
    <ele>1126.0</ele>
    <time>2025-11-01T08:33:06Z</time>
    <extensions>
     <power>0</power>
     <gpxtpx:TrackPointExtension>
      <gpxtpx:hr>69</gpxtpx:hr>
      <gpxtpx:cad>0</gpxtpx:cad>
     </gpxtpx:TrackPointExtension>
    </extensions>
   </trkpt>
   <trkpt lat="46.0202000" lon="9.7816130">
    <ele>1125.8</ele>
    <time>2025-11-01T08:33:15Z</time>
    <extensions>
     <power>145</power>
     <gpxtpx:TrackPointExtension>
      <gpxtpx:hr>78</gpxtpx:hr>
      <gpxtpx:cad>56</gpxtpx:cad>
     </gpxtpx:TrackPointExtension>
    </extensions>
   </trkpt>
   <trkpt lat="46.0201150" lon="9.7817560">
    <ele>1124.2</ele>
    <time>2025-11-01T08:33:25Z</time>
    <extensions>
     <power>166</power>
     <gpxtpx:TrackPointExtension>
      <gpxtpx:hr>83</gpxtpx:hr>
      <gpxtpx:cad>62</gpxtpx:cad>
     </gpxtpx:TrackPointExtension>
    </extensions>
   </trkpt>
   <trkpt lat="46.0200660" lon="9.7820590">
    <ele>1121.4</ele>
    <time>2025-11-01T08:33:35Z</time>
    <extensions>
     <power>319</power>
     <gpxtpx:TrackPointExtension>
      <gpxtpx:hr>89</gpxtpx:hr>
      <gpxtpx:cad>86</gpxtpx:cad>
     </gpxtpx:TrackPointExtension>
    </extensions>
   </trkpt>
   <trkpt lat="46.0200630" lon="9.7822380">
    <ele>1121.6</ele>
    <time>2025-11-01T08:33:45Z</time>
    <extensions>
     <power>130</power>
     <gpxtpx:TrackPointExtension>
      <gpxtpx:hr>89</gpxtpx:hr>
      <gpxtpx:cad>57</gpxtpx:cad>
     </gpxtpx:TrackPointExtension>
    </extensions>
   </trkpt>
   <trkpt lat="46.0201260" lon="9.7823210">
    <ele>1122.8</ele>
    <time>2025-11-01T08:33:55Z</time>
    <extensions>
     <power>120</power>
     <gpxtpx:TrackPointExtension>
      <gpxtpx:hr>93</gpxtpx:hr>
      <gpxtpx:cad>57</gpxtpx:cad>
     </gpxtpx:TrackPointExtension>
    </extensions>
   </trkpt>
   <trkpt lat="46.0200100" lon="9.7821940">
    <ele>1121.8</ele>
    <time>2025-11-01T08:34:05Z</time>
    <extensions>
     <power>0</power>
     <gpxtpx:TrackPointExtension>
      <gpxtpx:hr>97</gpxtpx:hr>
      <gpxtpx:cad>0</gpxtpx:cad>
     </gpxtpx:TrackPointExtension>
    </extensions>
   </trkpt>
   <trkpt lat="46.0198460" lon="9.7819940">
    <ele>1120.4</ele>
    <time>2025-11-01T08:34:15Z</time>
    <extensions>
     <power>331</power>
     <gpxtpx:TrackPointExtension>
      <gpxtpx:hr>104</gpxtpx:hr>
      <gpxtpx:cad>87</gpxtpx:cad>
     </gpxtpx:TrackPointExtension>
    </extensions>
   </trkpt>
   <trkpt lat="46.0197200" lon="9.7820130">
    <ele>1116.8</ele>
    <time>2025-11-01T08:34:25Z</time>
    <extensions>
     <power>160</power>
     <gpxtpx:TrackPointExtension>
      <gpxtpx:hr>107</gpxtpx:hr>
      <gpxtpx:cad>83</gpxtpx:cad>
     </gpxtpx:TrackPointExtension>
    </extensions>
   </trkpt>
   <trkpt lat="46.0195720" lon="9.7820980">
    <ele>1113.0</ele>
    <time>2025-11-01T08:34:35Z</time>
    <extensions>
     <power>186</power>
     <gpxtpx:TrackPointExtension>
      <gpxtpx:hr>106</gpxtpx:hr>
      <gpxtpx:cad>94</gpxtpx:cad>
     </gpxtpx:TrackPointExtension>
    </extensions>
   </trkpt>
   <trkpt lat="46.0194170" lon="9.7821870">
    <ele>1109.2</ele>
    <time>2025-11-01T08:34:45Z</time>
    <extensions>
     <power>189</power>
     <gpxtpx:TrackPointExtension>
      <gpxtpx:hr>108</gpxtpx:hr>
      <gpxtpx:cad>85</gpxtpx:cad>
     </gpxtpx:TrackPointExtension>
    </extensions>
   </trkpt>
   <trkpt lat="46.0191990" lon="9.7823220">
    <ele>1109.0</ele>
    <time>2025-11-01T08:34:55Z</time>
    <extensions>
     <power>210</power>
     <gpxtpx:TrackPointExtension>
      <gpxtpx:hr>110</gpxtpx:hr>
      <gpxtpx:cad>84</gpxtpx:cad>
     </gpxtpx:TrackPointExtension>
    </extensions>
   </trkpt>
   <trkpt lat="46.0189820" lon="9.7824540">
    <ele>1109.4</ele>
    <time>2025-11-01T08:35:05Z</time>
    <extensions>
     <power>282</power>
     <gpxtpx:TrackPointExtension>
      <gpxtpx:hr>112</gpxtpx:hr>
      <gpxtpx:cad>84</gpxtpx:cad>
     </gpxtpx:TrackPointExtension>
    </extensions>
   </trkpt>
   <trkpt lat="46.0189100" lon="9.7826080">
    <ele>1109.4</ele>
    <time>2025-11-01T08:35:15Z</time>
    <extensions>
     <power>185</power>
     <gpxtpx:TrackPointExtension>
      <gpxtpx:hr>115</gpxtpx:hr>
      <gpxtpx:cad>56</gpxtpx:cad>
     </gpxtpx:TrackPointExtension>
    </extensions>
   </trkpt>
   <trkpt lat="46.0189090" lon="9.7829230">
    <ele>1109.8</ele>
    <time>2025-11-01T08:35:25Z</time>
    <extensions>
     <power>147</power>
     <gpxtpx:TrackPointExtension>
      <gpxtpx:hr>114</gpxtpx:hr>
      <gpxtpx:cad>42</gpxtpx:cad>
     </gpxtpx:TrackPointExtension>
    </extensions>
   </trkpt>
   <trkpt lat="46.0189090" lon="9.7832640">
    <ele>1110.0</ele>
    <time>2025-11-01T08:35:35Z</time>
    <extensions>
     <power>156</power>
     <gpxtpx:TrackPointExtension>
      <gpxtpx:hr>117</gpxtpx:hr>
      <gpxtpx:cad>42</gpxtpx:cad>
     </gpxtpx:TrackPointExtension>
    </extensions>
   </trkpt>
   <trkpt lat="46.0189070" lon="9.7834140">
    <ele>1109.6</ele>
    <time>2025-11-01T08:35:45Z</time>
    <extensions>
     <power>113</power>
     <gpxtpx:TrackPointExtension>
      <gpxtpx:hr>118</gpxtpx:hr>
      <gpxtpx:cad>0</gpxtpx:cad>
     </gpxtpx:TrackPointExtension>
    </extensions>
   </trkpt>
   <trkpt lat="46.0189020" lon="9.7835170">
    <ele>1109.4</ele>
    <time>2025-11-01T08:35:55Z</time>
    <extensions>
     <power>0</power>
     <gpxtpx:TrackPointExtension>
      <gpxtpx:hr>119</gpxtpx:hr>
      <gpxtpx:cad>0</gpxtpx:cad>
     </gpxtpx:TrackPointExtension>
    </extensions>
   </trkpt>
   <trkpt lat="46.0188960" lon="9.7835750">
    <ele>1109.6</ele>
    <time>2025-11-01T08:36:05Z</time>
    <extensions>
     <power>0</power>
     <gpxtpx:TrackPointExtension>
      <gpxtpx:hr>116</gpxtpx:hr>
      <gpxtpx:cad>0</gpxtpx:cad>
     </gpxtpx:TrackPointExtension>
    </extensions>
   </trkpt>
   <trkpt lat="46.0189050" lon="9.7837630">
    <ele>1109.6</ele>
    <time>2025-11-01T08:36:15Z</time>
    <extensions>
     <power>130</power>
     <gpxtpx:TrackPointExtension>
      <gpxtpx:hr>116</gpxtpx:hr>
      <gpxtpx:cad>56</gpxtpx:cad>
     </gpxtpx:TrackPointExtension>
    </extensions>
   </trkpt>
   <trkpt lat="46.0189240" lon="9.7839860">
    <ele>1110.4</ele>
    <time>2025-11-01T08:36:25Z</time>
    <extensions>
     <power>205</power>
     <gpxtpx:TrackPointExtension>
      <gpxtpx:hr>116</gpxtpx:hr>
      <gpxtpx:cad>53</gpxtpx:cad>
     </gpxtpx:TrackPointExtension>
    </extensions>
   </trkpt>
   <trkpt lat="46.0190150" lon="9.7843380">
    <ele>1110.8</ele>
    <time>2025-11-01T08:36:35Z</time>
    <extensions>
     <power>387</power>
     <gpxtpx:TrackPointExtension>
      <gpxtpx:hr>105</gpxtpx:hr>
      <gpxtpx:cad>87</gpxtpx:cad>
     </gpxtpx:TrackPointExtension>
    </extensions>
   </trkpt>
   <trkpt lat="46.0191570" lon="9.7846180">
    <ele>1110.2</ele>
    <time>2025-11-01T08:36:45Z</time>
    <extensions>
     <power>361</power>
     <gpxtpx:TrackPointExtension>
      <gpxtpx:hr>113</gpxtpx:hr>
      <gpxtpx:cad>84</gpxtpx:cad>
     </gpxtpx:TrackPointExtension>
    </extensions>
   </trkpt>
   <trkpt lat="46.0191430" lon="9.7847040">
    <ele>1110.2</ele>
    <time>2025-11-01T08:36:55Z</time>
    <extensions>
     <power>172</power>
     <gpxtpx:TrackPointExtension>
      <gpxtpx:hr>117</gpxtpx:hr>
      <gpxtpx:cad>55</gpxtpx:cad>
     </gpxtpx:TrackPointExtension>
    </extensions>
   </trkpt>
   <trkpt lat="46.0191730" lon="9.7848510">
    <ele>1113.6</ele>
    <time>2025-11-01T08:37:05Z</time>
    <extensions>
     <power>215</power>
     <gpxtpx:TrackPointExtension>
      <gpxtpx:hr>113</gpxtpx:hr>
      <gpxtpx:cad>46</gpxtpx:cad>
     </gpxtpx:TrackPointExtension>
    </extensions>
   </trkpt>
   <trkpt lat="46.0192070" lon="9.7850360">
    <ele>1116.0</ele>
    <time>2025-11-01T08:37:15Z</time>
    <extensions>
     <power>284</power>
     <gpxtpx:TrackPointExtension>
      <gpxtpx:hr>118</gpxtpx:hr>
      <gpxtpx:cad>50</gpxtpx:cad>
     </gpxtpx:TrackPointExtension>
    </extensions>
   </trkpt>
   <trkpt lat="46.0192470" lon="9.7852800">
    <ele>1116.2</ele>
    <time>2025-11-01T08:37:25Z</time>
    <extensions>
     <power>0</power>
     <gpxtpx:TrackPointExtension>
      <gpxtpx:hr>121</gpxtpx:hr>
      <gpxtpx:cad>0</gpxtpx:cad>
     </gpxtpx:TrackPointExtension>
    </extensions>
   </trkpt>
   <trkpt lat="46.0192180" lon="9.7854300">
    <ele>1118.2</ele>
    <time>2025-11-01T08:37:35Z</time>
    <extensions>
     <power>245</power>
     <gpxtpx:TrackPointExtension>
      <gpxtpx:hr>123</gpxtpx:hr>
      <gpxtpx:cad>50</gpxtpx:cad>
     </gpxtpx:TrackPointExtension>
    </extensions>
   </trkpt>
   <trkpt lat="46.0191520" lon="9.7854880">
    <ele>1119.4</ele>
    <time>2025-11-01T08:37:45Z</time>
    <extensions>
     <power>0</power>
     <gpxtpx:TrackPointExtension>
      <gpxtpx:hr>126</gpxtpx:hr>
      <gpxtpx:cad>0</gpxtpx:cad>
     </gpxtpx:TrackPointExtension>
    </extensions>
   </trkpt>
   <trkpt lat="46.0190860" lon="9.7855350">
    <ele>1122.4</ele>
    <time>2025-11-01T08:37:55Z</time>
    <extensions>
     <power>0</power>
     <gpxtpx:TrackPointExtension>
      <gpxtpx:hr>126</gpxtpx:hr>
      <gpxtpx:cad>0</gpxtpx:cad>
     </gpxtpx:TrackPointExtension>
    </extensions>
   </trkpt>
   <trkpt lat="46.0190110" lon="9.7855690">
    <ele>1124.6</ele>
    <time>2025-11-01T08:38:05Z</time>
    <extensions>
     <power>0</power>
     <gpxtpx:TrackPointExtension>
      <gpxtpx:hr>122</gpxtpx:hr>
      <gpxtpx:cad>41</gpxtpx:cad>
     </gpxtpx:TrackPointExtension>
    </extensions>
   </trkpt>
   <trkpt lat="46.0189630" lon="9.7856770">
    <ele>1126.4</ele>
    <time>2025-11-01T08:38:15Z</time>
    <extensions>
     <power>314</power>
     <gpxtpx:TrackPointExtension>
      <gpxtpx:hr>131</gpxtpx:hr>
      <gpxtpx:cad>41</gpxtpx:cad>
     </gpxtpx:TrackPointExtension>
    </extensions>
   </trkpt>
   <trkpt lat="46.0189340" lon="9.7855970">
    <ele>1128.4</ele>
    <time>2025-11-01T08:38:25Z</time>
    <extensions>
     <power>300</power>
     <gpxtpx:TrackPointExtension>
      <gpxtpx:hr>133</gpxtpx:hr>
      <gpxtpx:cad>0</gpxtpx:cad>
     </gpxtpx:TrackPointExtension>
    </extensions>
   </trkpt>
   <trkpt lat="46.0188990" lon="9.7856530">
    <ele>1128.6</ele>
    <time>2025-11-01T08:38:34Z</time>
    <extensions>
     <power>0</power>
     <gpxtpx:TrackPointExtension>
      <gpxtpx:hr>133</gpxtpx:hr>
      <gpxtpx:cad>0</gpxtpx:cad>
     </gpxtpx:TrackPointExtension>
    </extensions>
   </trkpt>
   <trkpt lat="46.0188270" lon="9.7857640">
    <ele>1130.4</ele>
    <time>2025-11-01T08:38:44Z</time>
    <extensions>
     <power>0</power>
     <gpxtpx:TrackPointExtension>
      <gpxtpx:hr>131</gpxtpx:hr>
      <gpxtpx:cad>0</gpxtpx:cad>
     </gpxtpx:TrackPointExtension>
    </extensions>
   </trkpt>
   <trkpt lat="46.0187720" lon="9.7858440">
    <ele>1132.6</ele>
    <time>2025-11-01T08:38:54Z</time>
    <extensions>
     <power>0</power>
     <gpxtpx:TrackPointExtension>
      <gpxtpx:hr>130</gpxtpx:hr>
      <gpxtpx:cad>0</gpxtpx:cad>
     </gpxtpx:TrackPointExtension>
    </extensions>
   </trkpt>
   <trkpt lat="46.0187350" lon="9.7858610">
    <ele>1134.8</ele>
    <time>2025-11-01T08:39:04Z</time>
    <extensions>
     <power>0</power>
     <gpxtpx:TrackPointExtension>
      <gpxtpx:hr>130</gpxtpx:hr>
      <gpxtpx:cad>0</gpxtpx:cad>
     </gpxtpx:TrackPointExtension>
    </extensions>
   </trkpt>
   <trkpt lat="46.0187660" lon="9.7859380">
    <ele>1136.8</ele>
    <time>2025-11-01T08:39:14Z</time>
    <extensions>
     <power>0</power>
     <gpxtpx:TrackPointExtension>
      <gpxtpx:hr>130</gpxtpx:hr>
      <gpxtpx:cad>0</gpxtpx:cad>
     </gpxtpx:TrackPointExtension>
    </extensions>
   </trkpt>
   <trkpt lat="46.0187390" lon="9.7860640">
    <ele>1139.2</ele>
    <time>2025-11-01T08:39:24Z</time>
    <extensions>
     <power>294</power>
     <gpxtpx:TrackPointExtension>
      <gpxtpx:hr>129</gpxtpx:hr>
      <gpxtpx:cad>45</gpxtpx:cad>
     </gpxtpx:TrackPointExtension>
    </extensions>
   </trkpt>
   <trkpt lat="46.0186670" lon="9.7861010">
    <ele>1141.8</ele>
    <time>2025-11-01T08:39:34Z</time>
    <extensions>
     <power>0</power>
     <gpxtpx:TrackPointExtension>
      <gpxtpx:hr>133</gpxtpx:hr>
      <gpxtpx:cad>0</gpxtpx:cad>
     </gpxtpx:TrackPointExtension>
    </extensions>
   </trkpt>
   <trkpt lat="46.0186360" lon="9.7860670">
    <ele>1144.2</ele>
    <time>2025-11-01T08:39:44Z</time>
    <extensions>
     <power>0</power>
     <gpxtpx:TrackPointExtension>
      <gpxtpx:hr>134</gpxtpx:hr>
      <gpxtpx:cad>0</gpxtpx:cad>
     </gpxtpx:TrackPointExtension>
    </extensions>
   </trkpt>
   <trkpt lat="46.0185720" lon="9.7860280">
    <ele>1146.2</ele>
    <time>2025-11-01T08:39:54Z</time>
    <extensions>
     <power>385</power>
     <gpxtpx:TrackPointExtension>
      <gpxtpx:hr>134</gpxtpx:hr>
      <gpxtpx:cad>0</gpxtpx:cad>
     </gpxtpx:TrackPointExtension>
    </extensions>
   </trkpt>
   <trkpt lat="46.0185340" lon="9.7859160">
    <ele>1148.8</ele>
    <time>2025-11-01T08:40:04Z</time>
    <extensions>
     <power>0</power>
     <gpxtpx:TrackPointExtension>
      <gpxtpx:hr>136</gpxtpx:hr>
      <gpxtpx:cad>0</gpxtpx:cad>
     </gpxtpx:TrackPointExtension>
    </extensions>
   </trkpt>
   <trkpt lat="46.0184810" lon="9.7858070">
    <ele>1150.6</ele>
    <time>2025-11-01T08:40:14Z</time>
    <extensions>
     <power>441</power>
     <gpxtpx:TrackPointExtension>
      <gpxtpx:hr>135</gpxtpx:hr>
      <gpxtpx:cad>45</gpxtpx:cad>
     </gpxtpx:TrackPointExtension>
    </extensions>
   </trkpt>
   <trkpt lat="46.0184020" lon="9.7857370">
    <ele>1152.8</ele>
    <time>2025-11-01T08:40:24Z</time>
    <extensions>
     <power>457</power>
     <gpxtpx:TrackPointExtension>
      <gpxtpx:hr>131</gpxtpx:hr>
      <gpxtpx:cad>41</gpxtpx:cad>
     </gpxtpx:TrackPointExtension>
    </extensions>
   </trkpt>
   <trkpt lat="46.0183570" lon="9.7857450">
    <ele>1154.8</ele>
    <time>2025-11-01T08:40:34Z</time>
    <extensions>
     <power>366</power>
     <gpxtpx:TrackPointExtension>
      <gpxtpx:hr>130</gpxtpx:hr>
      <gpxtpx:cad>41</gpxtpx:cad>
     </gpxtpx:TrackPointExtension>
    </extensions>
   </trkpt>
   <trkpt lat="46.0183210" lon="9.7857820">
    <ele>1157.4</ele>
    <time>2025-11-01T08:40:44Z</time>
    <extensions>
     <power>0</power>
     <gpxtpx:TrackPointExtension>
      <gpxtpx:hr>136</gpxtpx:hr>
      <gpxtpx:cad>0</gpxtpx:cad>
     </gpxtpx:TrackPointExtension>
    </extensions>
   </trkpt>
   <trkpt lat="46.0183180" lon="9.7858140">
    <ele>1160.4</ele>
    <time>2025-11-01T08:40:54Z</time>
    <extensions>
     <power>236</power>
     <gpxtpx:TrackPointExtension>
      <gpxtpx:hr>136</gpxtpx:hr>
      <gpxtpx:cad>70</gpxtpx:cad>
     </gpxtpx:TrackPointExtension>
    </extensions>
   </trkpt>
   <trkpt lat="46.0183440" lon="9.7859050">
    <ele>1163.2</ele>
    <time>2025-11-01T08:41:04Z</time>
    <extensions>
     <power>0</power>
     <gpxtpx:TrackPointExtension>
      <gpxtpx:hr>136</gpxtpx:hr>
      <gpxtpx:cad>0</gpxtpx:cad>
     </gpxtpx:TrackPointExtension>
    </extensions>
   </trkpt>
   <trkpt lat="46.0183170" lon="9.7859730">
    <ele>1165.2</ele>
    <time>2025-11-01T08:41:14Z</time>
    <extensions>
     <power>0</power>
     <gpxtpx:TrackPointExtension>
      <gpxtpx:hr>137</gpxtpx:hr>
      <gpxtpx:cad>0</gpxtpx:cad>
     </gpxtpx:TrackPointExtension>
    </extensions>
   </trkpt>
   <trkpt lat="46.0182880" lon="9.7860180">
    <ele>1167.6</ele>
    <time>2025-11-01T08:41:24Z</time>
    <extensions>
     <power>0</power>
     <gpxtpx:TrackPointExtension>
      <gpxtpx:hr>138</gpxtpx:hr>
      <gpxtpx:cad>0</gpxtpx:cad>
     </gpxtpx:TrackPointExtension>
    </extensions>
   </trkpt>
   <trkpt lat="46.0182340" lon="9.7860040">
    <ele>1170.2</ele>
    <time>2025-11-01T08:41:34Z</time>
    <extensions>
     <power>0</power>
     <gpxtpx:TrackPointExtension>
      <gpxtpx:hr>139</gpxtpx:hr>
      <gpxtpx:cad>0</gpxtpx:cad>
     </gpxtpx:TrackPointExtension>
    </extensions>
   </trkpt>
   <trkpt lat="46.0181760" lon="9.7859820">
    <ele>1172.2</ele>
    <time>2025-11-01T08:41:44Z</time>
    <extensions>
     <power>0</power>
     <gpxtpx:TrackPointExtension>
      <gpxtpx:hr>141</gpxtpx:hr>
      <gpxtpx:cad>0</gpxtpx:cad>
     </gpxtpx:TrackPointExtension>
    </extensions>
   </trkpt>
   <trkpt lat="46.0181180" lon="9.7859450">
    <ele>1173.8</ele>
    <time>2025-11-01T08:41:54Z</time>
    <extensions>
     <power>0</power>
     <gpxtpx:TrackPointExtension>
      <gpxtpx:hr>140</gpxtpx:hr>
      <gpxtpx:cad>0</gpxtpx:cad>
     </gpxtpx:TrackPointExtension>
    </extensions>
   </trkpt>
   <trkpt lat="46.0180660" lon="9.7859310">
    <ele>1175.4</ele>
    <time>2025-11-01T08:42:04Z</time>
    <extensions>
     <power>0</power>
     <gpxtpx:TrackPointExtension>
      <gpxtpx:hr>140</gpxtpx:hr>
      <gpxtpx:cad>0</gpxtpx:cad>
     </gpxtpx:TrackPointExtension>
    </extensions>
   </trkpt>
   <trkpt lat="46.0179810" lon="9.7859310">
    <ele>1178.4</ele>
    <time>2025-11-01T08:42:14Z</time>
    <extensions>
     <power>566</power>
     <gpxtpx:TrackPointExtension>
      <gpxtpx:hr>140</gpxtpx:hr>
      <gpxtpx:cad>70</gpxtpx:cad>
     </gpxtpx:TrackPointExtension>
    </extensions>
   </trkpt>
   <trkpt lat="46.0179050" lon="9.7859130">
    <ele>1180.8</ele>
    <time>2025-11-01T08:42:24Z</time>
    <extensions>
     <power>0</power>
     <gpxtpx:TrackPointExtension>
      <gpxtpx:hr>140</gpxtpx:hr>
      <gpxtpx:cad>0</gpxtpx:cad>
     </gpxtpx:TrackPointExtension>
    </extensions>
   </trkpt>
   <trkpt lat="46.0178710" lon="9.7859030">
    <ele>1183.2</ele>
    <time>2025-11-01T08:42:34Z</time>
    <extensions>
     <power>0</power>
     <gpxtpx:TrackPointExtension>
      <gpxtpx:hr>140</gpxtpx:hr>
      <gpxtpx:cad>0</gpxtpx:cad>
     </gpxtpx:TrackPointExtension>
    </extensions>
   </trkpt>
   <trkpt lat="46.0178580" lon="9.7859530">
    <ele>1185.6</ele>
    <time>2025-11-01T08:42:44Z</time>
    <extensions>
     <power>0</power>
     <gpxtpx:TrackPointExtension>
      <gpxtpx:hr>140</gpxtpx:hr>
      <gpxtpx:cad>0</gpxtpx:cad>
     </gpxtpx:TrackPointExtension>
    </extensions>
   </trkpt>
   <trkpt lat="46.0178050" lon="9.7859630">
    <ele>1187.4</ele>
    <time>2025-11-01T08:42:54Z</time>
    <extensions>
     <power>0</power>
     <gpxtpx:TrackPointExtension>
      <gpxtpx:hr>139</gpxtpx:hr>
      <gpxtpx:cad>0</gpxtpx:cad>
     </gpxtpx:TrackPointExtension>
    </extensions>
   </trkpt>
   <trkpt lat="46.0177600" lon="9.7858810">
    <ele>1188.6</ele>
    <time>2025-11-01T08:43:04Z</time>
    <extensions>
     <power>0</power>
     <gpxtpx:TrackPointExtension>
      <gpxtpx:hr>138</gpxtpx:hr>
      <gpxtpx:cad>0</gpxtpx:cad>
     </gpxtpx:TrackPointExtension>
    </extensions>
   </trkpt>
   <trkpt lat="46.0177370" lon="9.7858390">
    <ele>1191.2</ele>
    <time>2025-11-01T08:43:14Z</time>
    <extensions>
     <power>0</power>
     <gpxtpx:TrackPointExtension>
      <gpxtpx:hr>136</gpxtpx:hr>
      <gpxtpx:cad>0</gpxtpx:cad>
     </gpxtpx:TrackPointExtension>
    </extensions>
   </trkpt>
   <trkpt lat="46.0177210" lon="9.7858890">
    <ele>1193.0</ele>
    <time>2025-11-01T08:43:24Z</time>
    <extensions>
     <power>0</power>
     <gpxtpx:TrackPointExtension>
      <gpxtpx:hr>137</gpxtpx:hr>
      <gpxtpx:cad>0</gpxtpx:cad>
     </gpxtpx:TrackPointExtension>
    </extensions>
   </trkpt>
   <trkpt lat="46.0176570" lon="9.7859240">
    <ele>1194.4</ele>
    <time>2025-11-01T08:43:34Z</time>
    <extensions>
     <power>0</power>
     <gpxtpx:TrackPointExtension>
      <gpxtpx:hr>136</gpxtpx:hr>
      <gpxtpx:cad>0</gpxtpx:cad>
     </gpxtpx:TrackPointExtension>
    </extensions>
   </trkpt>
   <trkpt lat="46.0175970" lon="9.7858390">
    <ele>1196.8</ele>
    <time>2025-11-01T08:43:44Z</time>
    <extensions>
     <power>0</power>
     <gpxtpx:TrackPointExtension>
      <gpxtpx:hr>135</gpxtpx:hr>
      <gpxtpx:cad>0</gpxtpx:cad>
     </gpxtpx:TrackPointExtension>
    </extensions>
   </trkpt>
   <trkpt lat="46.0175770" lon="9.7858750">
    <ele>1198.2</ele>
    <time>2025-11-01T08:43:53Z</time>
    <extensions>
     <power>0</power>
     <gpxtpx:TrackPointExtension>
      <gpxtpx:hr>135</gpxtpx:hr>
      <gpxtpx:cad>0</gpxtpx:cad>
     </gpxtpx:TrackPointExtension>
    </extensions>
   </trkpt>
   <trkpt lat="46.0175790" lon="9.7859530">
    <ele>1200.4</ele>
    <time>2025-11-01T08:44:03Z</time>
    <extensions>
     <power>0</power>
     <gpxtpx:TrackPointExtension>
      <gpxtpx:hr>136</gpxtpx:hr>
      <gpxtpx:cad>0</gpxtpx:cad>
     </gpxtpx:TrackPointExtension>
    </extensions>
   </trkpt>
   <trkpt lat="46.0176170" lon="9.7860720">
    <ele>1202.6</ele>
    <time>2025-11-01T08:44:13Z</time>
    <extensions>
     <power>368</power>
     <gpxtpx:TrackPointExtension>
      <gpxtpx:hr>135</gpxtpx:hr>
      <gpxtpx:cad>42</gpxtpx:cad>
     </gpxtpx:TrackPointExtension>
    </extensions>
   </trkpt>
   <trkpt lat="46.0176830" lon="9.7861600">
    <ele>1204.6</ele>
    <time>2025-11-01T08:44:23Z</time>
    <extensions>
     <power>593</power>
     <gpxtpx:TrackPointExtension>
      <gpxtpx:hr>134</gpxtpx:hr>
      <gpxtpx:cad>42</gpxtpx:cad>
     </gpxtpx:TrackPointExtension>
    </extensions>
   </trkpt>
   <trkpt lat="46.0176050" lon="9.7861980">
    <ele>1206.0</ele>
    <time>2025-11-01T08:44:33Z</time>
    <extensions>
     <power>0</power>
     <gpxtpx:TrackPointExtension>
      <gpxtpx:hr>135</gpxtpx:hr>
      <gpxtpx:cad>0</gpxtpx:cad>
     </gpxtpx:TrackPointExtension>
    </extensions>
   </trkpt>
   <trkpt lat="46.0174980" lon="9.7861770">
    <ele>1208.6</ele>
    <time>2025-11-01T08:44:43Z</time>
    <extensions>
     <power>375</power>
     <gpxtpx:TrackPointExtension>
      <gpxtpx:hr>136</gpxtpx:hr>
      <gpxtpx:cad>44</gpxtpx:cad>
     </gpxtpx:TrackPointExtension>
    </extensions>
   </trkpt>
   <trkpt lat="46.0174220" lon="9.7860990">
    <ele>1210.8</ele>
    <time>2025-11-01T08:44:53Z</time>
    <extensions>
     <power>0</power>
     <gpxtpx:TrackPointExtension>
      <gpxtpx:hr>138</gpxtpx:hr>
      <gpxtpx:cad>0</gpxtpx:cad>
     </gpxtpx:TrackPointExtension>
    </extensions>
   </trkpt>
   <trkpt lat="46.0173940" lon="9.7860690">
    <ele>1212.8</ele>
    <time>2025-11-01T08:45:03Z</time>
    <extensions>
     <power>0</power>
     <gpxtpx:TrackPointExtension>
      <gpxtpx:hr>140</gpxtpx:hr>
      <gpxtpx:cad>0</gpxtpx:cad>
     </gpxtpx:TrackPointExtension>
    </extensions>
   </trkpt>
   <trkpt lat="46.0174270" lon="9.7861280">
    <ele>1215.2</ele>
    <time>2025-11-01T08:45:13Z</time>
    <extensions>
     <power>0</power>
     <gpxtpx:TrackPointExtension>
      <gpxtpx:hr>139</gpxtpx:hr>
      <gpxtpx:cad>0</gpxtpx:cad>
     </gpxtpx:TrackPointExtension>
    </extensions>
   </trkpt>
   <trkpt lat="46.0174970" lon="9.7862060">
    <ele>1217.8</ele>
    <time>2025-11-01T08:45:23Z</time>
    <extensions>
     <power>0</power>
     <gpxtpx:TrackPointExtension>
      <gpxtpx:hr>138</gpxtpx:hr>
      <gpxtpx:cad>45</gpxtpx:cad>
     </gpxtpx:TrackPointExtension>
    </extensions>
   </trkpt>
   <trkpt lat="46.0175590" lon="9.7863240">
    <ele>1219.4</ele>
    <time>2025-11-01T08:45:33Z</time>
    <extensions>
     <power>189</power>
     <gpxtpx:TrackPointExtension>
      <gpxtpx:hr>136</gpxtpx:hr>
      <gpxtpx:cad>0</gpxtpx:cad>
     </gpxtpx:TrackPointExtension>
    </extensions>
   </trkpt>
   <trkpt lat="46.0175970" lon="9.7864420">
    <ele>1221.4</ele>
    <time>2025-11-01T08:45:43Z</time>
    <extensions>
     <power>307</power>
     <gpxtpx:TrackPointExtension>
      <gpxtpx:hr>137</gpxtpx:hr>
      <gpxtpx:cad>40</gpxtpx:cad>
     </gpxtpx:TrackPointExtension>
    </extensions>
   </trkpt>
   <trkpt lat="46.0175660" lon="9.7865410">
    <ele>1223.2</ele>
    <time>2025-11-01T08:45:53Z</time>
    <extensions>
     <power>90</power>
     <gpxtpx:TrackPointExtension>
      <gpxtpx:hr>139</gpxtpx:hr>
      <gpxtpx:cad>46</gpxtpx:cad>
     </gpxtpx:TrackPointExtension>
    </extensions>
   </trkpt>
   <trkpt lat="46.0174660" lon="9.7865220">
    <ele>1225.6</ele>
    <time>2025-11-01T08:46:03Z</time>
    <extensions>
     <power>0</power>
     <gpxtpx:TrackPointExtension>
      <gpxtpx:hr>139</gpxtpx:hr>
      <gpxtpx:cad>0</gpxtpx:cad>
     </gpxtpx:TrackPointExtension>
    </extensions>
   </trkpt>
   <trkpt lat="46.0173760" lon="9.7864770">
    <ele>1227.8</ele>
    <time>2025-11-01T08:46:13Z</time>
    <extensions>
     <power>434</power>
     <gpxtpx:TrackPointExtension>
      <gpxtpx:hr>138</gpxtpx:hr>
      <gpxtpx:cad>48</gpxtpx:cad>
     </gpxtpx:TrackPointExtension>
    </extensions>
   </trkpt>
   <trkpt lat="46.0172920" lon="9.7864080">
    <ele>1229.4</ele>
    <time>2025-11-01T08:46:23Z</time>
    <extensions>
     <power>67</power>
     <gpxtpx:TrackPointExtension>
      <gpxtpx:hr>140</gpxtpx:hr>
      <gpxtpx:cad>0</gpxtpx:cad>
     </gpxtpx:TrackPointExtension>
    </extensions>
   </trkpt>
   <trkpt lat="46.0172000" lon="9.7863220">
    <ele>1232.0</ele>
    <time>2025-11-01T08:46:33Z</time>
    <extensions>
     <power>338</power>
     <gpxtpx:TrackPointExtension>
      <gpxtpx:hr>141</gpxtpx:hr>
      <gpxtpx:cad>47</gpxtpx:cad>
     </gpxtpx:TrackPointExtension>
    </extensions>
   </trkpt>
   <trkpt lat="46.0171320" lon="9.7862330">
    <ele>1233.8</ele>
    <time>2025-11-01T08:46:43Z</time>
    <extensions>
     <power>0</power>
     <gpxtpx:TrackPointExtension>
      <gpxtpx:hr>142</gpxtpx:hr>
      <gpxtpx:cad>0</gpxtpx:cad>
     </gpxtpx:TrackPointExtension>
    </extensions>
   </trkpt>
   <trkpt lat="46.0170860" lon="9.7861950">
    <ele>1236.0</ele>
    <time>2025-11-01T08:46:53Z</time>
    <extensions>
     <power>0</power>
     <gpxtpx:TrackPointExtension>
      <gpxtpx:hr>140</gpxtpx:hr>
      <gpxtpx:cad>0</gpxtpx:cad>
     </gpxtpx:TrackPointExtension>
    </extensions>
   </trkpt>
   <trkpt lat="46.0171160" lon="9.7862690">
    <ele>1238.0</ele>
    <time>2025-11-01T08:47:03Z</time>
    <extensions>
     <power>0</power>
     <gpxtpx:TrackPointExtension>
      <gpxtpx:hr>140</gpxtpx:hr>
      <gpxtpx:cad>0</gpxtpx:cad>
     </gpxtpx:TrackPointExtension>
    </extensions>
   </trkpt>
   <trkpt lat="46.0171390" lon="9.7863470">
    <ele>1240.2</ele>
    <time>2025-11-01T08:47:13Z</time>
    <extensions>
     <power>0</power>
     <gpxtpx:TrackPointExtension>
      <gpxtpx:hr>140</gpxtpx:hr>
      <gpxtpx:cad>0</gpxtpx:cad>
     </gpxtpx:TrackPointExtension>
    </extensions>
   </trkpt>
   <trkpt lat="46.0170690" lon="9.7863390">
    <ele>1242.0</ele>
    <time>2025-11-01T08:47:23Z</time>
    <extensions>
     <power>0</power>
     <gpxtpx:TrackPointExtension>
      <gpxtpx:hr>139</gpxtpx:hr>
      <gpxtpx:cad>0</gpxtpx:cad>
     </gpxtpx:TrackPointExtension>
    </extensions>
   </trkpt>
   <trkpt lat="46.0169790" lon="9.7862900">
    <ele>1243.4</ele>
    <time>2025-11-01T08:47:33Z</time>
    <extensions>
     <power>0</power>
     <gpxtpx:TrackPointExtension>
      <gpxtpx:hr>141</gpxtpx:hr>
      <gpxtpx:cad>0</gpxtpx:cad>
     </gpxtpx:TrackPointExtension>
    </extensions>
   </trkpt>
   <trkpt lat="46.0169170" lon="9.7862060">
    <ele>1245.4</ele>
    <time>2025-11-01T08:47:43Z</time>
    <extensions>
     <power>222</power>
     <gpxtpx:TrackPointExtension>
      <gpxtpx:hr>140</gpxtpx:hr>
      <gpxtpx:cad>46</gpxtpx:cad>
     </gpxtpx:TrackPointExtension>
    </extensions>
   </trkpt>
   <trkpt lat="46.0168560" lon="9.7861590">
    <ele>1247.4</ele>
    <time>2025-11-01T08:47:53Z</time>
    <extensions>
     <power>433</power>
     <gpxtpx:TrackPointExtension>
      <gpxtpx:hr>139</gpxtpx:hr>
      <gpxtpx:cad>41</gpxtpx:cad>
     </gpxtpx:TrackPointExtension>
    </extensions>
   </trkpt>
   <trkpt lat="46.0167950" lon="9.7860770">
    <ele>1249.2</ele>
    <time>2025-11-01T08:48:03Z</time>
    <extensions>
     <power>409</power>
     <gpxtpx:TrackPointExtension>
      <gpxtpx:hr>140</gpxtpx:hr>
      <gpxtpx:cad>41</gpxtpx:cad>
     </gpxtpx:TrackPointExtension>
    </extensions>
   </trkpt>
   <trkpt lat="46.0167340" lon="9.7859790">
    <ele>1250.8</ele>
    <time>2025-11-01T08:48:13Z</time>
    <extensions>
     <power>0</power>
     <gpxtpx:TrackPointExtension>
      <gpxtpx:hr>139</gpxtpx:hr>
      <gpxtpx:cad>0</gpxtpx:cad>
     </gpxtpx:TrackPointExtension>
    </extensions>
   </trkpt>
   <trkpt lat="46.0166780" lon="9.7858700">
    <ele>1252.8</ele>
    <time>2025-11-01T08:48:23Z</time>
    <extensions>
     <power>269</power>
     <gpxtpx:TrackPointExtension>
      <gpxtpx:hr>140</gpxtpx:hr>
      <gpxtpx:cad>43</gpxtpx:cad>
     </gpxtpx:TrackPointExtension>
    </extensions>
   </trkpt>
   <trkpt lat="46.0166870" lon="9.7859000">
    <ele>1254.2</ele>
    <time>2025-11-01T08:48:33Z</time>
    <extensions>
     <power>0</power>
     <gpxtpx:TrackPointExtension>
      <gpxtpx:hr>137</gpxtpx:hr>
      <gpxtpx:cad>0</gpxtpx:cad>
     </gpxtpx:TrackPointExtension>
    </extensions>
   </trkpt>
   <trkpt lat="46.0166550" lon="9.7860200">
    <ele>1256.2</ele>
    <time>2025-11-01T08:48:43Z</time>
    <extensions>
     <power>274</power>
     <gpxtpx:TrackPointExtension>
      <gpxtpx:hr>136</gpxtpx:hr>
      <gpxtpx:cad>47</gpxtpx:cad>
     </gpxtpx:TrackPointExtension>
    </extensions>
   </trkpt>
   <trkpt lat="46.0166100" lon="9.7859490">
    <ele>1258.0</ele>
    <time>2025-11-01T08:48:53Z</time>
    <extensions>
     <power>278</power>
     <gpxtpx:TrackPointExtension>
      <gpxtpx:hr>136</gpxtpx:hr>
      <gpxtpx:cad>43</gpxtpx:cad>
     </gpxtpx:TrackPointExtension>
    </extensions>
   </trkpt>
   <trkpt lat="46.0165660" lon="9.7858850">
    <ele>1260.0</ele>
    <time>2025-11-01T08:49:03Z</time>
    <extensions>
     <power>0</power>
     <gpxtpx:TrackPointExtension>
      <gpxtpx:hr>137</gpxtpx:hr>
      <gpxtpx:cad>0</gpxtpx:cad>
     </gpxtpx:TrackPointExtension>
    </extensions>
   </trkpt>
   <trkpt lat="46.0165850" lon="9.7859520">
    <ele>1261.6</ele>
    <time>2025-11-01T08:49:12Z</time>
    <extensions>
     <power>0</power>
     <gpxtpx:TrackPointExtension>
      <gpxtpx:hr>137</gpxtpx:hr>
      <gpxtpx:cad>0</gpxtpx:cad>
     </gpxtpx:TrackPointExtension>
    </extensions>
   </trkpt>
   <trkpt lat="46.0165750" lon="9.7860840">
    <ele>1263.8</ele>
    <time>2025-11-01T08:49:22Z</time>
    <extensions>
     <power>239</power>
     <gpxtpx:TrackPointExtension>
      <gpxtpx:hr>138</gpxtpx:hr>
      <gpxtpx:cad>41</gpxtpx:cad>
     </gpxtpx:TrackPointExtension>
    </extensions>
   </trkpt>
   <trkpt lat="46.0165300" lon="9.7861240">
    <ele>1265.8</ele>
    <time>2025-11-01T08:49:32Z</time>
    <extensions>
     <power>430</power>
     <gpxtpx:TrackPointExtension>
      <gpxtpx:hr>138</gpxtpx:hr>
      <gpxtpx:cad>75</gpxtpx:cad>
     </gpxtpx:TrackPointExtension>
    </extensions>
   </trkpt>
   <trkpt lat="46.0164650" lon="9.7860480">
    <ele>1267.4</ele>
    <time>2025-11-01T08:49:42Z</time>
    <extensions>
     <power>421</power>
     <gpxtpx:TrackPointExtension>
      <gpxtpx:hr>138</gpxtpx:hr>
      <gpxtpx:cad>79</gpxtpx:cad>
     </gpxtpx:TrackPointExtension>
    </extensions>
   </trkpt>
   <trkpt lat="46.0163820" lon="9.7860050">
    <ele>1269.2</ele>
    <time>2025-11-01T08:49:52Z</time>
    <extensions>
     <power>59</power>
     <gpxtpx:TrackPointExtension>
      <gpxtpx:hr>136</gpxtpx:hr>
      <gpxtpx:cad>40</gpxtpx:cad>
     </gpxtpx:TrackPointExtension>
    </extensions>
   </trkpt>
   <trkpt lat="46.0163000" lon="9.7859530">
    <ele>1270.8</ele>
    <time>2025-11-01T08:50:02Z</time>
    <extensions>
     <power>226</power>
     <gpxtpx:TrackPointExtension>
      <gpxtpx:hr>135</gpxtpx:hr>
      <gpxtpx:cad>42</gpxtpx:cad>
     </gpxtpx:TrackPointExtension>
    </extensions>
   </trkpt>
   <trkpt lat="46.0162830" lon="9.7859580">
    <ele>1272.6</ele>
    <time>2025-11-01T08:50:12Z</time>
    <extensions>
     <power>0</power>
     <gpxtpx:TrackPointExtension>
      <gpxtpx:hr>135</gpxtpx:hr>
      <gpxtpx:cad>0</gpxtpx:cad>
     </gpxtpx:TrackPointExtension>
    </extensions>
   </trkpt>
   <trkpt lat="46.0163320" lon="9.7860520">
    <ele>1274.8</ele>
    <time>2025-11-01T08:50:22Z</time>
    <extensions>
     <power>197</power>
     <gpxtpx:TrackPointExtension>
      <gpxtpx:hr>130</gpxtpx:hr>
      <gpxtpx:cad>41</gpxtpx:cad>
     </gpxtpx:TrackPointExtension>
    </extensions>
   </trkpt>
   <trkpt lat="46.0163700" lon="9.7861740">
    <ele>1275.8</ele>
    <time>2025-11-01T08:50:32Z</time>
    <extensions>
     <power>271</power>
     <gpxtpx:TrackPointExtension>
      <gpxtpx:hr>135</gpxtpx:hr>
      <gpxtpx:cad>0</gpxtpx:cad>
     </gpxtpx:TrackPointExtension>
    </extensions>
   </trkpt>
   <trkpt lat="46.0163680" lon="9.7862730">
    <ele>1277.6</ele>
    <time>2025-11-01T08:50:42Z</time>
    <extensions>
     <power>243</power>
     <gpxtpx:TrackPointExtension>
      <gpxtpx:hr>134</gpxtpx:hr>
      <gpxtpx:cad>45</gpxtpx:cad>
     </gpxtpx:TrackPointExtension>
    </extensions>
   </trkpt>
   <trkpt lat="46.0163140" lon="9.7862140">
    <ele>1279.2</ele>
    <time>2025-11-01T08:50:52Z</time>
    <extensions>
     <power>260</power>
     <gpxtpx:TrackPointExtension>
      <gpxtpx:hr>133</gpxtpx:hr>
      <gpxtpx:cad>43</gpxtpx:cad>
     </gpxtpx:TrackPointExtension>
    </extensions>
   </trkpt>
   <trkpt lat="46.0162700" lon="9.7861840">
    <ele>1281.2</ele>
    <time>2025-11-01T08:51:02Z</time>
    <extensions>
     <power>0</power>
     <gpxtpx:TrackPointExtension>
      <gpxtpx:hr>133</gpxtpx:hr>
      <gpxtpx:cad>0</gpxtpx:cad>
     </gpxtpx:TrackPointExtension>
    </extensions>
   </trkpt>
   <trkpt lat="46.0161820" lon="9.7861400">
    <ele>1283.2</ele>
    <time>2025-11-01T08:51:12Z</time>
    <extensions>
     <power>0</power>
     <gpxtpx:TrackPointExtension>
      <gpxtpx:hr>134</gpxtpx:hr>
      <gpxtpx:cad>0</gpxtpx:cad>
     </gpxtpx:TrackPointExtension>
    </extensions>
   </trkpt>
   <trkpt lat="46.0160870" lon="9.7860880">
    <ele>1285.2</ele>
    <time>2025-11-01T08:51:22Z</time>
    <extensions>
     <power>0</power>
     <gpxtpx:TrackPointExtension>
      <gpxtpx:hr>134</gpxtpx:hr>
      <gpxtpx:cad>0</gpxtpx:cad>
     </gpxtpx:TrackPointExtension>
    </extensions>
   </trkpt>
   <trkpt lat="46.0160490" lon="9.7860410">
    <ele>1287.4</ele>
    <time>2025-11-01T08:51:32Z</time>
    <extensions>
     <power>0</power>
     <gpxtpx:TrackPointExtension>
      <gpxtpx:hr>134</gpxtpx:hr>
      <gpxtpx:cad>0</gpxtpx:cad>
     </gpxtpx:TrackPointExtension>
    </extensions>
   </trkpt>
   <trkpt lat="46.0160980" lon="9.7861040">
    <ele>1289.0</ele>
    <time>2025-11-01T08:51:42Z</time>
    <extensions>
     <power>0</power>
     <gpxtpx:TrackPointExtension>
      <gpxtpx:hr>136</gpxtpx:hr>
      <gpxtpx:cad>0</gpxtpx:cad>
     </gpxtpx:TrackPointExtension>
    </extensions>
   </trkpt>
   <trkpt lat="46.0161340" lon="9.7862300">
    <ele>1291.4</ele>
    <time>2025-11-01T08:51:52Z</time>
    <extensions>
     <power>0</power>
     <gpxtpx:TrackPointExtension>
      <gpxtpx:hr>137</gpxtpx:hr>
      <gpxtpx:cad>0</gpxtpx:cad>
     </gpxtpx:TrackPointExtension>
    </extensions>
   </trkpt>
   <trkpt lat="46.0161500" lon="9.7863340">
    <ele>1293.0</ele>
    <time>2025-11-01T08:52:02Z</time>
    <extensions>
     <power>356</power>
     <gpxtpx:TrackPointExtension>
      <gpxtpx:hr>136</gpxtpx:hr>
      <gpxtpx:cad>43</gpxtpx:cad>
     </gpxtpx:TrackPointExtension>
    </extensions>
   </trkpt>
   <trkpt lat="46.0161410" lon="9.7864010">
    <ele>1294.8</ele>
    <time>2025-11-01T08:52:12Z</time>
    <extensions>
     <power>517</power>
     <gpxtpx:TrackPointExtension>
      <gpxtpx:hr>136</gpxtpx:hr>
      <gpxtpx:cad>78</gpxtpx:cad>
     </gpxtpx:TrackPointExtension>
    </extensions>
   </trkpt>
   <trkpt lat="46.0160530" lon="9.7863430">
    <ele>1296.4</ele>
    <time>2025-11-01T08:52:22Z</time>
    <extensions>
     <power>246</power>
     <gpxtpx:TrackPointExtension>
      <gpxtpx:hr>138</gpxtpx:hr>
      <gpxtpx:cad>44</gpxtpx:cad>
     </gpxtpx:TrackPointExtension>
    </extensions>
   </trkpt>
   <trkpt lat="46.0159680" lon="9.7862930">
    <ele>1298.6</ele>
    <time>2025-11-01T08:52:32Z</time>
    <extensions>
     <power>328</power>
     <gpxtpx:TrackPointExtension>
      <gpxtpx:hr>138</gpxtpx:hr>
      <gpxtpx:cad>44</gpxtpx:cad>
     </gpxtpx:TrackPointExtension>
    </extensions>
   </trkpt>
   <trkpt lat="46.0158830" lon="9.7862300">
    <ele>1300.4</ele>
    <time>2025-11-01T08:52:42Z</time>
    <extensions>
     <power>320</power>
     <gpxtpx:TrackPointExtension>
      <gpxtpx:hr>138</gpxtpx:hr>
      <gpxtpx:cad>44</gpxtpx:cad>
     </gpxtpx:TrackPointExtension>
    </extensions>
   </trkpt>
   <trkpt lat="46.0158380" lon="9.7861980">
    <ele>1302.2</ele>
    <time>2025-11-01T08:52:52Z</time>
    <extensions>
     <power>285</power>
     <gpxtpx:TrackPointExtension>
      <gpxtpx:hr>138</gpxtpx:hr>
      <gpxtpx:cad>46</gpxtpx:cad>
     </gpxtpx:TrackPointExtension>
    </extensions>
   </trkpt>
   <trkpt lat="46.0158880" lon="9.7862660">
    <ele>1304.4</ele>
    <time>2025-11-01T08:53:02Z</time>
    <extensions>
     <power>230</power>
     <gpxtpx:TrackPointExtension>
      <gpxtpx:hr>138</gpxtpx:hr>
      <gpxtpx:cad>43</gpxtpx:cad>
     </gpxtpx:TrackPointExtension>
    </extensions>
   </trkpt>
   <trkpt lat="46.0159460" lon="9.7864050">
    <ele>1306.2</ele>
    <time>2025-11-01T08:53:12Z</time>
    <extensions>
     <power>211</power>
     <gpxtpx:TrackPointExtension>
      <gpxtpx:hr>138</gpxtpx:hr>
      <gpxtpx:cad>43</gpxtpx:cad>
     </gpxtpx:TrackPointExtension>
    </extensions>
   </trkpt>
   <trkpt lat="46.0159860" lon="9.7865210">
    <ele>1308.2</ele>
    <time>2025-11-01T08:53:22Z</time>
    <extensions>
     <power>206</power>
     <gpxtpx:TrackPointExtension>
      <gpxtpx:hr>137</gpxtpx:hr>
      <gpxtpx:cad>44</gpxtpx:cad>
     </gpxtpx:TrackPointExtension>
    </extensions>
   </trkpt>
   <trkpt lat="46.0159360" lon="9.7866010">
    <ele>1309.6</ele>
    <time>2025-11-01T08:53:32Z</time>
    <extensions>
     <power>47</power>
     <gpxtpx:TrackPointExtension>
      <gpxtpx:hr>136</gpxtpx:hr>
      <gpxtpx:cad>44</gpxtpx:cad>
     </gpxtpx:TrackPointExtension>
    </extensions>
   </trkpt>
   <trkpt lat="46.0158370" lon="9.7865370">
    <ele>1312.4</ele>
    <time>2025-11-01T08:53:42Z</time>
    <extensions>
     <power>206</power>
     <gpxtpx:TrackPointExtension>
      <gpxtpx:hr>138</gpxtpx:hr>
      <gpxtpx:cad>44</gpxtpx:cad>
     </gpxtpx:TrackPointExtension>
    </extensions>
   </trkpt>
   <trkpt lat="46.0157740" lon="9.7864910">
    <ele>1313.6</ele>
    <time>2025-11-01T08:53:52Z</time>
    <extensions>
     <power>258</power>
     <gpxtpx:TrackPointExtension>
      <gpxtpx:hr>140</gpxtpx:hr>
      <gpxtpx:cad>47</gpxtpx:cad>
     </gpxtpx:TrackPointExtension>
    </extensions>
   </trkpt>
   <trkpt lat="46.0157100" lon="9.7864620">
    <ele>1315.8</ele>
    <time>2025-11-01T08:54:02Z</time>
    <extensions>
     <power>268</power>
     <gpxtpx:TrackPointExtension>
      <gpxtpx:hr>140</gpxtpx:hr>
      <gpxtpx:cad>45</gpxtpx:cad>
     </gpxtpx:TrackPointExtension>
    </extensions>
   </trkpt>
   <trkpt lat="46.0157550" lon="9.7865080">
    <ele>1318.0</ele>
    <time>2025-11-01T08:54:12Z</time>
    <extensions>
     <power>0</power>
     <gpxtpx:TrackPointExtension>
      <gpxtpx:hr>139</gpxtpx:hr>
      <gpxtpx:cad>0</gpxtpx:cad>
     </gpxtpx:TrackPointExtension>
    </extensions>
   </trkpt>
   <trkpt lat="46.0158020" lon="9.7866500">
    <ele>1320.2</ele>
    <time>2025-11-01T08:54:22Z</time>
    <extensions>
     <power>0</power>
     <gpxtpx:TrackPointExtension>
      <gpxtpx:hr>140</gpxtpx:hr>
      <gpxtpx:cad>0</gpxtpx:cad>
     </gpxtpx:TrackPointExtension>
    </extensions>
   </trkpt>
   <trkpt lat="46.0157850" lon="9.7867240">
    <ele>1321.6</ele>
    <time>2025-11-01T08:54:32Z</time>
    <extensions>
     <power>273</power>
     <gpxtpx:TrackPointExtension>
      <gpxtpx:hr>139</gpxtpx:hr>
      <gpxtpx:cad>40</gpxtpx:cad>
     </gpxtpx:TrackPointExtension>
    </extensions>
   </trkpt>
   <trkpt lat="46.0157320" lon="9.7866980">
    <ele>1323.2</ele>
    <time>2025-11-01T08:54:41Z</time>
    <extensions>
     <power>0</power>
     <gpxtpx:TrackPointExtension>
      <gpxtpx:hr>139</gpxtpx:hr>
      <gpxtpx:cad>0</gpxtpx:cad>
     </gpxtpx:TrackPointExtension>
    </extensions>
   </trkpt>
   <trkpt lat="46.0156610" lon="9.7866720">
    <ele>1325.0</ele>
    <time>2025-11-01T08:54:51Z</time>
    <extensions>
     <power>0</power>
     <gpxtpx:TrackPointExtension>
      <gpxtpx:hr>140</gpxtpx:hr>
      <gpxtpx:cad>0</gpxtpx:cad>
     </gpxtpx:TrackPointExtension>
    </extensions>
   </trkpt>
   <trkpt lat="46.0155650" lon="9.7866340">
    <ele>1326.4</ele>
    <time>2025-11-01T08:55:01Z</time>
    <extensions>
     <power>0</power>
     <gpxtpx:TrackPointExtension>
      <gpxtpx:hr>136</gpxtpx:hr>
      <gpxtpx:cad>0</gpxtpx:cad>
     </gpxtpx:TrackPointExtension>
    </extensions>
   </trkpt>
   <trkpt lat="46.0154870" lon="9.7865660">
    <ele>1328.6</ele>
    <time>2025-11-01T08:55:11Z</time>
    <extensions>
     <power>310</power>
     <gpxtpx:TrackPointExtension>
      <gpxtpx:hr>138</gpxtpx:hr>
      <gpxtpx:cad>43</gpxtpx:cad>
     </gpxtpx:TrackPointExtension>
    </extensions>
   </trkpt>
   <trkpt lat="46.0154490" lon="9.7864760">
    <ele>1330.0</ele>
    <time>2025-11-01T08:55:21Z</time>
    <extensions>
     <power>392</power>
     <gpxtpx:TrackPointExtension>
      <gpxtpx:hr>138</gpxtpx:hr>
      <gpxtpx:cad>43</gpxtpx:cad>
     </gpxtpx:TrackPointExtension>
    </extensions>
   </trkpt>
   <trkpt lat="46.0154490" lon="9.7865170">
    <ele>1332.4</ele>
    <time>2025-11-01T08:55:31Z</time>
    <extensions>
     <power>0</power>
     <gpxtpx:TrackPointExtension>
      <gpxtpx:hr>139</gpxtpx:hr>
      <gpxtpx:cad>0</gpxtpx:cad>
     </gpxtpx:TrackPointExtension>
    </extensions>
   </trkpt>
   <trkpt lat="46.0154560" lon="9.7866050">
    <ele>1333.6</ele>
    <time>2025-11-01T08:55:41Z</time>
    <extensions>
     <power>162</power>
     <gpxtpx:TrackPointExtension>
      <gpxtpx:hr>138</gpxtpx:hr>
      <gpxtpx:cad>40</gpxtpx:cad>
     </gpxtpx:TrackPointExtension>
    </extensions>
   </trkpt>
   <trkpt lat="46.0154970" lon="9.7867170">
    <ele>1335.6</ele>
    <time>2025-11-01T08:55:51Z</time>
    <extensions>
     <power>117</power>
     <gpxtpx:TrackPointExtension>
      <gpxtpx:hr>138</gpxtpx:hr>
      <gpxtpx:cad>73</gpxtpx:cad>
     </gpxtpx:TrackPointExtension>
    </extensions>
   </trkpt>
   <trkpt lat="46.0155440" lon="9.7868180">
    <ele>1337.6</ele>
    <time>2025-11-01T08:56:01Z</time>
    <extensions>
     <power>286</power>
     <gpxtpx:TrackPointExtension>
      <gpxtpx:hr>137</gpxtpx:hr>
      <gpxtpx:cad>42</gpxtpx:cad>
     </gpxtpx:TrackPointExtension>
    </extensions>
   </trkpt>
   <trkpt lat="46.0155270" lon="9.7869040">
    <ele>1339.8</ele>
    <time>2025-11-01T08:56:11Z</time>
    <extensions>
     <power>293</power>
     <gpxtpx:TrackPointExtension>
      <gpxtpx:hr>138</gpxtpx:hr>
      <gpxtpx:cad>40</gpxtpx:cad>
     </gpxtpx:TrackPointExtension>
    </extensions>
   </trkpt>
   <trkpt lat="46.0154360" lon="9.7868650">
    <ele>1341.8</ele>
    <time>2025-11-01T08:56:21Z</time>
    <extensions>
     <power>0</power>
     <gpxtpx:TrackPointExtension>
      <gpxtpx:hr>138</gpxtpx:hr>
      <gpxtpx:cad>0</gpxtpx:cad>
     </gpxtpx:TrackPointExtension>
    </extensions>
   </trkpt>
   <trkpt lat="46.0153250" lon="9.7868310">
    <ele>1344.0</ele>
    <time>2025-11-01T08:56:31Z</time>
    <extensions>
     <power>282</power>
     <gpxtpx:TrackPointExtension>
      <gpxtpx:hr>141</gpxtpx:hr>
      <gpxtpx:cad>42</gpxtpx:cad>
     </gpxtpx:TrackPointExtension>
    </extensions>
   </trkpt>
   <trkpt lat="46.0152490" lon="9.7867860">
    <ele>1346.0</ele>
    <time>2025-11-01T08:56:41Z</time>
    <extensions>
     <power>247</power>
     <gpxtpx:TrackPointExtension>
      <gpxtpx:hr>142</gpxtpx:hr>
      <gpxtpx:cad>43</gpxtpx:cad>
     </gpxtpx:TrackPointExtension>
    </extensions>
   </trkpt>
   <trkpt lat="46.0152010" lon="9.7866730">
    <ele>1347.4</ele>
    <time>2025-11-01T08:56:51Z</time>
    <extensions>
     <power>0</power>
     <gpxtpx:TrackPointExtension>
      <gpxtpx:hr>143</gpxtpx:hr>
      <gpxtpx:cad>0</gpxtpx:cad>
     </gpxtpx:TrackPointExtension>
    </extensions>
   </trkpt>
   <trkpt lat="46.0151810" lon="9.7865810">
    <ele>1350.2</ele>
    <time>2025-11-01T08:57:01Z</time>
    <extensions>
     <power>0</power>
     <gpxtpx:TrackPointExtension>
      <gpxtpx:hr>143</gpxtpx:hr>
      <gpxtpx:cad>0</gpxtpx:cad>
     </gpxtpx:TrackPointExtension>
    </extensions>
   </trkpt>
   <trkpt lat="46.0151300" lon="9.7864470">
    <ele>1351.6</ele>
    <time>2025-11-01T08:57:11Z</time>
    <extensions>
     <power>236</power>
     <gpxtpx:TrackPointExtension>
      <gpxtpx:hr>143</gpxtpx:hr>
      <gpxtpx:cad>0</gpxtpx:cad>
     </gpxtpx:TrackPointExtension>
    </extensions>
   </trkpt>
   <trkpt lat="46.0150870" lon="9.7863140">
    <ele>1352.8</ele>
    <time>2025-11-01T08:57:21Z</time>
    <extensions>
     <power>299</power>
     <gpxtpx:TrackPointExtension>
      <gpxtpx:hr>147</gpxtpx:hr>
      <gpxtpx:cad>48</gpxtpx:cad>
     </gpxtpx:TrackPointExtension>
    </extensions>
   </trkpt>
   <trkpt lat="46.0150330" lon="9.7862370">
    <ele>1354.2</ele>
    <time>2025-11-01T08:57:31Z</time>
    <extensions>
     <power>0</power>
     <gpxtpx:TrackPointExtension>
      <gpxtpx:hr>142</gpxtpx:hr>
      <gpxtpx:cad>0</gpxtpx:cad>
     </gpxtpx:TrackPointExtension>
    </extensions>
   </trkpt>
   <trkpt lat="46.0149830" lon="9.7862030">
    <ele>1355.8</ele>
    <time>2025-11-01T08:57:41Z</time>
    <extensions>
     <power>0</power>
     <gpxtpx:TrackPointExtension>
      <gpxtpx:hr>141</gpxtpx:hr>
      <gpxtpx:cad>0</gpxtpx:cad>
     </gpxtpx:TrackPointExtension>
    </extensions>
   </trkpt>
   <trkpt lat="46.0148870" lon="9.7861480">
    <ele>1357.4</ele>
    <time>2025-11-01T08:57:51Z</time>
    <extensions>
     <power>0</power>
     <gpxtpx:TrackPointExtension>
      <gpxtpx:hr>139</gpxtpx:hr>
      <gpxtpx:cad>0</gpxtpx:cad>
     </gpxtpx:TrackPointExtension>
    </extensions>
   </trkpt>
   <trkpt lat="46.0148040" lon="9.7861040">
    <ele>1358.8</ele>
    <time>2025-11-01T08:58:01Z</time>
    <extensions>
     <power>0</power>
     <gpxtpx:TrackPointExtension>
      <gpxtpx:hr>138</gpxtpx:hr>
      <gpxtpx:cad>0</gpxtpx:cad>
     </gpxtpx:TrackPointExtension>
    </extensions>
   </trkpt>
   <trkpt lat="46.0147310" lon="9.7860010">
    <ele>1359.4</ele>
    <time>2025-11-01T08:58:11Z</time>
    <extensions>
     <power>0</power>
     <gpxtpx:TrackPointExtension>
      <gpxtpx:hr>138</gpxtpx:hr>
      <gpxtpx:cad>0</gpxtpx:cad>
     </gpxtpx:TrackPointExtension>
    </extensions>
   </trkpt>
   <trkpt lat="46.0146760" lon="9.7858650">
    <ele>1361.2</ele>
    <time>2025-11-01T08:58:21Z</time>
    <extensions>
     <power>0</power>
     <gpxtpx:TrackPointExtension>
      <gpxtpx:hr>138</gpxtpx:hr>
      <gpxtpx:cad>0</gpxtpx:cad>
     </gpxtpx:TrackPointExtension>
    </extensions>
   </trkpt>
   <trkpt lat="46.0146370" lon="9.7857530">
    <ele>1363.0</ele>
    <time>2025-11-01T08:58:31Z</time>
    <extensions>
     <power>0</power>
     <gpxtpx:TrackPointExtension>
      <gpxtpx:hr>136</gpxtpx:hr>
      <gpxtpx:cad>0</gpxtpx:cad>
     </gpxtpx:TrackPointExtension>
    </extensions>
   </trkpt>
   <trkpt lat="46.0146290" lon="9.7856240">
    <ele>1365.0</ele>
    <time>2025-11-01T08:58:41Z</time>
    <extensions>
     <power>374</power>
     <gpxtpx:TrackPointExtension>
      <gpxtpx:hr>136</gpxtpx:hr>
      <gpxtpx:cad>43</gpxtpx:cad>
     </gpxtpx:TrackPointExtension>
    </extensions>
   </trkpt>
   <trkpt lat="46.0146080" lon="9.7854900">
    <ele>1366.0</ele>
    <time>2025-11-01T08:58:51Z</time>
    <extensions>
     <power>414</power>
     <gpxtpx:TrackPointExtension>
      <gpxtpx:hr>135</gpxtpx:hr>
      <gpxtpx:cad>49</gpxtpx:cad>
     </gpxtpx:TrackPointExtension>
    </extensions>
   </trkpt>
   <trkpt lat="46.0146140" lon="9.7853150">
    <ele>1367.2</ele>
    <time>2025-11-01T08:59:01Z</time>
    <extensions>
     <power>0</power>
     <gpxtpx:TrackPointExtension>
      <gpxtpx:hr>136</gpxtpx:hr>
      <gpxtpx:cad>0</gpxtpx:cad>
     </gpxtpx:TrackPointExtension>
    </extensions>
   </trkpt>
   <trkpt lat="46.0146580" lon="9.7851760">
    <ele>1368.4</ele>
    <time>2025-11-01T08:59:11Z</time>
    <extensions>
     <power>290</power>
     <gpxtpx:TrackPointExtension>
      <gpxtpx:hr>139</gpxtpx:hr>
      <gpxtpx:cad>51</gpxtpx:cad>
     </gpxtpx:TrackPointExtension>
    </extensions>
   </trkpt>
   <trkpt lat="46.0146570" lon="9.7850400">
    <ele>1369.4</ele>
    <time>2025-11-01T08:59:21Z</time>
    <extensions>
     <power>223</power>
     <gpxtpx:TrackPointExtension>
      <gpxtpx:hr>133</gpxtpx:hr>
      <gpxtpx:cad>42</gpxtpx:cad>
     </gpxtpx:TrackPointExtension>
    </extensions>
   </trkpt>
   <trkpt lat="46.0146590" lon="9.7848960">
    <ele>1371.0</ele>
    <time>2025-11-01T08:59:31Z</time>
    <extensions>
     <power>0</power>
     <gpxtpx:TrackPointExtension>
      <gpxtpx:hr>133</gpxtpx:hr>
      <gpxtpx:cad>0</gpxtpx:cad>
     </gpxtpx:TrackPointExtension>
    </extensions>
   </trkpt>
   <trkpt lat="46.0147220" lon="9.7848110">
    <ele>1372.0</ele>
    <time>2025-11-01T08:59:41Z</time>
    <extensions>
     <power>205</power>
     <gpxtpx:TrackPointExtension>
      <gpxtpx:hr>134</gpxtpx:hr>
      <gpxtpx:cad>46</gpxtpx:cad>
     </gpxtpx:TrackPointExtension>
    </extensions>
   </trkpt>
   <trkpt lat="46.0147240" lon="9.7846680">
    <ele>1373.4</ele>
    <time>2025-11-01T08:59:51Z</time>
    <extensions>
     <power>0</power>
     <gpxtpx:TrackPointExtension>
      <gpxtpx:hr>134</gpxtpx:hr>
      <gpxtpx:cad>0</gpxtpx:cad>
     </gpxtpx:TrackPointExtension>
    </extensions>
   </trkpt>
   <trkpt lat="46.0147640" lon="9.7845290">
    <ele>1373.0</ele>
    <time>2025-11-01T09:00:00Z</time>
    <extensions>
     <power>0</power>
     <gpxtpx:TrackPointExtension>
      <gpxtpx:hr>131</gpxtpx:hr>
      <gpxtpx:cad>0</gpxtpx:cad>
     </gpxtpx:TrackPointExtension>
    </extensions>
   </trkpt>
   <trkpt lat="46.0148140" lon="9.7844130">
    <ele>1375.0</ele>
    <time>2025-11-01T09:00:10Z</time>
    <extensions>
     <power>357</power>
     <gpxtpx:TrackPointExtension>
      <gpxtpx:hr>131</gpxtpx:hr>
      <gpxtpx:cad>79</gpxtpx:cad>
     </gpxtpx:TrackPointExtension>
    </extensions>
   </trkpt>
   <trkpt lat="46.0148140" lon="9.7843910">
    <ele>1376.2</ele>
    <time>2025-11-01T09:00:20Z</time>
    <extensions>
     <power>0</power>
     <gpxtpx:TrackPointExtension>
      <gpxtpx:hr>131</gpxtpx:hr>
      <gpxtpx:cad>0</gpxtpx:cad>
     </gpxtpx:TrackPointExtension>
    </extensions>
   </trkpt>
   <trkpt lat="46.0148350" lon="9.7842340">
    <ele>1377.8</ele>
    <time>2025-11-01T09:00:30Z</time>
    <extensions>
     <power>191</power>
     <gpxtpx:TrackPointExtension>
      <gpxtpx:hr>131</gpxtpx:hr>
      <gpxtpx:cad>48</gpxtpx:cad>
     </gpxtpx:TrackPointExtension>
    </extensions>
   </trkpt>
   <trkpt lat="46.0148370" lon="9.7841010">
    <ele>1379.4</ele>
    <time>2025-11-01T09:00:40Z</time>
    <extensions>
     <power>0</power>
     <gpxtpx:TrackPointExtension>
      <gpxtpx:hr>130</gpxtpx:hr>
      <gpxtpx:cad>0</gpxtpx:cad>
     </gpxtpx:TrackPointExtension>
    </extensions>
   </trkpt>
   <trkpt lat="46.0148060" lon="9.7840800">
    <ele>1381.4</ele>
    <time>2025-11-01T09:00:50Z</time>
    <extensions>
     <power>0</power>
     <gpxtpx:TrackPointExtension>
      <gpxtpx:hr>131</gpxtpx:hr>
      <gpxtpx:cad>0</gpxtpx:cad>
     </gpxtpx:TrackPointExtension>
    </extensions>
   </trkpt>
   <trkpt lat="46.0147440" lon="9.7841330">
    <ele>1383.2</ele>
    <time>2025-11-01T09:01:00Z</time>
    <extensions>
     <power>0</power>
     <gpxtpx:TrackPointExtension>
      <gpxtpx:hr>134</gpxtpx:hr>
      <gpxtpx:cad>0</gpxtpx:cad>
     </gpxtpx:TrackPointExtension>
    </extensions>
   </trkpt>
   <trkpt lat="46.0146940" lon="9.7841910">
    <ele>1384.8</ele>
    <time>2025-11-01T09:01:10Z</time>
    <extensions>
     <power>0</power>
     <gpxtpx:TrackPointExtension>
      <gpxtpx:hr>138</gpxtpx:hr>
      <gpxtpx:cad>0</gpxtpx:cad>
     </gpxtpx:TrackPointExtension>
    </extensions>
   </trkpt>
   <trkpt lat="46.0146160" lon="9.7841300">
    <ele>1386.6</ele>
    <time>2025-11-01T09:01:20Z</time>
    <extensions>
     <power>0</power>
     <gpxtpx:TrackPointExtension>
      <gpxtpx:hr>139</gpxtpx:hr>
      <gpxtpx:cad>0</gpxtpx:cad>
     </gpxtpx:TrackPointExtension>
    </extensions>
   </trkpt>
   <trkpt lat="46.0146350" lon="9.7840450">
    <ele>1388.2</ele>
    <time>2025-11-01T09:01:30Z</time>
    <extensions>
     <power>0</power>
     <gpxtpx:TrackPointExtension>
      <gpxtpx:hr>139</gpxtpx:hr>
      <gpxtpx:cad>0</gpxtpx:cad>
     </gpxtpx:TrackPointExtension>
    </extensions>
   </trkpt>
   <trkpt lat="46.0146920" lon="9.7838590">
    <ele>1389.6</ele>
    <time>2025-11-01T09:01:40Z</time>
    <extensions>
     <power>288</power>
     <gpxtpx:TrackPointExtension>
      <gpxtpx:hr>141</gpxtpx:hr>
      <gpxtpx:cad>15</gpxtpx:cad>
     </gpxtpx:TrackPointExtension>
    </extensions>
   </trkpt>
   <trkpt lat="46.0147610" lon="9.7837700">
    <ele>1391.0</ele>
    <time>2025-11-01T09:01:50Z</time>
    <extensions>
     <power>0</power>
     <gpxtpx:TrackPointExtension>
      <gpxtpx:hr>141</gpxtpx:hr>
      <gpxtpx:cad>0</gpxtpx:cad>
     </gpxtpx:TrackPointExtension>
    </extensions>
   </trkpt>
   <trkpt lat="46.0147310" lon="9.7837590">
    <ele>1392.6</ele>
    <time>2025-11-01T09:02:00Z</time>
    <extensions>
     <power>271</power>
     <gpxtpx:TrackPointExtension>
      <gpxtpx:hr>140</gpxtpx:hr>
      <gpxtpx:cad>60</gpxtpx:cad>
     </gpxtpx:TrackPointExtension>
    </extensions>
   </trkpt>
   <trkpt lat="46.0146380" lon="9.7837200">
    <ele>1395.2</ele>
    <time>2025-11-01T09:02:10Z</time>
    <extensions>
     <power>376</power>
     <gpxtpx:TrackPointExtension>
      <gpxtpx:hr>140</gpxtpx:hr>
      <gpxtpx:cad>0</gpxtpx:cad>
     </gpxtpx:TrackPointExtension>
    </extensions>
   </trkpt>
   <trkpt lat="46.0145830" lon="9.7837280">
    <ele>1396.4</ele>
    <time>2025-11-01T09:02:20Z</time>
    <extensions>
     <power>259</power>
     <gpxtpx:TrackPointExtension>
      <gpxtpx:hr>141</gpxtpx:hr>
      <gpxtpx:cad>52</gpxtpx:cad>
     </gpxtpx:TrackPointExtension>
    </extensions>
   </trkpt>
   <trkpt lat="46.0145220" lon="9.7838290">
    <ele>1397.8</ele>
    <time>2025-11-01T09:02:30Z</time>
    <extensions>
     <power>0</power>
     <gpxtpx:TrackPointExtension>
      <gpxtpx:hr>142</gpxtpx:hr>
      <gpxtpx:cad>0</gpxtpx:cad>
     </gpxtpx:TrackPointExtension>
    </extensions>
   </trkpt>
   <trkpt lat="46.0144550" lon="9.7837390">
    <ele>1399.2</ele>
    <time>2025-11-01T09:02:40Z</time>
    <extensions>
     <power>0</power>
     <gpxtpx:TrackPointExtension>
      <gpxtpx:hr>140</gpxtpx:hr>
      <gpxtpx:cad>0</gpxtpx:cad>
     </gpxtpx:TrackPointExtension>
    </extensions>
   </trkpt>
   <trkpt lat="46.0144420" lon="9.7835910">
    <ele>1400.8</ele>
    <time>2025-11-01T09:02:50Z</time>
    <extensions>
     <power>0</power>
     <gpxtpx:TrackPointExtension>
      <gpxtpx:hr>142</gpxtpx:hr>
      <gpxtpx:cad>0</gpxtpx:cad>
     </gpxtpx:TrackPointExtension>
    </extensions>
   </trkpt>
   <trkpt lat="46.0144370" lon="9.7835670">
    <ele>1402.6</ele>
    <time>2025-11-01T09:03:00Z</time>
    <extensions>
     <power>0</power>
     <gpxtpx:TrackPointExtension>
      <gpxtpx:hr>141</gpxtpx:hr>
      <gpxtpx:cad>0</gpxtpx:cad>
     </gpxtpx:TrackPointExtension>
    </extensions>
   </trkpt>
   <trkpt lat="46.0143840" lon="9.7836470">
    <ele>1403.8</ele>
    <time>2025-11-01T09:03:10Z</time>
    <extensions>
     <power>0</power>
     <gpxtpx:TrackPointExtension>
      <gpxtpx:hr>141</gpxtpx:hr>
      <gpxtpx:cad>0</gpxtpx:cad>
     </gpxtpx:TrackPointExtension>
    </extensions>
   </trkpt>
   <trkpt lat="46.0143400" lon="9.7835720">
    <ele>1405.8</ele>
    <time>2025-11-01T09:03:20Z</time>
    <extensions>
     <power>0</power>
     <gpxtpx:TrackPointExtension>
      <gpxtpx:hr>141</gpxtpx:hr>
      <gpxtpx:cad>0</gpxtpx:cad>
     </gpxtpx:TrackPointExtension>
    </extensions>
   </trkpt>
   <trkpt lat="46.0143410" lon="9.7834780">
    <ele>1407.6</ele>
    <time>2025-11-01T09:03:30Z</time>
    <extensions>
     <power>0</power>
     <gpxtpx:TrackPointExtension>
      <gpxtpx:hr>139</gpxtpx:hr>
      <gpxtpx:cad>0</gpxtpx:cad>
     </gpxtpx:TrackPointExtension>
    </extensions>
   </trkpt>
   <trkpt lat="46.0143480" lon="9.7833320">
    <ele>1409.2</ele>
    <time>2025-11-01T09:03:40Z</time>
    <extensions>
     <power>0</power>
     <gpxtpx:TrackPointExtension>
      <gpxtpx:hr>140</gpxtpx:hr>
      <gpxtpx:cad>0</gpxtpx:cad>
     </gpxtpx:TrackPointExtension>
    </extensions>
   </trkpt>
   <trkpt lat="46.0143390" lon="9.7832360">
    <ele>1410.8</ele>
    <time>2025-11-01T09:03:50Z</time>
    <extensions>
     <power>0</power>
     <gpxtpx:TrackPointExtension>
      <gpxtpx:hr>140</gpxtpx:hr>
      <gpxtpx:cad>0</gpxtpx:cad>
     </gpxtpx:TrackPointExtension>
    </extensions>
   </trkpt>
   <trkpt lat="46.0143140" lon="9.7832720">
    <ele>1411.8</ele>
    <time>2025-11-01T09:04:00Z</time>
    <extensions>
     <power>0</power>
     <gpxtpx:TrackPointExtension>
      <gpxtpx:hr>141</gpxtpx:hr>
      <gpxtpx:cad>0</gpxtpx:cad>
     </gpxtpx:TrackPointExtension>
    </extensions>
   </trkpt>
   <trkpt lat="46.0142440" lon="9.7833650">
    <ele>1413.8</ele>
    <time>2025-11-01T09:04:10Z</time>
    <extensions>
     <power>459</power>
     <gpxtpx:TrackPointExtension>
      <gpxtpx:hr>139</gpxtpx:hr>
      <gpxtpx:cad>75</gpxtpx:cad>
     </gpxtpx:TrackPointExtension>
    </extensions>
   </trkpt>
   <trkpt lat="46.0141660" lon="9.7834580">
    <ele>1415.0</ele>
    <time>2025-11-01T09:04:20Z</time>
    <extensions>
     <power>0</power>
     <gpxtpx:TrackPointExtension>
      <gpxtpx:hr>140</gpxtpx:hr>
      <gpxtpx:cad>0</gpxtpx:cad>
     </gpxtpx:TrackPointExtension>
    </extensions>
   </trkpt>
   <trkpt lat="46.0140610" lon="9.7834060">
    <ele>1416.8</ele>
    <time>2025-11-01T09:04:30Z</time>
    <extensions>
     <power>0</power>
     <gpxtpx:TrackPointExtension>
      <gpxtpx:hr>140</gpxtpx:hr>
      <gpxtpx:cad>0</gpxtpx:cad>
     </gpxtpx:TrackPointExtension>
    </extensions>
   </trkpt>
   <trkpt lat="46.0140440" lon="9.7832730">
    <ele>1418.6</ele>
    <time>2025-11-01T09:04:40Z</time>
    <extensions>
     <power>0</power>
     <gpxtpx:TrackPointExtension>
      <gpxtpx:hr>141</gpxtpx:hr>
      <gpxtpx:cad>0</gpxtpx:cad>
     </gpxtpx:TrackPointExtension>
    </extensions>
   </trkpt>
   <trkpt lat="46.0140840" lon="9.7831450">
    <ele>1419.8</ele>
    <time>2025-11-01T09:04:50Z</time>
    <extensions>
     <power>0</power>
     <gpxtpx:TrackPointExtension>
      <gpxtpx:hr>142</gpxtpx:hr>
      <gpxtpx:cad>0</gpxtpx:cad>
     </gpxtpx:TrackPointExtension>
    </extensions>
   </trkpt>
   <trkpt lat="46.0140390" lon="9.7830810">
    <ele>1421.4</ele>
    <time>2025-11-01T09:05:00Z</time>
    <extensions>
     <power>0</power>
     <gpxtpx:TrackPointExtension>
      <gpxtpx:hr>141</gpxtpx:hr>
      <gpxtpx:cad>0</gpxtpx:cad>
     </gpxtpx:TrackPointExtension>
    </extensions>
   </trkpt>
   <trkpt lat="46.0139690" lon="9.7831210">
    <ele>1423.0</ele>
    <time>2025-11-01T09:05:10Z</time>
    <extensions>
     <power>0</power>
     <gpxtpx:TrackPointExtension>
      <gpxtpx:hr>139</gpxtpx:hr>
      <gpxtpx:cad>0</gpxtpx:cad>
     </gpxtpx:TrackPointExtension>
    </extensions>
   </trkpt>
   <trkpt lat="46.0138710" lon="9.7830410">
    <ele>1424.2</ele>
    <time>2025-11-01T09:05:19Z</time>
    <extensions>
     <power>410</power>
     <gpxtpx:TrackPointExtension>
      <gpxtpx:hr>139</gpxtpx:hr>
      <gpxtpx:cad>47</gpxtpx:cad>
     </gpxtpx:TrackPointExtension>
    </extensions>
   </trkpt>
   <trkpt lat="46.0138550" lon="9.7828860">
    <ele>1425.6</ele>
    <time>2025-11-01T09:05:29Z</time>
    <extensions>
     <power>0</power>
     <gpxtpx:TrackPointExtension>
      <gpxtpx:hr>139</gpxtpx:hr>
      <gpxtpx:cad>0</gpxtpx:cad>
     </gpxtpx:TrackPointExtension>
    </extensions>
   </trkpt>
   <trkpt lat="46.0138180" lon="9.7828730">
    <ele>1427.0</ele>
    <time>2025-11-01T09:05:39Z</time>
    <extensions>
     <power>0</power>
     <gpxtpx:TrackPointExtension>
      <gpxtpx:hr>138</gpxtpx:hr>
      <gpxtpx:cad>0</gpxtpx:cad>
     </gpxtpx:TrackPointExtension>
    </extensions>
   </trkpt>
   <trkpt lat="46.0137630" lon="9.7829190">
    <ele>1428.8</ele>
    <time>2025-11-01T09:05:49Z</time>
    <extensions>
     <power>0</power>
     <gpxtpx:TrackPointExtension>
      <gpxtpx:hr>136</gpxtpx:hr>
      <gpxtpx:cad>0</gpxtpx:cad>
     </gpxtpx:TrackPointExtension>
    </extensions>
   </trkpt>
   <trkpt lat="46.0137610" lon="9.7827510">
    <ele>1430.4</ele>
    <time>2025-11-01T09:05:59Z</time>
    <extensions>
     <power>0</power>
     <gpxtpx:TrackPointExtension>
      <gpxtpx:hr>138</gpxtpx:hr>
      <gpxtpx:cad>0</gpxtpx:cad>
     </gpxtpx:TrackPointExtension>
    </extensions>
   </trkpt>
   <trkpt lat="46.0137560" lon="9.7826410">
    <ele>1432.0</ele>
    <time>2025-11-01T09:06:09Z</time>
    <extensions>
     <power>382</power>
     <gpxtpx:TrackPointExtension>
      <gpxtpx:hr>140</gpxtpx:hr>
      <gpxtpx:cad>41</gpxtpx:cad>
     </gpxtpx:TrackPointExtension>
    </extensions>
   </trkpt>
   <trkpt lat="46.0136980" lon="9.7825850">
    <ele>1433.6</ele>
    <time>2025-11-01T09:06:19Z</time>
    <extensions>
     <power>370</power>
     <gpxtpx:TrackPointExtension>
      <gpxtpx:hr>140</gpxtpx:hr>
      <gpxtpx:cad>49</gpxtpx:cad>
     </gpxtpx:TrackPointExtension>
    </extensions>
   </trkpt>
   <trkpt lat="46.0136440" lon="9.7825160">
    <ele>1434.8</ele>
    <time>2025-11-01T09:06:29Z</time>
    <extensions>
     <power>0</power>
     <gpxtpx:TrackPointExtension>
      <gpxtpx:hr>138</gpxtpx:hr>
      <gpxtpx:cad>0</gpxtpx:cad>
     </gpxtpx:TrackPointExtension>
    </extensions>
   </trkpt>
   <trkpt lat="46.0136230" lon="9.7825490">
    <ele>1436.6</ele>
    <time>2025-11-01T09:06:39Z</time>
    <extensions>
     <power>0</power>
     <gpxtpx:TrackPointExtension>
      <gpxtpx:hr>137</gpxtpx:hr>
      <gpxtpx:cad>0</gpxtpx:cad>
     </gpxtpx:TrackPointExtension>
    </extensions>
   </trkpt>
   <trkpt lat="46.0136030" lon="9.7826250">
    <ele>1438.4</ele>
    <time>2025-11-01T09:06:49Z</time>
    <extensions>
     <power>0</power>
     <gpxtpx:TrackPointExtension>
      <gpxtpx:hr>139</gpxtpx:hr>
      <gpxtpx:cad>0</gpxtpx:cad>
     </gpxtpx:TrackPointExtension>
    </extensions>
   </trkpt>
   <trkpt lat="46.0135530" lon="9.7827090">
    <ele>1440.0</ele>
    <time>2025-11-01T09:06:59Z</time>
    <extensions>
     <power>0</power>
     <gpxtpx:TrackPointExtension>
      <gpxtpx:hr>138</gpxtpx:hr>
      <gpxtpx:cad>0</gpxtpx:cad>
     </gpxtpx:TrackPointExtension>
    </extensions>
   </trkpt>
   <trkpt lat="46.0135350" lon="9.7825710">
    <ele>1441.4</ele>
    <time>2025-11-01T09:07:09Z</time>
    <extensions>
     <power>437</power>
     <gpxtpx:TrackPointExtension>
      <gpxtpx:hr>140</gpxtpx:hr>
      <gpxtpx:cad>46</gpxtpx:cad>
     </gpxtpx:TrackPointExtension>
    </extensions>
   </trkpt>
   <trkpt lat="46.0135160" lon="9.7824600">
    <ele>1443.4</ele>
    <time>2025-11-01T09:07:19Z</time>
    <extensions>
     <power>0</power>
     <gpxtpx:TrackPointExtension>
      <gpxtpx:hr>140</gpxtpx:hr>
      <gpxtpx:cad>0</gpxtpx:cad>
     </gpxtpx:TrackPointExtension>
    </extensions>
   </trkpt>
   <trkpt lat="46.0135120" lon="9.7824030">
    <ele>1444.6</ele>
    <time>2025-11-01T09:07:29Z</time>
    <extensions>
     <power>255</power>
     <gpxtpx:TrackPointExtension>
      <gpxtpx:hr>141</gpxtpx:hr>
      <gpxtpx:cad>43</gpxtpx:cad>
     </gpxtpx:TrackPointExtension>
    </extensions>
   </trkpt>
   <trkpt lat="46.0135080" lon="9.7824860">
    <ele>1446.0</ele>
    <time>2025-11-01T09:07:39Z</time>
    <extensions>
     <power>0</power>
     <gpxtpx:TrackPointExtension>
      <gpxtpx:hr>144</gpxtpx:hr>
      <gpxtpx:cad>0</gpxtpx:cad>
     </gpxtpx:TrackPointExtension>
    </extensions>
   </trkpt>
   <trkpt lat="46.0134760" lon="9.7826600">
    <ele>1448.2</ele>
    <time>2025-11-01T09:07:49Z</time>
    <extensions>
     <power>0</power>
     <gpxtpx:TrackPointExtension>
      <gpxtpx:hr>138</gpxtpx:hr>
      <gpxtpx:cad>0</gpxtpx:cad>
     </gpxtpx:TrackPointExtension>
    </extensions>
   </trkpt>
   <trkpt lat="46.0134300" lon="9.7826100">
    <ele>1449.8</ele>
    <time>2025-11-01T09:07:59Z</time>
    <extensions>
     <power>0</power>
     <gpxtpx:TrackPointExtension>
      <gpxtpx:hr>141</gpxtpx:hr>
      <gpxtpx:cad>0</gpxtpx:cad>
     </gpxtpx:TrackPointExtension>
    </extensions>
   </trkpt>
   <trkpt lat="46.0133700" lon="9.7825460">
    <ele>1451.2</ele>
    <time>2025-11-01T09:08:09Z</time>
    <extensions>
     <power>460</power>
     <gpxtpx:TrackPointExtension>
      <gpxtpx:hr>141</gpxtpx:hr>
      <gpxtpx:cad>77</gpxtpx:cad>
     </gpxtpx:TrackPointExtension>
    </extensions>
   </trkpt>
   <trkpt lat="46.0133230" lon="9.7826090">
    <ele>1453.2</ele>
    <time>2025-11-01T09:08:19Z</time>
    <extensions>
     <power>0</power>
     <gpxtpx:TrackPointExtension>
      <gpxtpx:hr>141</gpxtpx:hr>
      <gpxtpx:cad>0</gpxtpx:cad>
     </gpxtpx:TrackPointExtension>
    </extensions>
   </trkpt>
   <trkpt lat="46.0132690" lon="9.7826000">
    <ele>1454.8</ele>
    <time>2025-11-01T09:08:29Z</time>
    <extensions>
     <power>0</power>
     <gpxtpx:TrackPointExtension>
      <gpxtpx:hr>142</gpxtpx:hr>
      <gpxtpx:cad>0</gpxtpx:cad>
     </gpxtpx:TrackPointExtension>
    </extensions>
   </trkpt>
   <trkpt lat="46.0132620" lon="9.7825960">
    <ele>1456.8</ele>
    <time>2025-11-01T09:08:39Z</time>
    <extensions>
     <power>0</power>
     <gpxtpx:TrackPointExtension>
      <gpxtpx:hr>143</gpxtpx:hr>
      <gpxtpx:cad>0</gpxtpx:cad>
     </gpxtpx:TrackPointExtension>
    </extensions>
   </trkpt>
   <trkpt lat="46.0132670" lon="9.7827120">
    <ele>1458.6</ele>
    <time>2025-11-01T09:08:49Z</time>
    <extensions>
     <power>0</power>
     <gpxtpx:TrackPointExtension>
      <gpxtpx:hr>141</gpxtpx:hr>
      <gpxtpx:cad>0</gpxtpx:cad>
     </gpxtpx:TrackPointExtension>
    </extensions>
   </trkpt>
   <trkpt lat="46.0132410" lon="9.7828350">
    <ele>1460.0</ele>
    <time>2025-11-01T09:08:59Z</time>
    <extensions>
     <power>0</power>
     <gpxtpx:TrackPointExtension>
      <gpxtpx:hr>138</gpxtpx:hr>
      <gpxtpx:cad>0</gpxtpx:cad>
     </gpxtpx:TrackPointExtension>
    </extensions>
   </trkpt>
   <trkpt lat="46.0131990" lon="9.7829240">
    <ele>1462.0</ele>
    <time>2025-11-01T09:09:09Z</time>
    <extensions>
     <power>0</power>
     <gpxtpx:TrackPointExtension>
      <gpxtpx:hr>140</gpxtpx:hr>
      <gpxtpx:cad>0</gpxtpx:cad>
     </gpxtpx:TrackPointExtension>
    </extensions>
   </trkpt>
   <trkpt lat="46.0131690" lon="9.7830210">
    <ele>1463.4</ele>
    <time>2025-11-01T09:09:19Z</time>
    <extensions>
     <power>0</power>
     <gpxtpx:TrackPointExtension>
      <gpxtpx:hr>142</gpxtpx:hr>
      <gpxtpx:cad>0</gpxtpx:cad>
     </gpxtpx:TrackPointExtension>
    </extensions>
   </trkpt>
   <trkpt lat="46.0131330" lon="9.7829510">
    <ele>1465.8</ele>
    <time>2025-11-01T09:09:29Z</time>
    <extensions>
     <power>0</power>
     <gpxtpx:TrackPointExtension>
      <gpxtpx:hr>140</gpxtpx:hr>
      <gpxtpx:cad>0</gpxtpx:cad>
     </gpxtpx:TrackPointExtension>
    </extensions>
   </trkpt>
   <trkpt lat="46.0131080" lon="9.7829070">
    <ele>1467.4</ele>
    <time>2025-11-01T09:09:39Z</time>
    <extensions>
     <power>0</power>
     <gpxtpx:TrackPointExtension>
      <gpxtpx:hr>141</gpxtpx:hr>
      <gpxtpx:cad>0</gpxtpx:cad>
     </gpxtpx:TrackPointExtension>
    </extensions>
   </trkpt>
   <trkpt lat="46.0130650" lon="9.7828440">
    <ele>1470.2</ele>
    <time>2025-11-01T09:09:49Z</time>
    <extensions>
     <power>0</power>
     <gpxtpx:TrackPointExtension>
      <gpxtpx:hr>142</gpxtpx:hr>
      <gpxtpx:cad>0</gpxtpx:cad>
     </gpxtpx:TrackPointExtension>
    </extensions>
   </trkpt>
   <trkpt lat="46.0130320" lon="9.7827920">
    <ele>1471.8</ele>
    <time>2025-11-01T09:09:59Z</time>
    <extensions>
     <power>0</power>
     <gpxtpx:TrackPointExtension>
      <gpxtpx:hr>143</gpxtpx:hr>
      <gpxtpx:cad>0</gpxtpx:cad>
     </gpxtpx:TrackPointExtension>
    </extensions>
   </trkpt>
   <trkpt lat="46.0130080" lon="9.7828270">
    <ele>1473.4</ele>
    <time>2025-11-01T09:10:09Z</time>
    <extensions>
     <power>0</power>
     <gpxtpx:TrackPointExtension>
      <gpxtpx:hr>146</gpxtpx:hr>
      <gpxtpx:cad>0</gpxtpx:cad>
     </gpxtpx:TrackPointExtension>
    </extensions>
   </trkpt>
   <trkpt lat="46.0129950" lon="9.7829200">
    <ele>1475.2</ele>
    <time>2025-11-01T09:10:19Z</time>
    <extensions>
     <power>321</power>
     <gpxtpx:TrackPointExtension>
      <gpxtpx:hr>145</gpxtpx:hr>
      <gpxtpx:cad>0</gpxtpx:cad>
     </gpxtpx:TrackPointExtension>
    </extensions>
   </trkpt>
   <trkpt lat="46.0129820" lon="9.7830250">
    <ele>1477.0</ele>
    <time>2025-11-01T09:10:29Z</time>
    <extensions>
     <power>0</power>
     <gpxtpx:TrackPointExtension>
      <gpxtpx:hr>146</gpxtpx:hr>
      <gpxtpx:cad>0</gpxtpx:cad>
     </gpxtpx:TrackPointExtension>
    </extensions>
   </trkpt>
   <trkpt lat="46.0129930" lon="9.7831270">
    <ele>1478.0</ele>
    <time>2025-11-01T09:10:38Z</time>
    <extensions>
     <power>0</power>
     <gpxtpx:TrackPointExtension>
      <gpxtpx:hr>147</gpxtpx:hr>
      <gpxtpx:cad>0</gpxtpx:cad>
     </gpxtpx:TrackPointExtension>
    </extensions>
   </trkpt>
   <trkpt lat="46.0130160" lon="9.7832100">
    <ele>1480.2</ele>
    <time>2025-11-01T09:10:48Z</time>
    <extensions>
     <power>0</power>
     <gpxtpx:TrackPointExtension>
      <gpxtpx:hr>144</gpxtpx:hr>
      <gpxtpx:cad>0</gpxtpx:cad>
     </gpxtpx:TrackPointExtension>
    </extensions>
   </trkpt>
   <trkpt lat="46.0129800" lon="9.7833110">
    <ele>1480.2</ele>
    <time>2025-11-01T09:10:58Z</time>
    <extensions>
     <power>0</power>
     <gpxtpx:TrackPointExtension>
      <gpxtpx:hr>144</gpxtpx:hr>
      <gpxtpx:cad>0</gpxtpx:cad>
     </gpxtpx:TrackPointExtension>
    </extensions>
   </trkpt>
   <trkpt lat="46.0129830" lon="9.7833880">
    <ele>1481.8</ele>
    <time>2025-11-01T09:11:08Z</time>
    <extensions>
     <power>0</power>
     <gpxtpx:TrackPointExtension>
      <gpxtpx:hr>144</gpxtpx:hr>
      <gpxtpx:cad>0</gpxtpx:cad>
     </gpxtpx:TrackPointExtension>
    </extensions>
   </trkpt>
   <trkpt lat="46.0129670" lon="9.7835320">
    <ele>1482.2</ele>
    <time>2025-11-01T09:11:18Z</time>
    <extensions>
     <power>240</power>
     <gpxtpx:TrackPointExtension>
      <gpxtpx:hr>143</gpxtpx:hr>
      <gpxtpx:cad>45</gpxtpx:cad>
     </gpxtpx:TrackPointExtension>
    </extensions>
   </trkpt>
   <trkpt lat="46.0129390" lon="9.7836320">
    <ele>1483.8</ele>
    <time>2025-11-01T09:11:28Z</time>
    <extensions>
     <power>0</power>
     <gpxtpx:TrackPointExtension>
      <gpxtpx:hr>142</gpxtpx:hr>
      <gpxtpx:cad>15</gpxtpx:cad>
     </gpxtpx:TrackPointExtension>
    </extensions>
   </trkpt>
   <trkpt lat="46.0129040" lon="9.7837020">
    <ele>1486.4</ele>
    <time>2025-11-01T09:11:38Z</time>
    <extensions>
     <power>0</power>
     <gpxtpx:TrackPointExtension>
      <gpxtpx:hr>139</gpxtpx:hr>
      <gpxtpx:cad>0</gpxtpx:cad>
     </gpxtpx:TrackPointExtension>
    </extensions>
   </trkpt>
   <trkpt lat="46.0128590" lon="9.7838140">
    <ele>1487.6</ele>
    <time>2025-11-01T09:11:48Z</time>
    <extensions>
     <power>371</power>
     <gpxtpx:TrackPointExtension>
      <gpxtpx:hr>141</gpxtpx:hr>
      <gpxtpx:cad>48</gpxtpx:cad>
     </gpxtpx:TrackPointExtension>
    </extensions>
   </trkpt>
   <trkpt lat="46.0128330" lon="9.7838920">
    <ele>1488.6</ele>
    <time>2025-11-01T09:11:58Z</time>
    <extensions>
     <power>319</power>
     <gpxtpx:TrackPointExtension>
      <gpxtpx:hr>140</gpxtpx:hr>
      <gpxtpx:cad>57</gpxtpx:cad>
     </gpxtpx:TrackPointExtension>
    </extensions>
   </trkpt>
   <trkpt lat="46.0128010" lon="9.7840220">
    <ele>1489.2</ele>
    <time>2025-11-01T09:12:08Z</time>
    <extensions>
     <power>0</power>
     <gpxtpx:TrackPointExtension>
      <gpxtpx:hr>141</gpxtpx:hr>
      <gpxtpx:cad>51</gpxtpx:cad>
     </gpxtpx:TrackPointExtension>
    </extensions>
   </trkpt>
   <trkpt lat="46.0127320" lon="9.7841000">
    <ele>1491.4</ele>
    <time>2025-11-01T09:12:18Z</time>
    <extensions>
     <power>0</power>
     <gpxtpx:TrackPointExtension>
      <gpxtpx:hr>140</gpxtpx:hr>
      <gpxtpx:cad>0</gpxtpx:cad>
     </gpxtpx:TrackPointExtension>
    </extensions>
   </trkpt>
   <trkpt lat="46.0126910" lon="9.7840850">
    <ele>1493.4</ele>
    <time>2025-11-01T09:12:28Z</time>
    <extensions>
     <power>431</power>
     <gpxtpx:TrackPointExtension>
      <gpxtpx:hr>140</gpxtpx:hr>
      <gpxtpx:cad>0</gpxtpx:cad>
     </gpxtpx:TrackPointExtension>
    </extensions>
   </trkpt>
   <trkpt lat="46.0126460" lon="9.7841080">
    <ele>1496.0</ele>
    <time>2025-11-01T09:12:38Z</time>
    <extensions>
     <power>0</power>
     <gpxtpx:TrackPointExtension>
      <gpxtpx:hr>140</gpxtpx:hr>
      <gpxtpx:cad>0</gpxtpx:cad>
     </gpxtpx:TrackPointExtension>
    </extensions>
   </trkpt>
   <trkpt lat="46.0126230" lon="9.7841400">
    <ele>1497.6</ele>
    <time>2025-11-01T09:12:48Z</time>
    <extensions>
     <power>0</power>
     <gpxtpx:TrackPointExtension>
      <gpxtpx:hr>142</gpxtpx:hr>
      <gpxtpx:cad>0</gpxtpx:cad>
     </gpxtpx:TrackPointExtension>
    </extensions>
   </trkpt>
   <trkpt lat="46.0126100" lon="9.7841860">
    <ele>1499.8</ele>
    <time>2025-11-01T09:12:58Z</time>
    <extensions>
     <power>0</power>
     <gpxtpx:TrackPointExtension>
      <gpxtpx:hr>144</gpxtpx:hr>
      <gpxtpx:cad>0</gpxtpx:cad>
     </gpxtpx:TrackPointExtension>
    </extensions>
   </trkpt>
   <trkpt lat="46.0126190" lon="9.7842940">
    <ele>1501.4</ele>
    <time>2025-11-01T09:13:08Z</time>
    <extensions>
     <power>0</power>
     <gpxtpx:TrackPointExtension>
      <gpxtpx:hr>144</gpxtpx:hr>
      <gpxtpx:cad>0</gpxtpx:cad>
     </gpxtpx:TrackPointExtension>
    </extensions>
   </trkpt>
   <trkpt lat="46.0126110" lon="9.7844070">
    <ele>1502.6</ele>
    <time>2025-11-01T09:13:18Z</time>
    <extensions>
     <power>0</power>
     <gpxtpx:TrackPointExtension>
      <gpxtpx:hr>146</gpxtpx:hr>
      <gpxtpx:cad>0</gpxtpx:cad>
     </gpxtpx:TrackPointExtension>
    </extensions>
   </trkpt>
   <trkpt lat="46.0126280" lon="9.7845280">
    <ele>1504.6</ele>
    <time>2025-11-01T09:13:28Z</time>
    <extensions>
     <power>0</power>
     <gpxtpx:TrackPointExtension>
      <gpxtpx:hr>146</gpxtpx:hr>
      <gpxtpx:cad>0</gpxtpx:cad>
     </gpxtpx:TrackPointExtension>
    </extensions>
   </trkpt>
   <trkpt lat="46.0126060" lon="9.7846180">
    <ele>1505.4</ele>
    <time>2025-11-01T09:13:38Z</time>
    <extensions>
     <power>0</power>
     <gpxtpx:TrackPointExtension>
      <gpxtpx:hr>147</gpxtpx:hr>
      <gpxtpx:cad>0</gpxtpx:cad>
     </gpxtpx:TrackPointExtension>
    </extensions>
   </trkpt>
   <trkpt lat="46.0125660" lon="9.7845570">
    <ele>1506.6</ele>
    <time>2025-11-01T09:13:48Z</time>
    <extensions>
     <power>0</power>
     <gpxtpx:TrackPointExtension>
      <gpxtpx:hr>144</gpxtpx:hr>
      <gpxtpx:cad>0</gpxtpx:cad>
     </gpxtpx:TrackPointExtension>
    </extensions>
   </trkpt>
   <trkpt lat="46.0125720" lon="9.7845970">
    <ele>1508.6</ele>
    <time>2025-11-01T09:13:58Z</time>
    <extensions>
     <power>0</power>
     <gpxtpx:TrackPointExtension>
      <gpxtpx:hr>142</gpxtpx:hr>
      <gpxtpx:cad>0</gpxtpx:cad>
     </gpxtpx:TrackPointExtension>
    </extensions>
   </trkpt>
   <trkpt lat="46.0125840" lon="9.7846560">
    <ele>1510.2</ele>
    <time>2025-11-01T09:14:08Z</time>
    <extensions>
     <power>0</power>
     <gpxtpx:TrackPointExtension>
      <gpxtpx:hr>141</gpxtpx:hr>
      <gpxtpx:cad>0</gpxtpx:cad>
     </gpxtpx:TrackPointExtension>
    </extensions>
   </trkpt>
   <trkpt lat="46.0125870" lon="9.7847700">
    <ele>1511.4</ele>
    <time>2025-11-01T09:14:18Z</time>
    <extensions>
     <power>0</power>
     <gpxtpx:TrackPointExtension>
      <gpxtpx:hr>141</gpxtpx:hr>
      <gpxtpx:cad>0</gpxtpx:cad>
     </gpxtpx:TrackPointExtension>
    </extensions>
   </trkpt>
   <trkpt lat="46.0125260" lon="9.7847040">
    <ele>1513.0</ele>
    <time>2025-11-01T09:14:28Z</time>
    <extensions>
     <power>0</power>
     <gpxtpx:TrackPointExtension>
      <gpxtpx:hr>143</gpxtpx:hr>
      <gpxtpx:cad>0</gpxtpx:cad>
     </gpxtpx:TrackPointExtension>
    </extensions>
   </trkpt>
   <trkpt lat="46.0125130" lon="9.7847250">
    <ele>1514.2</ele>
    <time>2025-11-01T09:14:38Z</time>
    <extensions>
     <power>0</power>
     <gpxtpx:TrackPointExtension>
      <gpxtpx:hr>145</gpxtpx:hr>
      <gpxtpx:cad>0</gpxtpx:cad>
     </gpxtpx:TrackPointExtension>
    </extensions>
   </trkpt>
   <trkpt lat="46.0125180" lon="9.7847900">
    <ele>1516.4</ele>
    <time>2025-11-01T09:14:48Z</time>
    <extensions>
     <power>0</power>
     <gpxtpx:TrackPointExtension>
      <gpxtpx:hr>143</gpxtpx:hr>
      <gpxtpx:cad>0</gpxtpx:cad>
     </gpxtpx:TrackPointExtension>
    </extensions>
   </trkpt>
   <trkpt lat="46.0125020" lon="9.7849010">
    <ele>1517.8</ele>
    <time>2025-11-01T09:14:58Z</time>
    <extensions>
     <power>0</power>
     <gpxtpx:TrackPointExtension>
      <gpxtpx:hr>142</gpxtpx:hr>
      <gpxtpx:cad>0</gpxtpx:cad>
     </gpxtpx:TrackPointExtension>
    </extensions>
   </trkpt>
   <trkpt lat="46.0124690" lon="9.7850440">
    <ele>1518.6</ele>
    <time>2025-11-01T09:15:08Z</time>
    <extensions>
     <power>0</power>
     <gpxtpx:TrackPointExtension>
      <gpxtpx:hr>143</gpxtpx:hr>
      <gpxtpx:cad>0</gpxtpx:cad>
     </gpxtpx:TrackPointExtension>
    </extensions>
   </trkpt>
   <trkpt lat="46.0124310" lon="9.7851550">
    <ele>1520.2</ele>
    <time>2025-11-01T09:15:18Z</time>
    <extensions>
     <power>0</power>
     <gpxtpx:TrackPointExtension>
      <gpxtpx:hr>143</gpxtpx:hr>
      <gpxtpx:cad>0</gpxtpx:cad>
     </gpxtpx:TrackPointExtension>
    </extensions>
   </trkpt>
   <trkpt lat="46.0123730" lon="9.7852140">
    <ele>1521.6</ele>
    <time>2025-11-01T09:15:28Z</time>
    <extensions>
     <power>0</power>
     <gpxtpx:TrackPointExtension>
      <gpxtpx:hr>142</gpxtpx:hr>
      <gpxtpx:cad>0</gpxtpx:cad>
     </gpxtpx:TrackPointExtension>
    </extensions>
   </trkpt>
   <trkpt lat="46.0123400" lon="9.7852980">
    <ele>1522.6</ele>
    <time>2025-11-01T09:15:38Z</time>
    <extensions>
     <power>0</power>
     <gpxtpx:TrackPointExtension>
      <gpxtpx:hr>140</gpxtpx:hr>
      <gpxtpx:cad>41</gpxtpx:cad>
     </gpxtpx:TrackPointExtension>
    </extensions>
   </trkpt>
   <trkpt lat="46.0122600" lon="9.7853730">
    <ele>1524.0</ele>
    <time>2025-11-01T09:15:48Z</time>
    <extensions>
     <power>554</power>
     <gpxtpx:TrackPointExtension>
      <gpxtpx:hr>140</gpxtpx:hr>
      <gpxtpx:cad>47</gpxtpx:cad>
     </gpxtpx:TrackPointExtension>
    </extensions>
   </trkpt>
   <trkpt lat="46.0121640" lon="9.7854160">
    <ele>1525.2</ele>
    <time>2025-11-01T09:15:58Z</time>
    <extensions>
     <power>475</power>
     <gpxtpx:TrackPointExtension>
      <gpxtpx:hr>143</gpxtpx:hr>
      <gpxtpx:cad>41</gpxtpx:cad>
     </gpxtpx:TrackPointExtension>
    </extensions>
   </trkpt>
   <trkpt lat="46.0121020" lon="9.7854660">
    <ele>1527.4</ele>
    <time>2025-11-01T09:16:07Z</time>
    <extensions>
     <power>0</power>
     <gpxtpx:TrackPointExtension>
      <gpxtpx:hr>143</gpxtpx:hr>
      <gpxtpx:cad>0</gpxtpx:cad>
     </gpxtpx:TrackPointExtension>
    </extensions>
   </trkpt>
   <trkpt lat="46.0120620" lon="9.7855410">
    <ele>1529.2</ele>
    <time>2025-11-01T09:16:17Z</time>
    <extensions>
     <power>303</power>
     <gpxtpx:TrackPointExtension>
      <gpxtpx:hr>143</gpxtpx:hr>
      <gpxtpx:cad>45</gpxtpx:cad>
     </gpxtpx:TrackPointExtension>
    </extensions>
   </trkpt>
   <trkpt lat="46.0120590" lon="9.7856430">
    <ele>1530.8</ele>
    <time>2025-11-01T09:16:27Z</time>
    <extensions>
     <power>0</power>
     <gpxtpx:TrackPointExtension>
      <gpxtpx:hr>143</gpxtpx:hr>
      <gpxtpx:cad>0</gpxtpx:cad>
     </gpxtpx:TrackPointExtension>
    </extensions>
   </trkpt>
   <trkpt lat="46.0120520" lon="9.7857430">
    <ele>1532.4</ele>
    <time>2025-11-01T09:16:37Z</time>
    <extensions>
     <power>0</power>
     <gpxtpx:TrackPointExtension>
      <gpxtpx:hr>145</gpxtpx:hr>
      <gpxtpx:cad>0</gpxtpx:cad>
     </gpxtpx:TrackPointExtension>
    </extensions>
   </trkpt>
   <trkpt lat="46.0120460" lon="9.7857870">
    <ele>1533.2</ele>
    <time>2025-11-01T09:16:47Z</time>
    <extensions>
     <power>0</power>
     <gpxtpx:TrackPointExtension>
      <gpxtpx:hr>143</gpxtpx:hr>
      <gpxtpx:cad>0</gpxtpx:cad>
     </gpxtpx:TrackPointExtension>
    </extensions>
   </trkpt>
   <trkpt lat="46.0120010" lon="9.7856940">
    <ele>1534.6</ele>
    <time>2025-11-01T09:16:57Z</time>
    <extensions>
     <power>0</power>
     <gpxtpx:TrackPointExtension>
      <gpxtpx:hr>143</gpxtpx:hr>
      <gpxtpx:cad>0</gpxtpx:cad>
     </gpxtpx:TrackPointExtension>
    </extensions>
   </trkpt>
   <trkpt lat="46.0119830" lon="9.7857380">
    <ele>1536.4</ele>
    <time>2025-11-01T09:17:07Z</time>
    <extensions>
     <power>0</power>
     <gpxtpx:TrackPointExtension>
      <gpxtpx:hr>143</gpxtpx:hr>
      <gpxtpx:cad>0</gpxtpx:cad>
     </gpxtpx:TrackPointExtension>
    </extensions>
   </trkpt>
   <trkpt lat="46.0119250" lon="9.7856450">
    <ele>1537.8</ele>
    <time>2025-11-01T09:17:17Z</time>
    <extensions>
     <power>0</power>
     <gpxtpx:TrackPointExtension>
      <gpxtpx:hr>144</gpxtpx:hr>
      <gpxtpx:cad>0</gpxtpx:cad>
     </gpxtpx:TrackPointExtension>
    </extensions>
   </trkpt>
   <trkpt lat="46.0119170" lon="9.7856200">
    <ele>1539.8</ele>
    <time>2025-11-01T09:17:27Z</time>
    <extensions>
     <power>196</power>
     <gpxtpx:TrackPointExtension>
      <gpxtpx:hr>143</gpxtpx:hr>
      <gpxtpx:cad>43</gpxtpx:cad>
     </gpxtpx:TrackPointExtension>
    </extensions>
   </trkpt>
   <trkpt lat="46.0119130" lon="9.7857380">
    <ele>1541.2</ele>
    <time>2025-11-01T09:17:37Z</time>
    <extensions>
     <power>69</power>
     <gpxtpx:TrackPointExtension>
      <gpxtpx:hr>145</gpxtpx:hr>
      <gpxtpx:cad>49</gpxtpx:cad>
     </gpxtpx:TrackPointExtension>
    </extensions>
   </trkpt>
   <trkpt lat="46.0119130" lon="9.7858660">
    <ele>1542.8</ele>
    <time>2025-11-01T09:17:47Z</time>
    <extensions>
     <power>0</power>
     <gpxtpx:TrackPointExtension>
      <gpxtpx:hr>146</gpxtpx:hr>
      <gpxtpx:cad>0</gpxtpx:cad>
     </gpxtpx:TrackPointExtension>
    </extensions>
   </trkpt>
   <trkpt lat="46.0118940" lon="9.7859590">
    <ele>1545.0</ele>
    <time>2025-11-01T09:17:57Z</time>
    <extensions>
     <power>0</power>
     <gpxtpx:TrackPointExtension>
      <gpxtpx:hr>146</gpxtpx:hr>
      <gpxtpx:cad>0</gpxtpx:cad>
     </gpxtpx:TrackPointExtension>
    </extensions>
   </trkpt>
   <trkpt lat="46.0118410" lon="9.7859250">
    <ele>1546.6</ele>
    <time>2025-11-01T09:18:07Z</time>
    <extensions>
     <power>0</power>
     <gpxtpx:TrackPointExtension>
      <gpxtpx:hr>146</gpxtpx:hr>
      <gpxtpx:cad>0</gpxtpx:cad>
     </gpxtpx:TrackPointExtension>
    </extensions>
   </trkpt>
   <trkpt lat="46.0117680" lon="9.7858540">
    <ele>1548.0</ele>
    <time>2025-11-01T09:18:17Z</time>
    <extensions>
     <power>0</power>
     <gpxtpx:TrackPointExtension>
      <gpxtpx:hr>145</gpxtpx:hr>
      <gpxtpx:cad>0</gpxtpx:cad>
     </gpxtpx:TrackPointExtension>
    </extensions>
   </trkpt>
   <trkpt lat="46.0117250" lon="9.7857140">
    <ele>1549.4</ele>
    <time>2025-11-01T09:18:27Z</time>
    <extensions>
     <power>0</power>
     <gpxtpx:TrackPointExtension>
      <gpxtpx:hr>146</gpxtpx:hr>
      <gpxtpx:cad>0</gpxtpx:cad>
     </gpxtpx:TrackPointExtension>
    </extensions>
   </trkpt>
   <trkpt lat="46.0116980" lon="9.7856250">
    <ele>1550.8</ele>
    <time>2025-11-01T09:18:37Z</time>
    <extensions>
     <power>0</power>
     <gpxtpx:TrackPointExtension>
      <gpxtpx:hr>145</gpxtpx:hr>
      <gpxtpx:cad>0</gpxtpx:cad>
     </gpxtpx:TrackPointExtension>
    </extensions>
   </trkpt>
   <trkpt lat="46.0116720" lon="9.7855380">
    <ele>1552.2</ele>
    <time>2025-11-01T09:18:47Z</time>
    <extensions>
     <power>0</power>
     <gpxtpx:TrackPointExtension>
      <gpxtpx:hr>145</gpxtpx:hr>
      <gpxtpx:cad>0</gpxtpx:cad>
     </gpxtpx:TrackPointExtension>
    </extensions>
   </trkpt>
   <trkpt lat="46.0116630" lon="9.7853880">
    <ele>1553.4</ele>
    <time>2025-11-01T09:18:57Z</time>
    <extensions>
     <power>0</power>
     <gpxtpx:TrackPointExtension>
      <gpxtpx:hr>144</gpxtpx:hr>
      <gpxtpx:cad>50</gpxtpx:cad>
     </gpxtpx:TrackPointExtension>
    </extensions>
   </trkpt>
   <trkpt lat="46.0116850" lon="9.7852840">
    <ele>1554.4</ele>
    <time>2025-11-01T09:19:07Z</time>
    <extensions>
     <power>0</power>
     <gpxtpx:TrackPointExtension>
      <gpxtpx:hr>143</gpxtpx:hr>
      <gpxtpx:cad>0</gpxtpx:cad>
     </gpxtpx:TrackPointExtension>
    </extensions>
   </trkpt>
   <trkpt lat="46.0117170" lon="9.7851750">
    <ele>1555.6</ele>
    <time>2025-11-01T09:19:17Z</time>
    <extensions>
     <power>0</power>
     <gpxtpx:TrackPointExtension>
      <gpxtpx:hr>144</gpxtpx:hr>
      <gpxtpx:cad>0</gpxtpx:cad>
     </gpxtpx:TrackPointExtension>
    </extensions>
   </trkpt>
   <trkpt lat="46.0117270" lon="9.7850390">
    <ele>1556.4</ele>
    <time>2025-11-01T09:19:27Z</time>
    <extensions>
     <power>0</power>
     <gpxtpx:TrackPointExtension>
      <gpxtpx:hr>148</gpxtpx:hr>
      <gpxtpx:cad>0</gpxtpx:cad>
     </gpxtpx:TrackPointExtension>
    </extensions>
   </trkpt>
   <trkpt lat="46.0117040" lon="9.7849900">
    <ele>1557.2</ele>
    <time>2025-11-01T09:19:37Z</time>
    <extensions>
     <power>0</power>
     <gpxtpx:TrackPointExtension>
      <gpxtpx:hr>142</gpxtpx:hr>
      <gpxtpx:cad>71</gpxtpx:cad>
     </gpxtpx:TrackPointExtension>
    </extensions>
   </trkpt>
   <trkpt lat="46.0116640" lon="9.7849900">
    <ele>1559.0</ele>
    <time>2025-11-01T09:19:47Z</time>
    <extensions>
     <power>0</power>
     <gpxtpx:TrackPointExtension>
      <gpxtpx:hr>138</gpxtpx:hr>
      <gpxtpx:cad>0</gpxtpx:cad>
     </gpxtpx:TrackPointExtension>
    </extensions>
   </trkpt>
   <trkpt lat="46.0116530" lon="9.7850830">
    <ele>1560.8</ele>
    <time>2025-11-01T09:19:57Z</time>
    <extensions>
     <power>0</power>
     <gpxtpx:TrackPointExtension>
      <gpxtpx:hr>140</gpxtpx:hr>
      <gpxtpx:cad>0</gpxtpx:cad>
     </gpxtpx:TrackPointExtension>
    </extensions>
   </trkpt>
   <trkpt lat="46.0116070" lon="9.7851900">
    <ele>1562.0</ele>
    <time>2025-11-01T09:20:07Z</time>
    <extensions>
     <power>0</power>
     <gpxtpx:TrackPointExtension>
      <gpxtpx:hr>139</gpxtpx:hr>
      <gpxtpx:cad>0</gpxtpx:cad>
     </gpxtpx:TrackPointExtension>
    </extensions>
   </trkpt>
   <trkpt lat="46.0115280" lon="9.7852760">
    <ele>1563.4</ele>
    <time>2025-11-01T09:20:17Z</time>
    <extensions>
     <power>0</power>
     <gpxtpx:TrackPointExtension>
      <gpxtpx:hr>142</gpxtpx:hr>
      <gpxtpx:cad>0</gpxtpx:cad>
     </gpxtpx:TrackPointExtension>
    </extensions>
   </trkpt>
   <trkpt lat="46.0114370" lon="9.7853090">
    <ele>1564.8</ele>
    <time>2025-11-01T09:20:27Z</time>
    <extensions>
     <power>0</power>
     <gpxtpx:TrackPointExtension>
      <gpxtpx:hr>145</gpxtpx:hr>
      <gpxtpx:cad>0</gpxtpx:cad>
     </gpxtpx:TrackPointExtension>
    </extensions>
   </trkpt>
   <trkpt lat="46.0113930" lon="9.7853260">
    <ele>1566.2</ele>
    <time>2025-11-01T09:20:37Z</time>
    <extensions>
     <power>324</power>
     <gpxtpx:TrackPointExtension>
      <gpxtpx:hr>141</gpxtpx:hr>
      <gpxtpx:cad>0</gpxtpx:cad>
     </gpxtpx:TrackPointExtension>
    </extensions>
   </trkpt>
   <trkpt lat="46.0113430" lon="9.7853140">
    <ele>1568.0</ele>
    <time>2025-11-01T09:20:47Z</time>
    <extensions>
     <power>0</power>
     <gpxtpx:TrackPointExtension>
      <gpxtpx:hr>141</gpxtpx:hr>
      <gpxtpx:cad>0</gpxtpx:cad>
     </gpxtpx:TrackPointExtension>
    </extensions>
   </trkpt>
   <trkpt lat="46.0113500" lon="9.7852060">
    <ele>1569.4</ele>
    <time>2025-11-01T09:20:57Z</time>
    <extensions>
     <power>0</power>
     <gpxtpx:TrackPointExtension>
      <gpxtpx:hr>141</gpxtpx:hr>
      <gpxtpx:cad>0</gpxtpx:cad>
     </gpxtpx:TrackPointExtension>
    </extensions>
   </trkpt>
   <trkpt lat="46.0113170" lon="9.7852800">
    <ele>1570.0</ele>
    <time>2025-11-01T09:21:07Z</time>
    <extensions>
     <power>318</power>
     <gpxtpx:TrackPointExtension>
      <gpxtpx:hr>140</gpxtpx:hr>
      <gpxtpx:cad>68</gpxtpx:cad>
     </gpxtpx:TrackPointExtension>
    </extensions>
   </trkpt>
   <trkpt lat="46.0112670" lon="9.7853560">
    <ele>1571.2</ele>
    <time>2025-11-01T09:21:17Z</time>
    <extensions>
     <power>0</power>
     <gpxtpx:TrackPointExtension>
      <gpxtpx:hr>138</gpxtpx:hr>
      <gpxtpx:cad>0</gpxtpx:cad>
     </gpxtpx:TrackPointExtension>
    </extensions>
   </trkpt>
   <trkpt lat="46.0112510" lon="9.7854170">
    <ele>1572.4</ele>
    <time>2025-11-01T09:21:26Z</time>
    <extensions>
     <power>0</power>
     <gpxtpx:TrackPointExtension>
      <gpxtpx:hr>137</gpxtpx:hr>
      <gpxtpx:cad>0</gpxtpx:cad>
     </gpxtpx:TrackPointExtension>
    </extensions>
   </trkpt>
   <trkpt lat="46.0112340" lon="9.7854910">
    <ele>1574.4</ele>
    <time>2025-11-01T09:21:36Z</time>
    <extensions>
     <power>0</power>
     <gpxtpx:TrackPointExtension>
      <gpxtpx:hr>137</gpxtpx:hr>
      <gpxtpx:cad>0</gpxtpx:cad>
     </gpxtpx:TrackPointExtension>
    </extensions>
   </trkpt>
   <trkpt lat="46.0111690" lon="9.7855040">
    <ele>1576.0</ele>
    <time>2025-11-01T09:21:46Z</time>
    <extensions>
     <power>0</power>
     <gpxtpx:TrackPointExtension>
      <gpxtpx:hr>138</gpxtpx:hr>
      <gpxtpx:cad>0</gpxtpx:cad>
     </gpxtpx:TrackPointExtension>
    </extensions>
   </trkpt>
   <trkpt lat="46.0111390" lon="9.7854560">
    <ele>1577.6</ele>
    <time>2025-11-01T09:21:56Z</time>
    <extensions>
     <power>0</power>
     <gpxtpx:TrackPointExtension>
      <gpxtpx:hr>140</gpxtpx:hr>
      <gpxtpx:cad>0</gpxtpx:cad>
     </gpxtpx:TrackPointExtension>
    </extensions>
   </trkpt>
   <trkpt lat="46.0111290" lon="9.7855450">
    <ele>1579.2</ele>
    <time>2025-11-01T09:22:06Z</time>
    <extensions>
     <power>0</power>
     <gpxtpx:TrackPointExtension>
      <gpxtpx:hr>140</gpxtpx:hr>
      <gpxtpx:cad>0</gpxtpx:cad>
     </gpxtpx:TrackPointExtension>
    </extensions>
   </trkpt>
   <trkpt lat="46.0111060" lon="9.7856490">
    <ele>1580.6</ele>
    <time>2025-11-01T09:22:16Z</time>
    <extensions>
     <power>0</power>
     <gpxtpx:TrackPointExtension>
      <gpxtpx:hr>140</gpxtpx:hr>
      <gpxtpx:cad>0</gpxtpx:cad>
     </gpxtpx:TrackPointExtension>
    </extensions>
   </trkpt>
   <trkpt lat="46.0110700" lon="9.7857450">
    <ele>1581.4</ele>
    <time>2025-11-01T09:22:26Z</time>
    <extensions>
     <power>0</power>
     <gpxtpx:TrackPointExtension>
      <gpxtpx:hr>140</gpxtpx:hr>
      <gpxtpx:cad>0</gpxtpx:cad>
     </gpxtpx:TrackPointExtension>
    </extensions>
   </trkpt>
   <trkpt lat="46.0110080" lon="9.7858160">
    <ele>1583.0</ele>
    <time>2025-11-01T09:22:36Z</time>
    <extensions>
     <power>0</power>
     <gpxtpx:TrackPointExtension>
      <gpxtpx:hr>139</gpxtpx:hr>
      <gpxtpx:cad>0</gpxtpx:cad>
     </gpxtpx:TrackPointExtension>
    </extensions>
   </trkpt>
   <trkpt lat="46.0109300" lon="9.7857770">
    <ele>1582.6</ele>
    <time>2025-11-01T09:22:46Z</time>
    <extensions>
     <power>0</power>
     <gpxtpx:TrackPointExtension>
      <gpxtpx:hr>139</gpxtpx:hr>
      <gpxtpx:cad>0</gpxtpx:cad>
     </gpxtpx:TrackPointExtension>
    </extensions>
   </trkpt>
   <trkpt lat="46.0108850" lon="9.7857440">
    <ele>1583.8</ele>
    <time>2025-11-01T09:22:56Z</time>
    <extensions>
     <power>0</power>
     <gpxtpx:TrackPointExtension>
      <gpxtpx:hr>137</gpxtpx:hr>
      <gpxtpx:cad>0</gpxtpx:cad>
     </gpxtpx:TrackPointExtension>
    </extensions>
   </trkpt>
   <trkpt lat="46.0108400" lon="9.7856990">
    <ele>1585.4</ele>
    <time>2025-11-01T09:23:06Z</time>
    <extensions>
     <power>0</power>
     <gpxtpx:TrackPointExtension>
      <gpxtpx:hr>133</gpxtpx:hr>
      <gpxtpx:cad>0</gpxtpx:cad>
     </gpxtpx:TrackPointExtension>
    </extensions>
   </trkpt>
   <trkpt lat="46.0108610" lon="9.7855700">
    <ele>1587.4</ele>
    <time>2025-11-01T09:23:16Z</time>
    <extensions>
     <power>0</power>
     <gpxtpx:TrackPointExtension>
      <gpxtpx:hr>134</gpxtpx:hr>
      <gpxtpx:cad>0</gpxtpx:cad>
     </gpxtpx:TrackPointExtension>
    </extensions>
   </trkpt>
   <trkpt lat="46.0108250" lon="9.7855850">
    <ele>1588.6</ele>
    <time>2025-11-01T09:23:26Z</time>
    <extensions>
     <power>0</power>
     <gpxtpx:TrackPointExtension>
      <gpxtpx:hr>133</gpxtpx:hr>
      <gpxtpx:cad>0</gpxtpx:cad>
     </gpxtpx:TrackPointExtension>
    </extensions>
   </trkpt>
   <trkpt lat="46.0107390" lon="9.7856530">
    <ele>1590.2</ele>
    <time>2025-11-01T09:23:36Z</time>
    <extensions>
     <power>718</power>
     <gpxtpx:TrackPointExtension>
      <gpxtpx:hr>135</gpxtpx:hr>
      <gpxtpx:cad>68</gpxtpx:cad>
     </gpxtpx:TrackPointExtension>
    </extensions>
   </trkpt>
   <trkpt lat="46.0106740" lon="9.7857130">
    <ele>1591.2</ele>
    <time>2025-11-01T09:23:46Z</time>
    <extensions>
     <power>183</power>
     <gpxtpx:TrackPointExtension>
      <gpxtpx:hr>135</gpxtpx:hr>
      <gpxtpx:cad>40</gpxtpx:cad>
     </gpxtpx:TrackPointExtension>
    </extensions>
   </trkpt>
   <trkpt lat="46.0106150" lon="9.7857710">
    <ele>1592.8</ele>
    <time>2025-11-01T09:23:56Z</time>
    <extensions>
     <power>450</power>
     <gpxtpx:TrackPointExtension>
      <gpxtpx:hr>137</gpxtpx:hr>
      <gpxtpx:cad>43</gpxtpx:cad>
     </gpxtpx:TrackPointExtension>
    </extensions>
   </trkpt>
   <trkpt lat="46.0105670" lon="9.7858550">
    <ele>1593.6</ele>
    <time>2025-11-01T09:24:06Z</time>
    <extensions>
     <power>394</power>
     <gpxtpx:TrackPointExtension>
      <gpxtpx:hr>138</gpxtpx:hr>
      <gpxtpx:cad>43</gpxtpx:cad>
     </gpxtpx:TrackPointExtension>
    </extensions>
   </trkpt>
   <trkpt lat="46.0106000" lon="9.7859510">
    <ele>1594.4</ele>
    <time>2025-11-01T09:24:16Z</time>
    <extensions>
     <power>0</power>
     <gpxtpx:TrackPointExtension>
      <gpxtpx:hr>138</gpxtpx:hr>
      <gpxtpx:cad>0</gpxtpx:cad>
     </gpxtpx:TrackPointExtension>
    </extensions>
   </trkpt>
   <trkpt lat="46.0106450" lon="9.7860020">
    <ele>1595.6</ele>
    <time>2025-11-01T09:24:26Z</time>
    <extensions>
     <power>169</power>
     <gpxtpx:TrackPointExtension>
      <gpxtpx:hr>135</gpxtpx:hr>
      <gpxtpx:cad>0</gpxtpx:cad>
     </gpxtpx:TrackPointExtension>
    </extensions>
   </trkpt>
   <trkpt lat="46.0105630" lon="9.7860670">
    <ele>1597.0</ele>
    <time>2025-11-01T09:24:36Z</time>
    <extensions>
     <power>0</power>
     <gpxtpx:TrackPointExtension>
      <gpxtpx:hr>133</gpxtpx:hr>
      <gpxtpx:cad>41</gpxtpx:cad>
     </gpxtpx:TrackPointExtension>
    </extensions>
   </trkpt>
   <trkpt lat="46.0104980" lon="9.7860850">
    <ele>1597.8</ele>
    <time>2025-11-01T09:24:46Z</time>
    <extensions>
     <power>0</power>
     <gpxtpx:TrackPointExtension>
      <gpxtpx:hr>132</gpxtpx:hr>
      <gpxtpx:cad>0</gpxtpx:cad>
     </gpxtpx:TrackPointExtension>
    </extensions>
   </trkpt>
   <trkpt lat="46.0104090" lon="9.7860520">
    <ele>1599.0</ele>
    <time>2025-11-01T09:24:56Z</time>
    <extensions>
     <power>0</power>
     <gpxtpx:TrackPointExtension>
      <gpxtpx:hr>132</gpxtpx:hr>
      <gpxtpx:cad>47</gpxtpx:cad>
     </gpxtpx:TrackPointExtension>
    </extensions>
   </trkpt>
   <trkpt lat="46.0103400" lon="9.7859660">
    <ele>1600.4</ele>
    <time>2025-11-01T09:25:06Z</time>
    <extensions>
     <power>0</power>
     <gpxtpx:TrackPointExtension>
      <gpxtpx:hr>133</gpxtpx:hr>
      <gpxtpx:cad>43</gpxtpx:cad>
     </gpxtpx:TrackPointExtension>
    </extensions>
   </trkpt>
   <trkpt lat="46.0102700" lon="9.7859110">
    <ele>1601.4</ele>
    <time>2025-11-01T09:25:16Z</time>
    <extensions>
     <power>0</power>
     <gpxtpx:TrackPointExtension>
      <gpxtpx:hr>133</gpxtpx:hr>
      <gpxtpx:cad>0</gpxtpx:cad>
     </gpxtpx:TrackPointExtension>
    </extensions>
   </trkpt>
   <trkpt lat="46.0102020" lon="9.7859500">
    <ele>1603.0</ele>
    <time>2025-11-01T09:25:26Z</time>
    <extensions>
     <power>301</power>
     <gpxtpx:TrackPointExtension>
      <gpxtpx:hr>131</gpxtpx:hr>
      <gpxtpx:cad>54</gpxtpx:cad>
     </gpxtpx:TrackPointExtension>
    </extensions>
   </trkpt>
   <trkpt lat="46.0101510" lon="9.7859610">
    <ele>1605.4</ele>
    <time>2025-11-01T09:25:36Z</time>
    <extensions>
     <power>276</power>
     <gpxtpx:TrackPointExtension>
      <gpxtpx:hr>132</gpxtpx:hr>
      <gpxtpx:cad>42</gpxtpx:cad>
     </gpxtpx:TrackPointExtension>
    </extensions>
   </trkpt>
   <trkpt lat="46.0100970" lon="9.7859430">
    <ele>1606.8</ele>
    <time>2025-11-01T09:25:46Z</time>
    <extensions>
     <power>0</power>
     <gpxtpx:TrackPointExtension>
      <gpxtpx:hr>133</gpxtpx:hr>
      <gpxtpx:cad>0</gpxtpx:cad>
     </gpxtpx:TrackPointExtension>
    </extensions>
   </trkpt>
   <trkpt lat="46.0100670" lon="9.7859760">
    <ele>1608.6</ele>
    <time>2025-11-01T09:25:56Z</time>
    <extensions>
     <power>0</power>
     <gpxtpx:TrackPointExtension>
      <gpxtpx:hr>136</gpxtpx:hr>
      <gpxtpx:cad>0</gpxtpx:cad>
     </gpxtpx:TrackPointExtension>
    </extensions>
   </trkpt>
   <trkpt lat="46.0100200" lon="9.7860180">
    <ele>1610.6</ele>
    <time>2025-11-01T09:26:06Z</time>
    <extensions>
     <power>203</power>
     <gpxtpx:TrackPointExtension>
      <gpxtpx:hr>135</gpxtpx:hr>
      <gpxtpx:cad>79</gpxtpx:cad>
     </gpxtpx:TrackPointExtension>
    </extensions>
   </trkpt>
   <trkpt lat="46.0099680" lon="9.7860260">
    <ele>1612.8</ele>
    <time>2025-11-01T09:26:16Z</time>
    <extensions>
     <power>0</power>
     <gpxtpx:TrackPointExtension>
      <gpxtpx:hr>139</gpxtpx:hr>
      <gpxtpx:cad>0</gpxtpx:cad>
     </gpxtpx:TrackPointExtension>
    </extensions>
   </trkpt>
   <trkpt lat="46.0099100" lon="9.7860090">
    <ele>1614.8</ele>
    <time>2025-11-01T09:26:26Z</time>
    <extensions>
     <power>0</power>
     <gpxtpx:TrackPointExtension>
      <gpxtpx:hr>142</gpxtpx:hr>
      <gpxtpx:cad>0</gpxtpx:cad>
     </gpxtpx:TrackPointExtension>
    </extensions>
   </trkpt>
   <trkpt lat="46.0098810" lon="9.7858840">
    <ele>1616.0</ele>
    <time>2025-11-01T09:26:36Z</time>
    <extensions>
     <power>0</power>
     <gpxtpx:TrackPointExtension>
      <gpxtpx:hr>142</gpxtpx:hr>
      <gpxtpx:cad>0</gpxtpx:cad>
     </gpxtpx:TrackPointExtension>
    </extensions>
   </trkpt>
   <trkpt lat="46.0098560" lon="9.7857770">
    <ele>1617.4</ele>
    <time>2025-11-01T09:26:45Z</time>
    <extensions>
     <power>0</power>
     <gpxtpx:TrackPointExtension>
      <gpxtpx:hr>142</gpxtpx:hr>
      <gpxtpx:cad>0</gpxtpx:cad>
     </gpxtpx:TrackPointExtension>
    </extensions>
   </trkpt>
   <trkpt lat="46.0098360" lon="9.7858180">
    <ele>1619.0</ele>
    <time>2025-11-01T09:26:55Z</time>
    <extensions>
     <power>352</power>
     <gpxtpx:TrackPointExtension>
      <gpxtpx:hr>142</gpxtpx:hr>
      <gpxtpx:cad>41</gpxtpx:cad>
     </gpxtpx:TrackPointExtension>
    </extensions>
   </trkpt>
   <trkpt lat="46.0098380" lon="9.7859270">
    <ele>1620.6</ele>
    <time>2025-11-01T09:27:05Z</time>
    <extensions>
     <power>0</power>
     <gpxtpx:TrackPointExtension>
      <gpxtpx:hr>142</gpxtpx:hr>
      <gpxtpx:cad>0</gpxtpx:cad>
     </gpxtpx:TrackPointExtension>
    </extensions>
   </trkpt>
   <trkpt lat="46.0098520" lon="9.7860200">
    <ele>1621.8</ele>
    <time>2025-11-01T09:27:15Z</time>
    <extensions>
     <power>0</power>
     <gpxtpx:TrackPointExtension>
      <gpxtpx:hr>141</gpxtpx:hr>
      <gpxtpx:cad>0</gpxtpx:cad>
     </gpxtpx:TrackPointExtension>
    </extensions>
   </trkpt>
   <trkpt lat="46.0097810" lon="9.7860500">
    <ele>1623.0</ele>
    <time>2025-11-01T09:27:25Z</time>
    <extensions>
     <power>0</power>
     <gpxtpx:TrackPointExtension>
      <gpxtpx:hr>140</gpxtpx:hr>
      <gpxtpx:cad>0</gpxtpx:cad>
     </gpxtpx:TrackPointExtension>
    </extensions>
   </trkpt>
   <trkpt lat="46.0097170" lon="9.7859670">
    <ele>1624.8</ele>
    <time>2025-11-01T09:27:35Z</time>
    <extensions>
     <power>0</power>
     <gpxtpx:TrackPointExtension>
      <gpxtpx:hr>137</gpxtpx:hr>
      <gpxtpx:cad>0</gpxtpx:cad>
     </gpxtpx:TrackPointExtension>
    </extensions>
   </trkpt>
   <trkpt lat="46.0096860" lon="9.7859250">
    <ele>1625.4</ele>
    <time>2025-11-01T09:27:45Z</time>
    <extensions>
     <power>401</power>
     <gpxtpx:TrackPointExtension>
      <gpxtpx:hr>139</gpxtpx:hr>
      <gpxtpx:cad>44</gpxtpx:cad>
     </gpxtpx:TrackPointExtension>
    </extensions>
   </trkpt>
   <trkpt lat="46.0097260" lon="9.7860030">
    <ele>1627.2</ele>
    <time>2025-11-01T09:27:55Z</time>
    <extensions>
     <power>396</power>
     <gpxtpx:TrackPointExtension>
      <gpxtpx:hr>137</gpxtpx:hr>
      <gpxtpx:cad>0</gpxtpx:cad>
     </gpxtpx:TrackPointExtension>
    </extensions>
   </trkpt>
   <trkpt lat="46.0097670" lon="9.7861340">
    <ele>1628.4</ele>
    <time>2025-11-01T09:28:05Z</time>
    <extensions>
     <power>272</power>
     <gpxtpx:TrackPointExtension>
      <gpxtpx:hr>139</gpxtpx:hr>
      <gpxtpx:cad>43</gpxtpx:cad>
     </gpxtpx:TrackPointExtension>
    </extensions>
   </trkpt>
   <trkpt lat="46.0097310" lon="9.7862100">
    <ele>1630.6</ele>
    <time>2025-11-01T09:28:15Z</time>
    <extensions>
     <power>0</power>
     <gpxtpx:TrackPointExtension>
      <gpxtpx:hr>135</gpxtpx:hr>
      <gpxtpx:cad>0</gpxtpx:cad>
     </gpxtpx:TrackPointExtension>
    </extensions>
   </trkpt>
   <trkpt lat="46.0096530" lon="9.7861750">
    <ele>1632.2</ele>
    <time>2025-11-01T09:28:25Z</time>
    <extensions>
     <power>0</power>
     <gpxtpx:TrackPointExtension>
      <gpxtpx:hr>140</gpxtpx:hr>
      <gpxtpx:cad>0</gpxtpx:cad>
     </gpxtpx:TrackPointExtension>
    </extensions>
   </trkpt>
   <trkpt lat="46.0096100" lon="9.7861220">
    <ele>1633.6</ele>
    <time>2025-11-01T09:28:35Z</time>
    <extensions>
     <power>68</power>
     <gpxtpx:TrackPointExtension>
      <gpxtpx:hr>139</gpxtpx:hr>
      <gpxtpx:cad>0</gpxtpx:cad>
     </gpxtpx:TrackPointExtension>
    </extensions>
   </trkpt>
   <trkpt lat="46.0095570" lon="9.7860800">
    <ele>1635.0</ele>
    <time>2025-11-01T09:28:45Z</time>
    <extensions>
     <power>0</power>
     <gpxtpx:TrackPointExtension>
      <gpxtpx:hr>137</gpxtpx:hr>
      <gpxtpx:cad>0</gpxtpx:cad>
     </gpxtpx:TrackPointExtension>
    </extensions>
   </trkpt>
   <trkpt lat="46.0095310" lon="9.7860770">
    <ele>1636.6</ele>
    <time>2025-11-01T09:28:55Z</time>
    <extensions>
     <power>0</power>
     <gpxtpx:TrackPointExtension>
      <gpxtpx:hr>136</gpxtpx:hr>
      <gpxtpx:cad>0</gpxtpx:cad>
     </gpxtpx:TrackPointExtension>
    </extensions>
   </trkpt>
   <trkpt lat="46.0095560" lon="9.7861520">
    <ele>1638.8</ele>
    <time>2025-11-01T09:29:05Z</time>
    <extensions>
     <power>0</power>
     <gpxtpx:TrackPointExtension>
      <gpxtpx:hr>136</gpxtpx:hr>
      <gpxtpx:cad>0</gpxtpx:cad>
     </gpxtpx:TrackPointExtension>
    </extensions>
   </trkpt>
   <trkpt lat="46.0095300" lon="9.7861570">
    <ele>1640.6</ele>
    <time>2025-11-01T09:29:15Z</time>
    <extensions>
     <power>0</power>
     <gpxtpx:TrackPointExtension>
      <gpxtpx:hr>138</gpxtpx:hr>
      <gpxtpx:cad>0</gpxtpx:cad>
     </gpxtpx:TrackPointExtension>
    </extensions>
   </trkpt>
   <trkpt lat="46.0095070" lon="9.7861530">
    <ele>1642.4</ele>
    <time>2025-11-01T09:29:25Z</time>
    <extensions>
     <power>0</power>
     <gpxtpx:TrackPointExtension>
      <gpxtpx:hr>139</gpxtpx:hr>
      <gpxtpx:cad>0</gpxtpx:cad>
     </gpxtpx:TrackPointExtension>
    </extensions>
   </trkpt>
   <trkpt lat="46.0095020" lon="9.7861840">
    <ele>1644.0</ele>
    <time>2025-11-01T09:29:35Z</time>
    <extensions>
     <power>0</power>
     <gpxtpx:TrackPointExtension>
      <gpxtpx:hr>139</gpxtpx:hr>
      <gpxtpx:cad>0</gpxtpx:cad>
     </gpxtpx:TrackPointExtension>
    </extensions>
   </trkpt>
   <trkpt lat="46.0094600" lon="9.7862000">
    <ele>1646.0</ele>
    <time>2025-11-01T09:29:45Z</time>
    <extensions>
     <power>0</power>
     <gpxtpx:TrackPointExtension>
      <gpxtpx:hr>141</gpxtpx:hr>
      <gpxtpx:cad>0</gpxtpx:cad>
     </gpxtpx:TrackPointExtension>
    </extensions>
   </trkpt>
   <trkpt lat="46.0094150" lon="9.7861420">
    <ele>1647.4</ele>
    <time>2025-11-01T09:29:55Z</time>
    <extensions>
     <power>0</power>
     <gpxtpx:TrackPointExtension>
      <gpxtpx:hr>142</gpxtpx:hr>
      <gpxtpx:cad>0</gpxtpx:cad>
     </gpxtpx:TrackPointExtension>
    </extensions>
   </trkpt>
   <trkpt lat="46.0094150" lon="9.7860730">
    <ele>1648.8</ele>
    <time>2025-11-01T09:30:05Z</time>
    <extensions>
     <power>0</power>
     <gpxtpx:TrackPointExtension>
      <gpxtpx:hr>143</gpxtpx:hr>
      <gpxtpx:cad>0</gpxtpx:cad>
     </gpxtpx:TrackPointExtension>
    </extensions>
   </trkpt>
   <trkpt lat="46.0093530" lon="9.7860270">
    <ele>1649.6</ele>
    <time>2025-11-01T09:30:15Z</time>
    <extensions>
     <power>0</power>
     <gpxtpx:TrackPointExtension>
      <gpxtpx:hr>143</gpxtpx:hr>
      <gpxtpx:cad>0</gpxtpx:cad>
     </gpxtpx:TrackPointExtension>
    </extensions>
   </trkpt>
   <trkpt lat="46.0093860" lon="9.7860450">
    <ele>1651.2</ele>
    <time>2025-11-01T09:30:25Z</time>
    <extensions>
     <power>0</power>
     <gpxtpx:TrackPointExtension>
      <gpxtpx:hr>140</gpxtpx:hr>
      <gpxtpx:cad>0</gpxtpx:cad>
     </gpxtpx:TrackPointExtension>
    </extensions>
   </trkpt>
   <trkpt lat="46.0093830" lon="9.7861190">
    <ele>1652.6</ele>
    <time>2025-11-01T09:30:35Z</time>
    <extensions>
     <power>0</power>
     <gpxtpx:TrackPointExtension>
      <gpxtpx:hr>138</gpxtpx:hr>
      <gpxtpx:cad>0</gpxtpx:cad>
     </gpxtpx:TrackPointExtension>
    </extensions>
   </trkpt>
   <trkpt lat="46.0093210" lon="9.7860600">
    <ele>1654.2</ele>
    <time>2025-11-01T09:30:45Z</time>
    <extensions>
     <power>427</power>
     <gpxtpx:TrackPointExtension>
      <gpxtpx:hr>137</gpxtpx:hr>
      <gpxtpx:cad>0</gpxtpx:cad>
     </gpxtpx:TrackPointExtension>
    </extensions>
   </trkpt>
   <trkpt lat="46.0092930" lon="9.7859880">
    <ele>1655.8</ele>
    <time>2025-11-01T09:30:55Z</time>
    <extensions>
     <power>0</power>
     <gpxtpx:TrackPointExtension>
      <gpxtpx:hr>137</gpxtpx:hr>
      <gpxtpx:cad>0</gpxtpx:cad>
     </gpxtpx:TrackPointExtension>
    </extensions>
   </trkpt>
   <trkpt lat="46.0092890" lon="9.7860110">
    <ele>1656.8</ele>
    <time>2025-11-01T09:31:05Z</time>
    <extensions>
     <power>0</power>
     <gpxtpx:TrackPointExtension>
      <gpxtpx:hr>140</gpxtpx:hr>
      <gpxtpx:cad>0</gpxtpx:cad>
     </gpxtpx:TrackPointExtension>
    </extensions>
   </trkpt>
   <trkpt lat="46.0093160" lon="9.7860600">
    <ele>1658.6</ele>
    <time>2025-11-01T09:31:15Z</time>
    <extensions>
     <power>0</power>
     <gpxtpx:TrackPointExtension>
      <gpxtpx:hr>133</gpxtpx:hr>
      <gpxtpx:cad>0</gpxtpx:cad>
     </gpxtpx:TrackPointExtension>
    </extensions>
   </trkpt>
   <trkpt lat="46.0093170" lon="9.7861450">
    <ele>1660.0</ele>
    <time>2025-11-01T09:31:25Z</time>
    <extensions>
     <power>0</power>
     <gpxtpx:TrackPointExtension>
      <gpxtpx:hr>135</gpxtpx:hr>
      <gpxtpx:cad>0</gpxtpx:cad>
     </gpxtpx:TrackPointExtension>
    </extensions>
   </trkpt>
   <trkpt lat="46.0092930" lon="9.7862180">
    <ele>1661.4</ele>
    <time>2025-11-01T09:31:35Z</time>
    <extensions>
     <power>0</power>
     <gpxtpx:TrackPointExtension>
      <gpxtpx:hr>136</gpxtpx:hr>
      <gpxtpx:cad>0</gpxtpx:cad>
     </gpxtpx:TrackPointExtension>
    </extensions>
   </trkpt>
   <trkpt lat="46.0092340" lon="9.7861800">
    <ele>1663.0</ele>
    <time>2025-11-01T09:31:45Z</time>
    <extensions>
     <power>0</power>
     <gpxtpx:TrackPointExtension>
      <gpxtpx:hr>137</gpxtpx:hr>
      <gpxtpx:cad>0</gpxtpx:cad>
     </gpxtpx:TrackPointExtension>
    </extensions>
   </trkpt>
   <trkpt lat="46.0092070" lon="9.7860960">
    <ele>1665.0</ele>
    <time>2025-11-01T09:31:55Z</time>
    <extensions>
     <power>0</power>
     <gpxtpx:TrackPointExtension>
      <gpxtpx:hr>139</gpxtpx:hr>
      <gpxtpx:cad>0</gpxtpx:cad>
     </gpxtpx:TrackPointExtension>
    </extensions>
   </trkpt>
   <trkpt lat="46.0091700" lon="9.7860110">
    <ele>1665.6</ele>
    <time>2025-11-01T09:32:04Z</time>
    <extensions>
     <power>0</power>
     <gpxtpx:TrackPointExtension>
      <gpxtpx:hr>138</gpxtpx:hr>
      <gpxtpx:cad>0</gpxtpx:cad>
     </gpxtpx:TrackPointExtension>
    </extensions>
   </trkpt>
   <trkpt lat="46.0091210" lon="9.7859660">
    <ele>1667.4</ele>
    <time>2025-11-01T09:32:14Z</time>
    <extensions>
     <power>0</power>
     <gpxtpx:TrackPointExtension>
      <gpxtpx:hr>138</gpxtpx:hr>
      <gpxtpx:cad>0</gpxtpx:cad>
     </gpxtpx:TrackPointExtension>
    </extensions>
   </trkpt>
   <trkpt lat="46.0090580" lon="9.7859080">
    <ele>1668.0</ele>
    <time>2025-11-01T09:32:24Z</time>
    <extensions>
     <power>0</power>
     <gpxtpx:TrackPointExtension>
      <gpxtpx:hr>138</gpxtpx:hr>
      <gpxtpx:cad>0</gpxtpx:cad>
     </gpxtpx:TrackPointExtension>
    </extensions>
   </trkpt>
   <trkpt lat="46.0090280" lon="9.7858850">
    <ele>1669.6</ele>
    <time>2025-11-01T09:32:34Z</time>
    <extensions>
     <power>0</power>
     <gpxtpx:TrackPointExtension>
      <gpxtpx:hr>139</gpxtpx:hr>
      <gpxtpx:cad>0</gpxtpx:cad>
     </gpxtpx:TrackPointExtension>
    </extensions>
   </trkpt>
   <trkpt lat="46.0090680" lon="9.7859790">
    <ele>1671.6</ele>
    <time>2025-11-01T09:32:44Z</time>
    <extensions>
     <power>574</power>
     <gpxtpx:TrackPointExtension>
      <gpxtpx:hr>139</gpxtpx:hr>
      <gpxtpx:cad>62</gpxtpx:cad>
     </gpxtpx:TrackPointExtension>
    </extensions>
   </trkpt>
   <trkpt lat="46.0090940" lon="9.7860910">
    <ele>1673.2</ele>
    <time>2025-11-01T09:32:54Z</time>
    <extensions>
     <power>435</power>
     <gpxtpx:TrackPointExtension>
      <gpxtpx:hr>138</gpxtpx:hr>
      <gpxtpx:cad>70</gpxtpx:cad>
     </gpxtpx:TrackPointExtension>
    </extensions>
   </trkpt>
   <trkpt lat="46.0091260" lon="9.7862220">
    <ele>1675.0</ele>
    <time>2025-11-01T09:33:04Z</time>
    <extensions>
     <power>0</power>
     <gpxtpx:TrackPointExtension>
      <gpxtpx:hr>138</gpxtpx:hr>
      <gpxtpx:cad>0</gpxtpx:cad>
     </gpxtpx:TrackPointExtension>
    </extensions>
   </trkpt>
   <trkpt lat="46.0091300" lon="9.7863500">
    <ele>1676.4</ele>
    <time>2025-11-01T09:33:14Z</time>
    <extensions>
     <power>0</power>
     <gpxtpx:TrackPointExtension>
      <gpxtpx:hr>139</gpxtpx:hr>
      <gpxtpx:cad>0</gpxtpx:cad>
     </gpxtpx:TrackPointExtension>
    </extensions>
   </trkpt>
   <trkpt lat="46.0090450" lon="9.7862760">
    <ele>1678.4</ele>
    <time>2025-11-01T09:33:24Z</time>
    <extensions>
     <power>0</power>
     <gpxtpx:TrackPointExtension>
      <gpxtpx:hr>141</gpxtpx:hr>
      <gpxtpx:cad>0</gpxtpx:cad>
     </gpxtpx:TrackPointExtension>
    </extensions>
   </trkpt>
   <trkpt lat="46.0089780" lon="9.7862280">
    <ele>1680.2</ele>
    <time>2025-11-01T09:33:34Z</time>
    <extensions>
     <power>0</power>
     <gpxtpx:TrackPointExtension>
      <gpxtpx:hr>142</gpxtpx:hr>
      <gpxtpx:cad>0</gpxtpx:cad>
     </gpxtpx:TrackPointExtension>
    </extensions>
   </trkpt>
   <trkpt lat="46.0089880" lon="9.7862800">
    <ele>1681.8</ele>
    <time>2025-11-01T09:33:44Z</time>
    <extensions>
     <power>0</power>
     <gpxtpx:TrackPointExtension>
      <gpxtpx:hr>142</gpxtpx:hr>
      <gpxtpx:cad>0</gpxtpx:cad>
     </gpxtpx:TrackPointExtension>
    </extensions>
   </trkpt>
   <trkpt lat="46.0090000" lon="9.7863800">
    <ele>1683.8</ele>
    <time>2025-11-01T09:33:54Z</time>
    <extensions>
     <power>0</power>
     <gpxtpx:TrackPointExtension>
      <gpxtpx:hr>141</gpxtpx:hr>
      <gpxtpx:cad>0</gpxtpx:cad>
     </gpxtpx:TrackPointExtension>
    </extensions>
   </trkpt>
   <trkpt lat="46.0089340" lon="9.7863860">
    <ele>1685.2</ele>
    <time>2025-11-01T09:34:04Z</time>
    <extensions>
     <power>0</power>
     <gpxtpx:TrackPointExtension>
      <gpxtpx:hr>142</gpxtpx:hr>
      <gpxtpx:cad>0</gpxtpx:cad>
     </gpxtpx:TrackPointExtension>
    </extensions>
   </trkpt>
   <trkpt lat="46.0088580" lon="9.7863480">
    <ele>1686.6</ele>
    <time>2025-11-01T09:34:14Z</time>
    <extensions>
     <power>0</power>
     <gpxtpx:TrackPointExtension>
      <gpxtpx:hr>142</gpxtpx:hr>
      <gpxtpx:cad>0</gpxtpx:cad>
     </gpxtpx:TrackPointExtension>
    </extensions>
   </trkpt>
   <trkpt lat="46.0088840" lon="9.7863860">
    <ele>1688.4</ele>
    <time>2025-11-01T09:34:24Z</time>
    <extensions>
     <power>0</power>
     <gpxtpx:TrackPointExtension>
      <gpxtpx:hr>142</gpxtpx:hr>
      <gpxtpx:cad>0</gpxtpx:cad>
     </gpxtpx:TrackPointExtension>
    </extensions>
   </trkpt>
   <trkpt lat="46.0088500" lon="9.7864170">
    <ele>1689.4</ele>
    <time>2025-11-01T09:34:34Z</time>
    <extensions>
     <power>0</power>
     <gpxtpx:TrackPointExtension>
      <gpxtpx:hr>143</gpxtpx:hr>
      <gpxtpx:cad>57</gpxtpx:cad>
     </gpxtpx:TrackPointExtension>
    </extensions>
   </trkpt>
   <trkpt lat="46.0087580" lon="9.7864210">
    <ele>1691.2</ele>
    <time>2025-11-01T09:34:44Z</time>
    <extensions>
     <power>138</power>
     <gpxtpx:TrackPointExtension>
      <gpxtpx:hr>142</gpxtpx:hr>
      <gpxtpx:cad>43</gpxtpx:cad>
     </gpxtpx:TrackPointExtension>
    </extensions>
   </trkpt>
   <trkpt lat="46.0087010" lon="9.7864520">
    <ele>1693.0</ele>
    <time>2025-11-01T09:34:54Z</time>
    <extensions>
     <power>0</power>
     <gpxtpx:TrackPointExtension>
      <gpxtpx:hr>140</gpxtpx:hr>
      <gpxtpx:cad>0</gpxtpx:cad>
     </gpxtpx:TrackPointExtension>
    </extensions>
   </trkpt>
   <trkpt lat="46.0086350" lon="9.7864260">
    <ele>1694.4</ele>
    <time>2025-11-01T09:35:04Z</time>
    <extensions>
     <power>0</power>
     <gpxtpx:TrackPointExtension>
      <gpxtpx:hr>141</gpxtpx:hr>
      <gpxtpx:cad>0</gpxtpx:cad>
     </gpxtpx:TrackPointExtension>
    </extensions>
   </trkpt>
   <trkpt lat="46.0086170" lon="9.7864360">
    <ele>1696.0</ele>
    <time>2025-11-01T09:35:14Z</time>
    <extensions>
     <power>0</power>
     <gpxtpx:TrackPointExtension>
      <gpxtpx:hr>140</gpxtpx:hr>
      <gpxtpx:cad>0</gpxtpx:cad>
     </gpxtpx:TrackPointExtension>
    </extensions>
   </trkpt>
   <trkpt lat="46.0085610" lon="9.7864830">
    <ele>1697.8</ele>
    <time>2025-11-01T09:35:24Z</time>
    <extensions>
     <power>0</power>
     <gpxtpx:TrackPointExtension>
      <gpxtpx:hr>140</gpxtpx:hr>
      <gpxtpx:cad>0</gpxtpx:cad>
     </gpxtpx:TrackPointExtension>
    </extensions>
   </trkpt>
   <trkpt lat="46.0084690" lon="9.7865290">
    <ele>1699.2</ele>
    <time>2025-11-01T09:35:34Z</time>
    <extensions>
     <power>0</power>
     <gpxtpx:TrackPointExtension>
      <gpxtpx:hr>141</gpxtpx:hr>
      <gpxtpx:cad>0</gpxtpx:cad>
     </gpxtpx:TrackPointExtension>
    </extensions>
   </trkpt>
   <trkpt lat="46.0084280" lon="9.7865610">
    <ele>1700.8</ele>
    <time>2025-11-01T09:35:44Z</time>
    <extensions>
     <power>0</power>
     <gpxtpx:TrackPointExtension>
      <gpxtpx:hr>139</gpxtpx:hr>
      <gpxtpx:cad>0</gpxtpx:cad>
     </gpxtpx:TrackPointExtension>
    </extensions>
   </trkpt>
   <trkpt lat="46.0083890" lon="9.7866320">
    <ele>1702.4</ele>
    <time>2025-11-01T09:35:54Z</time>
    <extensions>
     <power>0</power>
     <gpxtpx:TrackPointExtension>
      <gpxtpx:hr>139</gpxtpx:hr>
      <gpxtpx:cad>0</gpxtpx:cad>
     </gpxtpx:TrackPointExtension>
    </extensions>
   </trkpt>
   <trkpt lat="46.0082950" lon="9.7866610">
    <ele>1704.0</ele>
    <time>2025-11-01T09:36:04Z</time>
    <extensions>
     <power>0</power>
     <gpxtpx:TrackPointExtension>
      <gpxtpx:hr>140</gpxtpx:hr>
      <gpxtpx:cad>0</gpxtpx:cad>
     </gpxtpx:TrackPointExtension>
    </extensions>
   </trkpt>
   <trkpt lat="46.0082290" lon="9.7866750">
    <ele>1705.4</ele>
    <time>2025-11-01T09:36:14Z</time>
    <extensions>
     <power>0</power>
     <gpxtpx:TrackPointExtension>
      <gpxtpx:hr>140</gpxtpx:hr>
      <gpxtpx:cad>0</gpxtpx:cad>
     </gpxtpx:TrackPointExtension>
    </extensions>
   </trkpt>
   <trkpt lat="46.0081460" lon="9.7867010">
    <ele>1707.2</ele>
    <time>2025-11-01T09:36:24Z</time>
    <extensions>
     <power>0</power>
     <gpxtpx:TrackPointExtension>
      <gpxtpx:hr>138</gpxtpx:hr>
      <gpxtpx:cad>0</gpxtpx:cad>
     </gpxtpx:TrackPointExtension>
    </extensions>
   </trkpt>
   <trkpt lat="46.0080550" lon="9.7866850">
    <ele>1709.2</ele>
    <time>2025-11-01T09:36:34Z</time>
    <extensions>
     <power>0</power>
     <gpxtpx:TrackPointExtension>
      <gpxtpx:hr>138</gpxtpx:hr>
      <gpxtpx:cad>0</gpxtpx:cad>
     </gpxtpx:TrackPointExtension>
    </extensions>
   </trkpt>
   <trkpt lat="46.0080590" lon="9.7866780">
    <ele>1710.8</ele>
    <time>2025-11-01T09:36:44Z</time>
    <extensions>
     <power>0</power>
     <gpxtpx:TrackPointExtension>
      <gpxtpx:hr>139</gpxtpx:hr>
      <gpxtpx:cad>0</gpxtpx:cad>
     </gpxtpx:TrackPointExtension>
    </extensions>
   </trkpt>
   <trkpt lat="46.0081250" lon="9.7867360">
    <ele>1713.0</ele>
    <time>2025-11-01T09:36:54Z</time>
    <extensions>
     <power>0</power>
     <gpxtpx:TrackPointExtension>
      <gpxtpx:hr>139</gpxtpx:hr>
      <gpxtpx:cad>0</gpxtpx:cad>
     </gpxtpx:TrackPointExtension>
    </extensions>
   </trkpt>
   <trkpt lat="46.0081960" lon="9.7867770">
    <ele>1714.2</ele>
    <time>2025-11-01T09:37:04Z</time>
    <extensions>
     <power>591</power>
     <gpxtpx:TrackPointExtension>
      <gpxtpx:hr>140</gpxtpx:hr>
      <gpxtpx:cad>47</gpxtpx:cad>
     </gpxtpx:TrackPointExtension>
    </extensions>
   </trkpt>
   <trkpt lat="46.0083170" lon="9.7867880">
    <ele>1715.0</ele>
    <time>2025-11-01T09:37:14Z</time>
    <extensions>
     <power>536</power>
     <gpxtpx:TrackPointExtension>
      <gpxtpx:hr>141</gpxtpx:hr>
      <gpxtpx:cad>49</gpxtpx:cad>
     </gpxtpx:TrackPointExtension>
    </extensions>
   </trkpt>
   <trkpt lat="46.0084140" lon="9.7868420">
    <ele>1716.4</ele>
    <time>2025-11-01T09:37:24Z</time>
    <extensions>
     <power>0</power>
     <gpxtpx:TrackPointExtension>
      <gpxtpx:hr>140</gpxtpx:hr>
      <gpxtpx:cad>0</gpxtpx:cad>
     </gpxtpx:TrackPointExtension>
    </extensions>
   </trkpt>
   <trkpt lat="46.0084880" lon="9.7868870">
    <ele>1718.2</ele>
    <time>2025-11-01T09:37:33Z</time>
    <extensions>
     <power>61</power>
     <gpxtpx:TrackPointExtension>
      <gpxtpx:hr>140</gpxtpx:hr>
      <gpxtpx:cad>0</gpxtpx:cad>
     </gpxtpx:TrackPointExtension>
    </extensions>
   </trkpt>
   <trkpt lat="46.0085590" lon="9.7869880">
    <ele>1719.8</ele>
    <time>2025-11-01T09:37:43Z</time>
    <extensions>
     <power>270</power>
     <gpxtpx:TrackPointExtension>
      <gpxtpx:hr>138</gpxtpx:hr>
      <gpxtpx:cad>80</gpxtpx:cad>
     </gpxtpx:TrackPointExtension>
    </extensions>
   </trkpt>
   <trkpt lat="46.0085630" lon="9.7870900">
    <ele>1720.0</ele>
    <time>2025-11-01T09:37:53Z</time>
    <extensions>
     <power>279</power>
     <gpxtpx:TrackPointExtension>
      <gpxtpx:hr>138</gpxtpx:hr>
      <gpxtpx:cad>0</gpxtpx:cad>
     </gpxtpx:TrackPointExtension>
    </extensions>
   </trkpt>
   <trkpt lat="46.0086000" lon="9.7872110">
    <ele>1721.4</ele>
    <time>2025-11-01T09:38:03Z</time>
    <extensions>
     <power>0</power>
     <gpxtpx:TrackPointExtension>
      <gpxtpx:hr>137</gpxtpx:hr>
      <gpxtpx:cad>0</gpxtpx:cad>
     </gpxtpx:TrackPointExtension>
    </extensions>
   </trkpt>
   <trkpt lat="46.0085730" lon="9.7873030">
    <ele>1722.2</ele>
    <time>2025-11-01T09:38:13Z</time>
    <extensions>
     <power>0</power>
     <gpxtpx:TrackPointExtension>
      <gpxtpx:hr>134</gpxtpx:hr>
      <gpxtpx:cad>0</gpxtpx:cad>
     </gpxtpx:TrackPointExtension>
    </extensions>
   </trkpt>
   <trkpt lat="46.0085090" lon="9.7873370">
    <ele>1724.0</ele>
    <time>2025-11-01T09:38:23Z</time>
    <extensions>
     <power>0</power>
     <gpxtpx:TrackPointExtension>
      <gpxtpx:hr>134</gpxtpx:hr>
      <gpxtpx:cad>0</gpxtpx:cad>
     </gpxtpx:TrackPointExtension>
    </extensions>
   </trkpt>
   <trkpt lat="46.0085180" lon="9.7873990">
    <ele>1725.4</ele>
    <time>2025-11-01T09:38:33Z</time>
    <extensions>
     <power>0</power>
     <gpxtpx:TrackPointExtension>
      <gpxtpx:hr>133</gpxtpx:hr>
      <gpxtpx:cad>0</gpxtpx:cad>
     </gpxtpx:TrackPointExtension>
    </extensions>
   </trkpt>
   <trkpt lat="46.0085310" lon="9.7874760">
    <ele>1727.4</ele>
    <time>2025-11-01T09:38:43Z</time>
    <extensions>
     <power>0</power>
     <gpxtpx:TrackPointExtension>
      <gpxtpx:hr>135</gpxtpx:hr>
      <gpxtpx:cad>0</gpxtpx:cad>
     </gpxtpx:TrackPointExtension>
    </extensions>
   </trkpt>
   <trkpt lat="46.0085310" lon="9.7875740">
    <ele>1729.2</ele>
    <time>2025-11-01T09:38:53Z</time>
    <extensions>
     <power>82</power>
     <gpxtpx:TrackPointExtension>
      <gpxtpx:hr>136</gpxtpx:hr>
      <gpxtpx:cad>43</gpxtpx:cad>
     </gpxtpx:TrackPointExtension>
    </extensions>
   </trkpt>
   <trkpt lat="46.0084990" lon="9.7877020">
    <ele>1730.4</ele>
    <time>2025-11-01T09:39:03Z</time>
    <extensions>
     <power>0</power>
     <gpxtpx:TrackPointExtension>
      <gpxtpx:hr>140</gpxtpx:hr>
      <gpxtpx:cad>0</gpxtpx:cad>
     </gpxtpx:TrackPointExtension>
    </extensions>
   </trkpt>
   <trkpt lat="46.0084270" lon="9.7878290">
    <ele>1732.4</ele>
    <time>2025-11-01T09:39:13Z</time>
    <extensions>
     <power>0</power>
     <gpxtpx:TrackPointExtension>
      <gpxtpx:hr>142</gpxtpx:hr>
      <gpxtpx:cad>0</gpxtpx:cad>
     </gpxtpx:TrackPointExtension>
    </extensions>
   </trkpt>
   <trkpt lat="46.0083770" lon="9.7879530">
    <ele>1733.8</ele>
    <time>2025-11-01T09:39:23Z</time>
    <extensions>
     <power>0</power>
     <gpxtpx:TrackPointExtension>
      <gpxtpx:hr>142</gpxtpx:hr>
      <gpxtpx:cad>0</gpxtpx:cad>
     </gpxtpx:TrackPointExtension>
    </extensions>
   </trkpt>
   <trkpt lat="46.0083430" lon="9.7880850">
    <ele>1734.8</ele>
    <time>2025-11-01T09:39:33Z</time>
    <extensions>
     <power>0</power>
     <gpxtpx:TrackPointExtension>
      <gpxtpx:hr>143</gpxtpx:hr>
      <gpxtpx:cad>0</gpxtpx:cad>
     </gpxtpx:TrackPointExtension>
    </extensions>
   </trkpt>
   <trkpt lat="46.0082990" lon="9.7882260">
    <ele>1736.2</ele>
    <time>2025-11-01T09:39:43Z</time>
    <extensions>
     <power>0</power>
     <gpxtpx:TrackPointExtension>
      <gpxtpx:hr>142</gpxtpx:hr>
      <gpxtpx:cad>0</gpxtpx:cad>
     </gpxtpx:TrackPointExtension>
    </extensions>
   </trkpt>
   <trkpt lat="46.0082200" lon="9.7883310">
    <ele>1735.8</ele>
    <time>2025-11-01T09:39:53Z</time>
    <extensions>
     <power>311</power>
     <gpxtpx:TrackPointExtension>
      <gpxtpx:hr>142</gpxtpx:hr>
      <gpxtpx:cad>56</gpxtpx:cad>
     </gpxtpx:TrackPointExtension>
    </extensions>
   </trkpt>
   <trkpt lat="46.0081530" lon="9.7884660">
    <ele>1736.0</ele>
    <time>2025-11-01T09:40:03Z</time>
    <extensions>
     <power>348</power>
     <gpxtpx:TrackPointExtension>
      <gpxtpx:hr>138</gpxtpx:hr>
      <gpxtpx:cad>49</gpxtpx:cad>
     </gpxtpx:TrackPointExtension>
    </extensions>
   </trkpt>
   <trkpt lat="46.0081090" lon="9.7883870">
    <ele>1737.6</ele>
    <time>2025-11-01T09:40:13Z</time>
    <extensions>
     <power>0</power>
     <gpxtpx:TrackPointExtension>
      <gpxtpx:hr>134</gpxtpx:hr>
      <gpxtpx:cad>0</gpxtpx:cad>
     </gpxtpx:TrackPointExtension>
    </extensions>
   </trkpt>
   <trkpt lat="46.0080930" lon="9.7882660">
    <ele>1739.4</ele>
    <time>2025-11-01T09:40:23Z</time>
    <extensions>
     <power>312</power>
     <gpxtpx:TrackPointExtension>
      <gpxtpx:hr>133</gpxtpx:hr>
      <gpxtpx:cad>79</gpxtpx:cad>
     </gpxtpx:TrackPointExtension>
    </extensions>
   </trkpt>
   <trkpt lat="46.0080980" lon="9.7881390">
    <ele>1741.4</ele>
    <time>2025-11-01T09:40:33Z</time>
    <extensions>
     <power>209</power>
     <gpxtpx:TrackPointExtension>
      <gpxtpx:hr>134</gpxtpx:hr>
      <gpxtpx:cad>40</gpxtpx:cad>
     </gpxtpx:TrackPointExtension>
    </extensions>
   </trkpt>
   <trkpt lat="46.0081200" lon="9.7880690">
    <ele>1743.6</ele>
    <time>2025-11-01T09:40:43Z</time>
    <extensions>
     <power>0</power>
     <gpxtpx:TrackPointExtension>
      <gpxtpx:hr>136</gpxtpx:hr>
      <gpxtpx:cad>0</gpxtpx:cad>
     </gpxtpx:TrackPointExtension>
    </extensions>
   </trkpt>
   <trkpt lat="46.0081370" lon="9.7879430">
    <ele>1745.4</ele>
    <time>2025-11-01T09:40:53Z</time>
    <extensions>
     <power>0</power>
     <gpxtpx:TrackPointExtension>
      <gpxtpx:hr>138</gpxtpx:hr>
      <gpxtpx:cad>0</gpxtpx:cad>
     </gpxtpx:TrackPointExtension>
    </extensions>
   </trkpt>
   <trkpt lat="46.0081470" lon="9.7878370">
    <ele>1746.4</ele>
    <time>2025-11-01T09:41:03Z</time>
    <extensions>
     <power>0</power>
     <gpxtpx:TrackPointExtension>
      <gpxtpx:hr>140</gpxtpx:hr>
      <gpxtpx:cad>0</gpxtpx:cad>
     </gpxtpx:TrackPointExtension>
    </extensions>
   </trkpt>
   <trkpt lat="46.0081410" lon="9.7877100">
    <ele>1748.2</ele>
    <time>2025-11-01T09:41:13Z</time>
    <extensions>
     <power>0</power>
     <gpxtpx:TrackPointExtension>
      <gpxtpx:hr>143</gpxtpx:hr>
      <gpxtpx:cad>0</gpxtpx:cad>
     </gpxtpx:TrackPointExtension>
    </extensions>
   </trkpt>
   <trkpt lat="46.0081130" lon="9.7876040">
    <ele>1749.6</ele>
    <time>2025-11-01T09:41:23Z</time>
    <extensions>
     <power>0</power>
     <gpxtpx:TrackPointExtension>
      <gpxtpx:hr>140</gpxtpx:hr>
      <gpxtpx:cad>0</gpxtpx:cad>
     </gpxtpx:TrackPointExtension>
    </extensions>
   </trkpt>
   <trkpt lat="46.0080890" lon="9.7875240">
    <ele>1751.4</ele>
    <time>2025-11-01T09:41:33Z</time>
    <extensions>
     <power>0</power>
     <gpxtpx:TrackPointExtension>
      <gpxtpx:hr>142</gpxtpx:hr>
      <gpxtpx:cad>0</gpxtpx:cad>
     </gpxtpx:TrackPointExtension>
    </extensions>
   </trkpt>
   <trkpt lat="46.0080960" lon="9.7875350">
    <ele>1752.0</ele>
    <time>2025-11-01T09:41:43Z</time>
    <extensions>
     <power>0</power>
     <gpxtpx:TrackPointExtension>
      <gpxtpx:hr>142</gpxtpx:hr>
      <gpxtpx:cad>0</gpxtpx:cad>
     </gpxtpx:TrackPointExtension>
    </extensions>
   </trkpt>
   <trkpt lat="46.0081000" lon="9.7876610">
    <ele>1752.4</ele>
    <time>2025-11-01T09:41:53Z</time>
    <extensions>
     <power>0</power>
     <gpxtpx:TrackPointExtension>
      <gpxtpx:hr>141</gpxtpx:hr>
      <gpxtpx:cad>0</gpxtpx:cad>
     </gpxtpx:TrackPointExtension>
    </extensions>
   </trkpt>
   <trkpt lat="46.0080920" lon="9.7877890">
    <ele>1753.6</ele>
    <time>2025-11-01T09:42:03Z</time>
    <extensions>
     <power>0</power>
     <gpxtpx:TrackPointExtension>
      <gpxtpx:hr>143</gpxtpx:hr>
      <gpxtpx:cad>0</gpxtpx:cad>
     </gpxtpx:TrackPointExtension>
    </extensions>
   </trkpt>
   <trkpt lat="46.0080510" lon="9.7878770">
    <ele>1755.4</ele>
    <time>2025-11-01T09:42:13Z</time>
    <extensions>
     <power>0</power>
     <gpxtpx:TrackPointExtension>
      <gpxtpx:hr>140</gpxtpx:hr>
      <gpxtpx:cad>0</gpxtpx:cad>
     </gpxtpx:TrackPointExtension>
    </extensions>
   </trkpt>
   <trkpt lat="46.0080040" lon="9.7879310">
    <ele>1756.4</ele>
    <time>2025-11-01T09:42:23Z</time>
    <extensions>
     <power>0</power>
     <gpxtpx:TrackPointExtension>
      <gpxtpx:hr>138</gpxtpx:hr>
      <gpxtpx:cad>0</gpxtpx:cad>
     </gpxtpx:TrackPointExtension>
    </extensions>
   </trkpt>
   <trkpt lat="46.0079450" lon="9.7880130">
    <ele>1758.8</ele>
    <time>2025-11-01T09:42:33Z</time>
    <extensions>
     <power>0</power>
     <gpxtpx:TrackPointExtension>
      <gpxtpx:hr>138</gpxtpx:hr>
      <gpxtpx:cad>0</gpxtpx:cad>
     </gpxtpx:TrackPointExtension>
    </extensions>
   </trkpt>
   <trkpt lat="46.0079220" lon="9.7881420">
    <ele>1759.4</ele>
    <time>2025-11-01T09:42:43Z</time>
    <extensions>
     <power>396</power>
     <gpxtpx:TrackPointExtension>
      <gpxtpx:hr>140</gpxtpx:hr>
      <gpxtpx:cad>49</gpxtpx:cad>
     </gpxtpx:TrackPointExtension>
    </extensions>
   </trkpt>
   <trkpt lat="46.0078720" lon="9.7882650">
    <ele>1760.2</ele>
    <time>2025-11-01T09:42:52Z</time>
    <extensions>
     <power>0</power>
     <gpxtpx:TrackPointExtension>
      <gpxtpx:hr>140</gpxtpx:hr>
      <gpxtpx:cad>0</gpxtpx:cad>
     </gpxtpx:TrackPointExtension>
    </extensions>
   </trkpt>
   <trkpt lat="46.0078080" lon="9.7883840">
    <ele>1760.4</ele>
    <time>2025-11-01T09:43:02Z</time>
    <extensions>
     <power>0</power>
     <gpxtpx:TrackPointExtension>
      <gpxtpx:hr>139</gpxtpx:hr>
      <gpxtpx:cad>0</gpxtpx:cad>
     </gpxtpx:TrackPointExtension>
    </extensions>
   </trkpt>
   <trkpt lat="46.0077740" lon="9.7884850">
    <ele>1760.4</ele>
    <time>2025-11-01T09:43:12Z</time>
    <extensions>
     <power>0</power>
     <gpxtpx:TrackPointExtension>
      <gpxtpx:hr>137</gpxtpx:hr>
      <gpxtpx:cad>0</gpxtpx:cad>
     </gpxtpx:TrackPointExtension>
    </extensions>
   </trkpt>
   <trkpt lat="46.0077240" lon="9.7885790">
    <ele>1759.8</ele>
    <time>2025-11-01T09:43:22Z</time>
    <extensions>
     <power>0</power>
     <gpxtpx:TrackPointExtension>
      <gpxtpx:hr>134</gpxtpx:hr>
      <gpxtpx:cad>0</gpxtpx:cad>
     </gpxtpx:TrackPointExtension>
    </extensions>
   </trkpt>
   <trkpt lat="46.0076310" lon="9.7886760">
    <ele>1759.4</ele>
    <time>2025-11-01T09:43:32Z</time>
    <extensions>
     <power>0</power>
     <gpxtpx:TrackPointExtension>
      <gpxtpx:hr>131</gpxtpx:hr>
      <gpxtpx:cad>0</gpxtpx:cad>
     </gpxtpx:TrackPointExtension>
    </extensions>
   </trkpt>
   <trkpt lat="46.0075050" lon="9.7887070">
    <ele>1760.2</ele>
    <time>2025-11-01T09:43:42Z</time>
    <extensions>
     <power>0</power>
     <gpxtpx:TrackPointExtension>
      <gpxtpx:hr>127</gpxtpx:hr>
      <gpxtpx:cad>0</gpxtpx:cad>
     </gpxtpx:TrackPointExtension>
    </extensions>
   </trkpt>
   <trkpt lat="46.0074220" lon="9.7887650">
    <ele>1761.0</ele>
    <time>2025-11-01T09:43:52Z</time>
    <extensions>
     <power>291</power>
     <gpxtpx:TrackPointExtension>
      <gpxtpx:hr>126</gpxtpx:hr>
      <gpxtpx:cad>51</gpxtpx:cad>
     </gpxtpx:TrackPointExtension>
    </extensions>
   </trkpt>
   <trkpt lat="46.0073370" lon="9.7888240">
    <ele>1762.2</ele>
    <time>2025-11-01T09:44:02Z</time>
    <extensions>
     <power>0</power>
     <gpxtpx:TrackPointExtension>
      <gpxtpx:hr>125</gpxtpx:hr>
      <gpxtpx:cad>0</gpxtpx:cad>
     </gpxtpx:TrackPointExtension>
    </extensions>
   </trkpt>
   <trkpt lat="46.0072420" lon="9.7889160">
    <ele>1762.8</ele>
    <time>2025-11-01T09:44:12Z</time>
    <extensions>
     <power>0</power>
     <gpxtpx:TrackPointExtension>
      <gpxtpx:hr>131</gpxtpx:hr>
      <gpxtpx:cad>16</gpxtpx:cad>
     </gpxtpx:TrackPointExtension>
    </extensions>
   </trkpt>
   <trkpt lat="46.0071490" lon="9.7889780">
    <ele>1763.4</ele>
    <time>2025-11-01T09:44:22Z</time>
    <extensions>
     <power>0</power>
     <gpxtpx:TrackPointExtension>
      <gpxtpx:hr>130</gpxtpx:hr>
      <gpxtpx:cad>0</gpxtpx:cad>
     </gpxtpx:TrackPointExtension>
    </extensions>
   </trkpt>
   <trkpt lat="46.0071130" lon="9.7890070">
    <ele>1765.0</ele>
    <time>2025-11-01T09:44:32Z</time>
    <extensions>
     <power>0</power>
     <gpxtpx:TrackPointExtension>
      <gpxtpx:hr>124</gpxtpx:hr>
      <gpxtpx:cad>0</gpxtpx:cad>
     </gpxtpx:TrackPointExtension>
    </extensions>
   </trkpt>
   <trkpt lat="46.0070300" lon="9.7890890">
    <ele>1766.8</ele>
    <time>2025-11-01T09:44:42Z</time>
    <extensions>
     <power>0</power>
     <gpxtpx:TrackPointExtension>
      <gpxtpx:hr>130</gpxtpx:hr>
      <gpxtpx:cad>0</gpxtpx:cad>
     </gpxtpx:TrackPointExtension>
    </extensions>
   </trkpt>
   <trkpt lat="46.0069360" lon="9.7891460">
    <ele>1767.8</ele>
    <time>2025-11-01T09:44:52Z</time>
    <extensions>
     <power>0</power>
     <gpxtpx:TrackPointExtension>
      <gpxtpx:hr>134</gpxtpx:hr>
      <gpxtpx:cad>0</gpxtpx:cad>
     </gpxtpx:TrackPointExtension>
    </extensions>
   </trkpt>
   <trkpt lat="46.0068900" lon="9.7891090">
    <ele>1769.2</ele>
    <time>2025-11-01T09:45:02Z</time>
    <extensions>
     <power>0</power>
     <gpxtpx:TrackPointExtension>
      <gpxtpx:hr>136</gpxtpx:hr>
      <gpxtpx:cad>0</gpxtpx:cad>
     </gpxtpx:TrackPointExtension>
    </extensions>
   </trkpt>
   <trkpt lat="46.0069140" lon="9.7890360">
    <ele>1771.4</ele>
    <time>2025-11-01T09:45:12Z</time>
    <extensions>
     <power>0</power>
     <gpxtpx:TrackPointExtension>
      <gpxtpx:hr>136</gpxtpx:hr>
      <gpxtpx:cad>0</gpxtpx:cad>
     </gpxtpx:TrackPointExtension>
    </extensions>
   </trkpt>
   <trkpt lat="46.0068920" lon="9.7890460">
    <ele>1773.0</ele>
    <time>2025-11-01T09:45:22Z</time>
    <extensions>
     <power>0</power>
     <gpxtpx:TrackPointExtension>
      <gpxtpx:hr>137</gpxtpx:hr>
      <gpxtpx:cad>0</gpxtpx:cad>
     </gpxtpx:TrackPointExtension>
    </extensions>
   </trkpt>
   <trkpt lat="46.0068430" lon="9.7891070">
    <ele>1774.4</ele>
    <time>2025-11-01T09:45:32Z</time>
    <extensions>
     <power>0</power>
     <gpxtpx:TrackPointExtension>
      <gpxtpx:hr>138</gpxtpx:hr>
      <gpxtpx:cad>0</gpxtpx:cad>
     </gpxtpx:TrackPointExtension>
    </extensions>
   </trkpt>
   <trkpt lat="46.0067920" lon="9.7891720">
    <ele>1777.0</ele>
    <time>2025-11-01T09:45:42Z</time>
    <extensions>
     <power>0</power>
     <gpxtpx:TrackPointExtension>
      <gpxtpx:hr>140</gpxtpx:hr>
      <gpxtpx:cad>0</gpxtpx:cad>
     </gpxtpx:TrackPointExtension>
    </extensions>
   </trkpt>
   <trkpt lat="46.0067130" lon="9.7892380">
    <ele>1778.4</ele>
    <time>2025-11-01T09:45:52Z</time>
    <extensions>
     <power>211</power>
     <gpxtpx:TrackPointExtension>
      <gpxtpx:hr>142</gpxtpx:hr>
      <gpxtpx:cad>54</gpxtpx:cad>
     </gpxtpx:TrackPointExtension>
    </extensions>
   </trkpt>
   <trkpt lat="46.0066770" lon="9.7893070">
    <ele>1780.0</ele>
    <time>2025-11-01T09:46:02Z</time>
    <extensions>
     <power>0</power>
     <gpxtpx:TrackPointExtension>
      <gpxtpx:hr>145</gpxtpx:hr>
      <gpxtpx:cad>0</gpxtpx:cad>
     </gpxtpx:TrackPointExtension>
    </extensions>
   </trkpt>
   <trkpt lat="46.0066320" lon="9.7894130">
    <ele>1781.8</ele>
    <time>2025-11-01T09:46:12Z</time>
    <extensions>
     <power>419</power>
     <gpxtpx:TrackPointExtension>
      <gpxtpx:hr>143</gpxtpx:hr>
      <gpxtpx:cad>40</gpxtpx:cad>
     </gpxtpx:TrackPointExtension>
    </extensions>
   </trkpt>
   <trkpt lat="46.0065750" lon="9.7895370">
    <ele>1782.6</ele>
    <time>2025-11-01T09:46:22Z</time>
    <extensions>
     <power>327</power>
     <gpxtpx:TrackPointExtension>
      <gpxtpx:hr>143</gpxtpx:hr>
      <gpxtpx:cad>45</gpxtpx:cad>
     </gpxtpx:TrackPointExtension>
    </extensions>
   </trkpt>
   <trkpt lat="46.0065100" lon="9.7897010">
    <ele>1782.6</ele>
    <time>2025-11-01T09:46:32Z</time>
    <extensions>
     <power>337</power>
     <gpxtpx:TrackPointExtension>
      <gpxtpx:hr>142</gpxtpx:hr>
      <gpxtpx:cad>50</gpxtpx:cad>
     </gpxtpx:TrackPointExtension>
    </extensions>
   </trkpt>
   <trkpt lat="46.0064590" lon="9.7898500">
    <ele>1783.2</ele>
    <time>2025-11-01T09:46:42Z</time>
    <extensions>
     <power>265</power>
     <gpxtpx:TrackPointExtension>
      <gpxtpx:hr>143</gpxtpx:hr>
      <gpxtpx:cad>54</gpxtpx:cad>
     </gpxtpx:TrackPointExtension>
    </extensions>
   </trkpt>
   <trkpt lat="46.0063790" lon="9.7900080">
    <ele>1783.6</ele>
    <time>2025-11-01T09:46:52Z</time>
    <extensions>
     <power>249</power>
     <gpxtpx:TrackPointExtension>
      <gpxtpx:hr>139</gpxtpx:hr>
      <gpxtpx:cad>53</gpxtpx:cad>
     </gpxtpx:TrackPointExtension>
    </extensions>
   </trkpt>
   <trkpt lat="46.0062780" lon="9.7901060">
    <ele>1783.8</ele>
    <time>2025-11-01T09:47:02Z</time>
    <extensions>
     <power>220</power>
     <gpxtpx:TrackPointExtension>
      <gpxtpx:hr>132</gpxtpx:hr>
      <gpxtpx:cad>53</gpxtpx:cad>
     </gpxtpx:TrackPointExtension>
    </extensions>
   </trkpt>
   <trkpt lat="46.0062190" lon="9.7902160">
    <ele>1785.2</ele>
    <time>2025-11-01T09:47:12Z</time>
    <extensions>
     <power>0</power>
     <gpxtpx:TrackPointExtension>
      <gpxtpx:hr>130</gpxtpx:hr>
      <gpxtpx:cad>0</gpxtpx:cad>
     </gpxtpx:TrackPointExtension>
    </extensions>
   </trkpt>
   <trkpt lat="46.0062500" lon="9.7903420">
    <ele>1785.6</ele>
    <time>2025-11-01T09:47:22Z</time>
    <extensions>
     <power>0</power>
     <gpxtpx:TrackPointExtension>
      <gpxtpx:hr>129</gpxtpx:hr>
      <gpxtpx:cad>0</gpxtpx:cad>
     </gpxtpx:TrackPointExtension>
    </extensions>
   </trkpt>
   <trkpt lat="46.0063250" lon="9.7903450">
    <ele>1785.8</ele>
    <time>2025-11-01T09:47:32Z</time>
    <extensions>
     <power>0</power>
     <gpxtpx:TrackPointExtension>
      <gpxtpx:hr>128</gpxtpx:hr>
      <gpxtpx:cad>0</gpxtpx:cad>
     </gpxtpx:TrackPointExtension>
    </extensions>
   </trkpt>
   <trkpt lat="46.0063660" lon="9.7903650">
    <ele>1787.0</ele>
    <time>2025-11-01T09:47:42Z</time>
    <extensions>
     <power>0</power>
     <gpxtpx:TrackPointExtension>
      <gpxtpx:hr>125</gpxtpx:hr>
      <gpxtpx:cad>0</gpxtpx:cad>
     </gpxtpx:TrackPointExtension>
    </extensions>
   </trkpt>
   <trkpt lat="46.0063680" lon="9.7904000">
    <ele>1788.2</ele>
    <time>2025-11-01T09:47:52Z</time>
    <extensions>
     <power>0</power>
     <gpxtpx:TrackPointExtension>
      <gpxtpx:hr>120</gpxtpx:hr>
      <gpxtpx:cad>0</gpxtpx:cad>
     </gpxtpx:TrackPointExtension>
    </extensions>
   </trkpt>
   <trkpt lat="46.0063750" lon="9.7904310">
    <ele>1787.0</ele>
    <time>2025-11-01T09:48:02Z</time>
    <extensions>
     <power>0</power>
     <gpxtpx:TrackPointExtension>
      <gpxtpx:hr>120</gpxtpx:hr>
      <gpxtpx:cad>0</gpxtpx:cad>
     </gpxtpx:TrackPointExtension>
    </extensions>
   </trkpt>
   <trkpt lat="46.0063910" lon="9.7905070">
    <ele>1788.2</ele>
    <time>2025-11-01T09:48:11Z</time>
    <extensions>
     <power>0</power>
     <gpxtpx:TrackPointExtension>
      <gpxtpx:hr>119</gpxtpx:hr>
      <gpxtpx:cad>0</gpxtpx:cad>
     </gpxtpx:TrackPointExtension>
    </extensions>
   </trkpt>
   <trkpt lat="46.0063660" lon="9.7905910">
    <ele>1790.6</ele>
    <time>2025-11-01T09:48:21Z</time>
    <extensions>
     <power>0</power>
     <gpxtpx:TrackPointExtension>
      <gpxtpx:hr>117</gpxtpx:hr>
      <gpxtpx:cad>0</gpxtpx:cad>
     </gpxtpx:TrackPointExtension>
    </extensions>
   </trkpt>
   <trkpt lat="46.0063270" lon="9.7905960">
    <ele>1793.2</ele>
    <time>2025-11-01T09:48:31Z</time>
    <extensions>
     <power>0</power>
     <gpxtpx:TrackPointExtension>
      <gpxtpx:hr>123</gpxtpx:hr>
      <gpxtpx:cad>0</gpxtpx:cad>
     </gpxtpx:TrackPointExtension>
    </extensions>
   </trkpt>
   <trkpt lat="46.0062940" lon="9.7906270">
    <ele>1795.2</ele>
    <time>2025-11-01T09:48:41Z</time>
    <extensions>
     <power>0</power>
     <gpxtpx:TrackPointExtension>
      <gpxtpx:hr>123</gpxtpx:hr>
      <gpxtpx:cad>0</gpxtpx:cad>
     </gpxtpx:TrackPointExtension>
    </extensions>
   </trkpt>
   <trkpt lat="46.0062850" lon="9.7906560">
    <ele>1797.0</ele>
    <time>2025-11-01T09:48:51Z</time>
    <extensions>
     <power>0</power>
     <gpxtpx:TrackPointExtension>
      <gpxtpx:hr>123</gpxtpx:hr>
      <gpxtpx:cad>0</gpxtpx:cad>
     </gpxtpx:TrackPointExtension>
    </extensions>
   </trkpt>
   <trkpt lat="46.0062440" lon="9.7907220">
    <ele>1797.8</ele>
    <time>2025-11-01T09:49:01Z</time>
    <extensions>
     <power>0</power>
     <gpxtpx:TrackPointExtension>
      <gpxtpx:hr>126</gpxtpx:hr>
      <gpxtpx:cad>0</gpxtpx:cad>
     </gpxtpx:TrackPointExtension>
    </extensions>
   </trkpt>
   <trkpt lat="46.0061930" lon="9.7907910">
    <ele>1799.8</ele>
    <time>2025-11-01T09:49:11Z</time>
    <extensions>
     <power>0</power>
     <gpxtpx:TrackPointExtension>
      <gpxtpx:hr>126</gpxtpx:hr>
      <gpxtpx:cad>0</gpxtpx:cad>
     </gpxtpx:TrackPointExtension>
    </extensions>
   </trkpt>
   <trkpt lat="46.0061200" lon="9.7908700">
    <ele>1801.0</ele>
    <time>2025-11-01T09:49:21Z</time>
    <extensions>
     <power>0</power>
     <gpxtpx:TrackPointExtension>
      <gpxtpx:hr>136</gpxtpx:hr>
      <gpxtpx:cad>0</gpxtpx:cad>
     </gpxtpx:TrackPointExtension>
    </extensions>
   </trkpt>
   <trkpt lat="46.0060330" lon="9.7909010">
    <ele>1802.6</ele>
    <time>2025-11-01T09:49:31Z</time>
    <extensions>
     <power>0</power>
     <gpxtpx:TrackPointExtension>
      <gpxtpx:hr>134</gpxtpx:hr>
      <gpxtpx:cad>0</gpxtpx:cad>
     </gpxtpx:TrackPointExtension>
    </extensions>
   </trkpt>
   <trkpt lat="46.0059380" lon="9.7909370">
    <ele>1804.4</ele>
    <time>2025-11-01T09:49:41Z</time>
    <extensions>
     <power>439</power>
     <gpxtpx:TrackPointExtension>
      <gpxtpx:hr>133</gpxtpx:hr>
      <gpxtpx:cad>66</gpxtpx:cad>
     </gpxtpx:TrackPointExtension>
    </extensions>
   </trkpt>
   <trkpt lat="46.0058660" lon="9.7909680">
    <ele>1806.4</ele>
    <time>2025-11-01T09:49:51Z</time>
    <extensions>
     <power>381</power>
     <gpxtpx:TrackPointExtension>
      <gpxtpx:hr>137</gpxtpx:hr>
      <gpxtpx:cad>40</gpxtpx:cad>
     </gpxtpx:TrackPointExtension>
    </extensions>
   </trkpt>
   <trkpt lat="46.0057980" lon="9.7910050">
    <ele>1807.6</ele>
    <time>2025-11-01T09:50:01Z</time>
    <extensions>
     <power>478</power>
     <gpxtpx:TrackPointExtension>
      <gpxtpx:hr>138</gpxtpx:hr>
      <gpxtpx:cad>42</gpxtpx:cad>
     </gpxtpx:TrackPointExtension>
    </extensions>
   </trkpt>
   <trkpt lat="46.0057470" lon="9.7910570">
    <ele>1809.4</ele>
    <time>2025-11-01T09:50:11Z</time>
    <extensions>
     <power>236</power>
     <gpxtpx:TrackPointExtension>
      <gpxtpx:hr>139</gpxtpx:hr>
      <gpxtpx:cad>40</gpxtpx:cad>
     </gpxtpx:TrackPointExtension>
    </extensions>
   </trkpt>
   <trkpt lat="46.0057010" lon="9.7911060">
    <ele>1811.2</ele>
    <time>2025-11-01T09:50:21Z</time>
    <extensions>
     <power>0</power>
     <gpxtpx:TrackPointExtension>
      <gpxtpx:hr>140</gpxtpx:hr>
      <gpxtpx:cad>0</gpxtpx:cad>
     </gpxtpx:TrackPointExtension>
    </extensions>
   </trkpt>
   <trkpt lat="46.0056280" lon="9.7911330">
    <ele>1813.6</ele>
    <time>2025-11-01T09:50:31Z</time>
    <extensions>
     <power>0</power>
     <gpxtpx:TrackPointExtension>
      <gpxtpx:hr>139</gpxtpx:hr>
      <gpxtpx:cad>0</gpxtpx:cad>
     </gpxtpx:TrackPointExtension>
    </extensions>
   </trkpt>
   <trkpt lat="46.0055730" lon="9.7911990">
    <ele>1815.8</ele>
    <time>2025-11-01T09:50:41Z</time>
    <extensions>
     <power>381</power>
     <gpxtpx:TrackPointExtension>
      <gpxtpx:hr>142</gpxtpx:hr>
      <gpxtpx:cad>77</gpxtpx:cad>
     </gpxtpx:TrackPointExtension>
    </extensions>
   </trkpt>
   <trkpt lat="46.0054850" lon="9.7912570">
    <ele>1816.8</ele>
    <time>2025-11-01T09:50:51Z</time>
    <extensions>
     <power>421</power>
     <gpxtpx:TrackPointExtension>
      <gpxtpx:hr>142</gpxtpx:hr>
      <gpxtpx:cad>77</gpxtpx:cad>
     </gpxtpx:TrackPointExtension>
    </extensions>
   </trkpt>
   <trkpt lat="46.0054040" lon="9.7913110">
    <ele>1819.0</ele>
    <time>2025-11-01T09:51:01Z</time>
    <extensions>
     <power>0</power>
     <gpxtpx:TrackPointExtension>
      <gpxtpx:hr>141</gpxtpx:hr>
      <gpxtpx:cad>0</gpxtpx:cad>
     </gpxtpx:TrackPointExtension>
    </extensions>
   </trkpt>
   <trkpt lat="46.0053060" lon="9.7913630">
    <ele>1820.4</ele>
    <time>2025-11-01T09:51:11Z</time>
    <extensions>
     <power>0</power>
     <gpxtpx:TrackPointExtension>
      <gpxtpx:hr>141</gpxtpx:hr>
      <gpxtpx:cad>0</gpxtpx:cad>
     </gpxtpx:TrackPointExtension>
    </extensions>
   </trkpt>
   <trkpt lat="46.0052060" lon="9.7913470">
    <ele>1821.0</ele>
    <time>2025-11-01T09:51:21Z</time>
    <extensions>
     <power>0</power>
     <gpxtpx:TrackPointExtension>
      <gpxtpx:hr>139</gpxtpx:hr>
      <gpxtpx:cad>0</gpxtpx:cad>
     </gpxtpx:TrackPointExtension>
    </extensions>
   </trkpt>
   <trkpt lat="46.0051480" lon="9.7912530">
    <ele>1822.6</ele>
    <time>2025-11-01T09:51:31Z</time>
    <extensions>
     <power>268</power>
     <gpxtpx:TrackPointExtension>
      <gpxtpx:hr>138</gpxtpx:hr>
      <gpxtpx:cad>47</gpxtpx:cad>
     </gpxtpx:TrackPointExtension>
    </extensions>
   </trkpt>
   <trkpt lat="46.0050890" lon="9.7911930">
    <ele>1825.0</ele>
    <time>2025-11-01T09:51:41Z</time>
    <extensions>
     <power>0</power>
     <gpxtpx:TrackPointExtension>
      <gpxtpx:hr>136</gpxtpx:hr>
      <gpxtpx:cad>0</gpxtpx:cad>
     </gpxtpx:TrackPointExtension>
    </extensions>
   </trkpt>
   <trkpt lat="46.0050110" lon="9.7911620">
    <ele>1827.0</ele>
    <time>2025-11-01T09:51:51Z</time>
    <extensions>
     <power>0</power>
     <gpxtpx:TrackPointExtension>
      <gpxtpx:hr>137</gpxtpx:hr>
      <gpxtpx:cad>0</gpxtpx:cad>
     </gpxtpx:TrackPointExtension>
    </extensions>
   </trkpt>
   <trkpt lat="46.0048970" lon="9.7911770">
    <ele>1828.6</ele>
    <time>2025-11-01T09:52:01Z</time>
    <extensions>
     <power>365</power>
     <gpxtpx:TrackPointExtension>
      <gpxtpx:hr>148</gpxtpx:hr>
      <gpxtpx:cad>50</gpxtpx:cad>
     </gpxtpx:TrackPointExtension>
    </extensions>
   </trkpt>
   <trkpt lat="46.0048000" lon="9.7912430">
    <ele>1830.2</ele>
    <time>2025-11-01T09:52:11Z</time>
    <extensions>
     <power>364</power>
     <gpxtpx:TrackPointExtension>
      <gpxtpx:hr>138</gpxtpx:hr>
      <gpxtpx:cad>47</gpxtpx:cad>
     </gpxtpx:TrackPointExtension>
    </extensions>
   </trkpt>
   <trkpt lat="46.0046980" lon="9.7912820">
    <ele>1832.0</ele>
    <time>2025-11-01T09:52:21Z</time>
    <extensions>
     <power>239</power>
     <gpxtpx:TrackPointExtension>
      <gpxtpx:hr>139</gpxtpx:hr>
      <gpxtpx:cad>43</gpxtpx:cad>
     </gpxtpx:TrackPointExtension>
    </extensions>
   </trkpt>
   <trkpt lat="46.0046250" lon="9.7912800">
    <ele>1833.6</ele>
    <time>2025-11-01T09:52:31Z</time>
    <extensions>
     <power>282</power>
     <gpxtpx:TrackPointExtension>
      <gpxtpx:hr>139</gpxtpx:hr>
      <gpxtpx:cad>46</gpxtpx:cad>
     </gpxtpx:TrackPointExtension>
    </extensions>
   </trkpt>
   <trkpt lat="46.0045840" lon="9.7911930">
    <ele>1835.4</ele>
    <time>2025-11-01T09:52:41Z</time>
    <extensions>
     <power>0</power>
     <gpxtpx:TrackPointExtension>
      <gpxtpx:hr>138</gpxtpx:hr>
      <gpxtpx:cad>0</gpxtpx:cad>
     </gpxtpx:TrackPointExtension>
    </extensions>
   </trkpt>
   <trkpt lat="46.0045090" lon="9.7911580">
    <ele>1836.8</ele>
    <time>2025-11-01T09:52:51Z</time>
    <extensions>
     <power>0</power>
     <gpxtpx:TrackPointExtension>
      <gpxtpx:hr>138</gpxtpx:hr>
      <gpxtpx:cad>0</gpxtpx:cad>
     </gpxtpx:TrackPointExtension>
    </extensions>
   </trkpt>
   <trkpt lat="46.0044680" lon="9.7911300">
    <ele>1838.6</ele>
    <time>2025-11-01T09:53:01Z</time>
    <extensions>
     <power>0</power>
     <gpxtpx:TrackPointExtension>
      <gpxtpx:hr>139</gpxtpx:hr>
      <gpxtpx:cad>0</gpxtpx:cad>
     </gpxtpx:TrackPointExtension>
    </extensions>
   </trkpt>
   <trkpt lat="46.0044050" lon="9.7910950">
    <ele>1841.0</ele>
    <time>2025-11-01T09:53:11Z</time>
    <extensions>
     <power>0</power>
     <gpxtpx:TrackPointExtension>
      <gpxtpx:hr>139</gpxtpx:hr>
      <gpxtpx:cad>0</gpxtpx:cad>
     </gpxtpx:TrackPointExtension>
    </extensions>
   </trkpt>
   <trkpt lat="46.0043550" lon="9.7910390">
    <ele>1843.4</ele>
    <time>2025-11-01T09:53:21Z</time>
    <extensions>
     <power>0</power>
     <gpxtpx:TrackPointExtension>
      <gpxtpx:hr>140</gpxtpx:hr>
      <gpxtpx:cad>0</gpxtpx:cad>
     </gpxtpx:TrackPointExtension>
    </extensions>
   </trkpt>
   <trkpt lat="46.0043410" lon="9.7910140">
    <ele>1844.6</ele>
    <time>2025-11-01T09:53:30Z</time>
    <extensions>
     <power>0</power>
     <gpxtpx:TrackPointExtension>
      <gpxtpx:hr>141</gpxtpx:hr>
      <gpxtpx:cad>0</gpxtpx:cad>
     </gpxtpx:TrackPointExtension>
    </extensions>
   </trkpt>
   <trkpt lat="46.0043470" lon="9.7909330">
    <ele>1847.4</ele>
    <time>2025-11-01T09:53:40Z</time>
    <extensions>
     <power>0</power>
     <gpxtpx:TrackPointExtension>
      <gpxtpx:hr>141</gpxtpx:hr>
      <gpxtpx:cad>0</gpxtpx:cad>
     </gpxtpx:TrackPointExtension>
    </extensions>
   </trkpt>
   <trkpt lat="46.0043630" lon="9.7908540">
    <ele>1849.2</ele>
    <time>2025-11-01T09:53:50Z</time>
    <extensions>
     <power>0</power>
     <gpxtpx:TrackPointExtension>
      <gpxtpx:hr>143</gpxtpx:hr>
      <gpxtpx:cad>0</gpxtpx:cad>
     </gpxtpx:TrackPointExtension>
    </extensions>
   </trkpt>
   <trkpt lat="46.0043660" lon="9.7908020">
    <ele>1852.0</ele>
    <time>2025-11-01T09:54:00Z</time>
    <extensions>
     <power>383</power>
     <gpxtpx:TrackPointExtension>
      <gpxtpx:hr>144</gpxtpx:hr>
      <gpxtpx:cad>75</gpxtpx:cad>
     </gpxtpx:TrackPointExtension>
    </extensions>
   </trkpt>
   <trkpt lat="46.0043380" lon="9.7907110">
    <ele>1853.8</ele>
    <time>2025-11-01T09:54:10Z</time>
    <extensions>
     <power>0</power>
     <gpxtpx:TrackPointExtension>
      <gpxtpx:hr>145</gpxtpx:hr>
      <gpxtpx:cad>0</gpxtpx:cad>
     </gpxtpx:TrackPointExtension>
    </extensions>
   </trkpt>
   <trkpt lat="46.0043070" lon="9.7905970">
    <ele>1855.0</ele>
    <time>2025-11-01T09:54:20Z</time>
    <extensions>
     <power>460</power>
     <gpxtpx:TrackPointExtension>
      <gpxtpx:hr>146</gpxtpx:hr>
      <gpxtpx:cad>0</gpxtpx:cad>
     </gpxtpx:TrackPointExtension>
    </extensions>
   </trkpt>
   <trkpt lat="46.0042600" lon="9.7904360">
    <ele>1854.0</ele>
    <time>2025-11-01T09:54:30Z</time>
    <extensions>
     <power>468</power>
     <gpxtpx:TrackPointExtension>
      <gpxtpx:hr>146</gpxtpx:hr>
      <gpxtpx:cad>55</gpxtpx:cad>
     </gpxtpx:TrackPointExtension>
    </extensions>
   </trkpt>
   <trkpt lat="46.0042680" lon="9.7903010">
    <ele>1853.0</ele>
    <time>2025-11-01T09:54:40Z</time>
    <extensions>
     <power>381</power>
     <gpxtpx:TrackPointExtension>
      <gpxtpx:hr>145</gpxtpx:hr>
      <gpxtpx:cad>62</gpxtpx:cad>
     </gpxtpx:TrackPointExtension>
    </extensions>
   </trkpt>
   <trkpt lat="46.0042780" lon="9.7903690">
    <ele>1852.6</ele>
    <time>2025-11-01T09:54:50Z</time>
    <extensions>
     <power>0</power>
     <gpxtpx:TrackPointExtension>
      <gpxtpx:hr>141</gpxtpx:hr>
      <gpxtpx:cad>0</gpxtpx:cad>
     </gpxtpx:TrackPointExtension>
    </extensions>
   </trkpt>
   <trkpt lat="46.0042600" lon="9.7904870">
    <ele>1854.4</ele>
    <time>2025-11-01T09:55:00Z</time>
    <extensions>
     <power>0</power>
     <gpxtpx:TrackPointExtension>
      <gpxtpx:hr>138</gpxtpx:hr>
      <gpxtpx:cad>0</gpxtpx:cad>
     </gpxtpx:TrackPointExtension>
    </extensions>
   </trkpt>
   <trkpt lat="46.0042590" lon="9.7904880">
    <ele>1854.8</ele>
    <time>2025-11-01T09:55:10Z</time>
    <extensions>
     <power>0</power>
     <gpxtpx:TrackPointExtension>
      <gpxtpx:hr>136</gpxtpx:hr>
      <gpxtpx:cad>0</gpxtpx:cad>
     </gpxtpx:TrackPointExtension>
    </extensions>
   </trkpt>
   <trkpt lat="46.0042570" lon="9.7904870">
    <ele>1854.8</ele>
    <time>2025-11-01T09:55:20Z</time>
    <extensions>
     <power>0</power>
     <gpxtpx:TrackPointExtension>
      <gpxtpx:hr>139</gpxtpx:hr>
      <gpxtpx:cad>0</gpxtpx:cad>
     </gpxtpx:TrackPointExtension>
    </extensions>
   </trkpt>
   <trkpt lat="46.0042540" lon="9.7904850">
    <ele>1854.6</ele>
    <time>2025-11-01T09:55:30Z</time>
    <extensions>
     <power>0</power>
     <gpxtpx:TrackPointExtension>
      <gpxtpx:hr>136</gpxtpx:hr>
      <gpxtpx:cad>0</gpxtpx:cad>
     </gpxtpx:TrackPointExtension>
    </extensions>
   </trkpt>
   <trkpt lat="46.0042520" lon="9.7904820">
    <ele>1854.8</ele>
    <time>2025-11-01T09:55:40Z</time>
    <extensions>
     <power>0</power>
     <gpxtpx:TrackPointExtension>
      <gpxtpx:hr>127</gpxtpx:hr>
      <gpxtpx:cad>0</gpxtpx:cad>
     </gpxtpx:TrackPointExtension>
    </extensions>
   </trkpt>
   <trkpt lat="46.0042580" lon="9.7903540">
    <ele>1854.6</ele>
    <time>2025-11-01T09:55:50Z</time>
    <extensions>
     <power>241</power>
     <gpxtpx:TrackPointExtension>
      <gpxtpx:hr>123</gpxtpx:hr>
      <gpxtpx:cad>55</gpxtpx:cad>
     </gpxtpx:TrackPointExtension>
    </extensions>
   </trkpt>
   <trkpt lat="46.0042020" lon="9.7902800">
    <ele>1852.0</ele>
    <time>2025-11-01T09:56:00Z</time>
    <extensions>
     <power>136</power>
     <gpxtpx:TrackPointExtension>
      <gpxtpx:hr>117</gpxtpx:hr>
      <gpxtpx:cad>58</gpxtpx:cad>
     </gpxtpx:TrackPointExtension>
    </extensions>
   </trkpt>
   <trkpt lat="46.0041130" lon="9.7902680">
    <ele>1850.8</ele>
    <time>2025-11-01T09:56:10Z</time>
    <extensions>
     <power>75</power>
     <gpxtpx:TrackPointExtension>
      <gpxtpx:hr>119</gpxtpx:hr>
      <gpxtpx:cad>49</gpxtpx:cad>
     </gpxtpx:TrackPointExtension>
    </extensions>
   </trkpt>
   <trkpt lat="46.0041150" lon="9.7902670">
    <ele>1850.8</ele>
    <time>2025-11-01T09:56:20Z</time>
    <extensions>
     <power>0</power>
     <gpxtpx:TrackPointExtension>
      <gpxtpx:hr>110</gpxtpx:hr>
      <gpxtpx:cad>0</gpxtpx:cad>
     </gpxtpx:TrackPointExtension>
    </extensions>
   </trkpt>
   <trkpt lat="46.0041130" lon="9.7902730">
    <ele>1850.6</ele>
    <time>2025-11-01T09:56:30Z</time>
    <extensions>
     <power>0</power>
     <gpxtpx:TrackPointExtension>
      <gpxtpx:hr>109</gpxtpx:hr>
      <gpxtpx:cad>0</gpxtpx:cad>
     </gpxtpx:TrackPointExtension>
    </extensions>
   </trkpt>
   <trkpt lat="46.0041090" lon="9.7902890">
    <ele>1850.8</ele>
    <time>2025-11-01T09:56:40Z</time>
    <extensions>
     <power>0</power>
     <gpxtpx:TrackPointExtension>
      <gpxtpx:hr>114</gpxtpx:hr>
      <gpxtpx:cad>0</gpxtpx:cad>
     </gpxtpx:TrackPointExtension>
    </extensions>
   </trkpt>
   <trkpt lat="46.0040820" lon="9.7903230">
    <ele>1851.2</ele>
    <time>2025-11-01T09:56:50Z</time>
    <extensions>
     <power>0</power>
     <gpxtpx:TrackPointExtension>
      <gpxtpx:hr>114</gpxtpx:hr>
      <gpxtpx:cad>0</gpxtpx:cad>
     </gpxtpx:TrackPointExtension>
    </extensions>
   </trkpt>
   <trkpt lat="46.0039480" lon="9.7903630">
    <ele>1851.8</ele>
    <time>2025-11-01T09:57:00Z</time>
    <extensions>
     <power>0</power>
     <gpxtpx:TrackPointExtension>
      <gpxtpx:hr>113</gpxtpx:hr>
      <gpxtpx:cad>0</gpxtpx:cad>
     </gpxtpx:TrackPointExtension>
    </extensions>
   </trkpt>
   <trkpt lat="46.0037600" lon="9.7903500">
    <ele>1854.2</ele>
    <time>2025-11-01T09:57:10Z</time>
    <extensions>
     <power>427</power>
     <gpxtpx:TrackPointExtension>
      <gpxtpx:hr>118</gpxtpx:hr>
      <gpxtpx:cad>79</gpxtpx:cad>
     </gpxtpx:TrackPointExtension>
    </extensions>
   </trkpt>
   <trkpt lat="46.0035420" lon="9.7903850">
    <ele>1854.4</ele>
    <time>2025-11-01T09:57:20Z</time>
    <extensions>
     <power>441</power>
     <gpxtpx:TrackPointExtension>
      <gpxtpx:hr>129</gpxtpx:hr>
      <gpxtpx:cad>84</gpxtpx:cad>
     </gpxtpx:TrackPointExtension>
    </extensions>
   </trkpt>
   <trkpt lat="46.0034530" lon="9.7901640">
    <ele>1854.4</ele>
    <time>2025-11-01T09:57:30Z</time>
    <extensions>
     <power>427</power>
     <gpxtpx:TrackPointExtension>
      <gpxtpx:hr>136</gpxtpx:hr>
      <gpxtpx:cad>81</gpxtpx:cad>
     </gpxtpx:TrackPointExtension>
    </extensions>
   </trkpt>
   <trkpt lat="46.0034280" lon="9.7898300">
    <ele>1854.0</ele>
    <time>2025-11-01T09:57:40Z</time>
    <extensions>
     <power>350</power>
     <gpxtpx:TrackPointExtension>
      <gpxtpx:hr>135</gpxtpx:hr>
      <gpxtpx:cad>85</gpxtpx:cad>
     </gpxtpx:TrackPointExtension>
    </extensions>
   </trkpt>
   <trkpt lat="46.0033590" lon="9.7895150">
    <ele>1853.8</ele>
    <time>2025-11-01T09:57:50Z</time>
    <extensions>
     <power>350</power>
     <gpxtpx:TrackPointExtension>
      <gpxtpx:hr>136</gpxtpx:hr>
      <gpxtpx:cad>84</gpxtpx:cad>
     </gpxtpx:TrackPointExtension>
    </extensions>
   </trkpt>
   <trkpt lat="46.0032520" lon="9.7892210">
    <ele>1853.4</ele>
    <time>2025-11-01T09:58:00Z</time>
    <extensions>
     <power>338</power>
     <gpxtpx:TrackPointExtension>
      <gpxtpx:hr>139</gpxtpx:hr>
      <gpxtpx:cad>82</gpxtpx:cad>
     </gpxtpx:TrackPointExtension>
    </extensions>
   </trkpt>
   <trkpt lat="46.0030680" lon="9.7890950">
    <ele>1853.4</ele>
    <time>2025-11-01T09:58:10Z</time>
    <extensions>
     <power>298</power>
     <gpxtpx:TrackPointExtension>
      <gpxtpx:hr>140</gpxtpx:hr>
      <gpxtpx:cad>87</gpxtpx:cad>
     </gpxtpx:TrackPointExtension>
    </extensions>
   </trkpt>
   <trkpt lat="46.0028850" lon="9.7889220">
    <ele>1853.2</ele>
    <time>2025-11-01T09:58:20Z</time>
    <extensions>
     <power>312</power>
     <gpxtpx:TrackPointExtension>
      <gpxtpx:hr>141</gpxtpx:hr>
      <gpxtpx:cad>85</gpxtpx:cad>
     </gpxtpx:TrackPointExtension>
    </extensions>
   </trkpt>
   <trkpt lat="46.0026840" lon="9.7888460">
    <ele>1854.4</ele>
    <time>2025-11-01T09:58:30Z</time>
    <extensions>
     <power>312</power>
     <gpxtpx:TrackPointExtension>
      <gpxtpx:hr>142</gpxtpx:hr>
      <gpxtpx:cad>84</gpxtpx:cad>
     </gpxtpx:TrackPointExtension>
    </extensions>
   </trkpt>
   <trkpt lat="46.0024940" lon="9.7889370">
    <ele>1854.6</ele>
    <time>2025-11-01T09:58:40Z</time>
    <extensions>
     <power>335</power>
     <gpxtpx:TrackPointExtension>
      <gpxtpx:hr>143</gpxtpx:hr>
      <gpxtpx:cad>83</gpxtpx:cad>
     </gpxtpx:TrackPointExtension>
    </extensions>
   </trkpt>
   <trkpt lat="46.0023870" lon="9.7892190">
    <ele>1854.4</ele>
    <time>2025-11-01T09:58:50Z</time>
    <extensions>
     <power>357</power>
     <gpxtpx:TrackPointExtension>
      <gpxtpx:hr>147</gpxtpx:hr>
      <gpxtpx:cad>82</gpxtpx:cad>
     </gpxtpx:TrackPointExtension>
    </extensions>
   </trkpt>
   <trkpt lat="46.0023110" lon="9.7894620">
    <ele>1854.8</ele>
    <time>2025-11-01T09:58:59Z</time>
    <extensions>
     <power>316</power>
     <gpxtpx:TrackPointExtension>
      <gpxtpx:hr>148</gpxtpx:hr>
      <gpxtpx:cad>84</gpxtpx:cad>
     </gpxtpx:TrackPointExtension>
    </extensions>
   </trkpt>
   <trkpt lat="46.0020930" lon="9.7895260">
    <ele>1853.8</ele>
    <time>2025-11-01T09:59:09Z</time>
    <extensions>
     <power>314</power>
     <gpxtpx:TrackPointExtension>
      <gpxtpx:hr>148</gpxtpx:hr>
      <gpxtpx:cad>80</gpxtpx:cad>
     </gpxtpx:TrackPointExtension>
    </extensions>
   </trkpt>
   <trkpt lat="46.0019320" lon="9.7896500">
    <ele>1854.4</ele>
    <time>2025-11-01T09:59:19Z</time>
    <extensions>
     <power>304</power>
     <gpxtpx:TrackPointExtension>
      <gpxtpx:hr>148</gpxtpx:hr>
      <gpxtpx:cad>81</gpxtpx:cad>
     </gpxtpx:TrackPointExtension>
    </extensions>
   </trkpt>
   <trkpt lat="46.0019310" lon="9.7899380">
    <ele>1854.0</ele>
    <time>2025-11-01T09:59:29Z</time>
    <extensions>
     <power>296</power>
     <gpxtpx:TrackPointExtension>
      <gpxtpx:hr>148</gpxtpx:hr>
      <gpxtpx:cad>81</gpxtpx:cad>
     </gpxtpx:TrackPointExtension>
    </extensions>
   </trkpt>
   <trkpt lat="46.0017940" lon="9.7901920">
    <ele>1854.2</ele>
    <time>2025-11-01T09:59:39Z</time>
    <extensions>
     <power>328</power>
     <gpxtpx:TrackPointExtension>
      <gpxtpx:hr>149</gpxtpx:hr>
      <gpxtpx:cad>80</gpxtpx:cad>
     </gpxtpx:TrackPointExtension>
    </extensions>
   </trkpt>
   <trkpt lat="46.0016370" lon="9.7904120">
    <ele>1854.0</ele>
    <time>2025-11-01T09:59:49Z</time>
    <extensions>
     <power>317</power>
     <gpxtpx:TrackPointExtension>
      <gpxtpx:hr>150</gpxtpx:hr>
      <gpxtpx:cad>80</gpxtpx:cad>
     </gpxtpx:TrackPointExtension>
    </extensions>
   </trkpt>
   <trkpt lat="46.0015070" lon="9.7906590">
    <ele>1855.0</ele>
    <time>2025-11-01T09:59:59Z</time>
    <extensions>
     <power>309</power>
     <gpxtpx:TrackPointExtension>
      <gpxtpx:hr>149</gpxtpx:hr>
      <gpxtpx:cad>80</gpxtpx:cad>
     </gpxtpx:TrackPointExtension>
    </extensions>
   </trkpt>
   <trkpt lat="46.0014110" lon="9.7909040">
    <ele>1855.0</ele>
    <time>2025-11-01T10:00:09Z</time>
    <extensions>
     <power>311</power>
     <gpxtpx:TrackPointExtension>
      <gpxtpx:hr>150</gpxtpx:hr>
      <gpxtpx:cad>81</gpxtpx:cad>
     </gpxtpx:TrackPointExtension>
    </extensions>
   </trkpt>
   <trkpt lat="46.0012930" lon="9.7911470">
    <ele>1855.4</ele>
    <time>2025-11-01T10:00:19Z</time>
    <extensions>
     <power>328</power>
     <gpxtpx:TrackPointExtension>
      <gpxtpx:hr>150</gpxtpx:hr>
      <gpxtpx:cad>83</gpxtpx:cad>
     </gpxtpx:TrackPointExtension>
    </extensions>
   </trkpt>
   <trkpt lat="46.0012450" lon="9.7914030">
    <ele>1855.2</ele>
    <time>2025-11-01T10:00:29Z</time>
    <extensions>
     <power>319</power>
     <gpxtpx:TrackPointExtension>
      <gpxtpx:hr>150</gpxtpx:hr>
      <gpxtpx:cad>75</gpxtpx:cad>
     </gpxtpx:TrackPointExtension>
    </extensions>
   </trkpt>
   <trkpt lat="46.0011990" lon="9.7915760">
    <ele>1855.6</ele>
    <time>2025-11-01T10:00:39Z</time>
    <extensions>
     <power>171</power>
     <gpxtpx:TrackPointExtension>
      <gpxtpx:hr>148</gpxtpx:hr>
      <gpxtpx:cad>56</gpxtpx:cad>
     </gpxtpx:TrackPointExtension>
    </extensions>
   </trkpt>
   <trkpt lat="46.0010770" lon="9.7916630">
    <ele>1855.6</ele>
    <time>2025-11-01T10:00:49Z</time>
    <extensions>
     <power>177</power>
     <gpxtpx:TrackPointExtension>
      <gpxtpx:hr>145</gpxtpx:hr>
      <gpxtpx:cad>0</gpxtpx:cad>
     </gpxtpx:TrackPointExtension>
    </extensions>
   </trkpt>
   <trkpt lat="46.0009680" lon="9.7916700">
    <ele>1855.6</ele>
    <time>2025-11-01T10:00:59Z</time>
    <extensions>
     <power>0</power>
     <gpxtpx:TrackPointExtension>
      <gpxtpx:hr>145</gpxtpx:hr>
      <gpxtpx:cad>48</gpxtpx:cad>
     </gpxtpx:TrackPointExtension>
    </extensions>
   </trkpt>
   <trkpt lat="46.0008260" lon="9.7916810">
    <ele>1855.8</ele>
    <time>2025-11-01T10:01:09Z</time>
    <extensions>
     <power>0</power>
     <gpxtpx:TrackPointExtension>
      <gpxtpx:hr>141</gpxtpx:hr>
      <gpxtpx:cad>0</gpxtpx:cad>
     </gpxtpx:TrackPointExtension>
    </extensions>
   </trkpt>
   <trkpt lat="46.0005930" lon="9.7916980">
    <ele>1855.0</ele>
    <time>2025-11-01T10:01:19Z</time>
    <extensions>
     <power>304</power>
     <gpxtpx:TrackPointExtension>
      <gpxtpx:hr>142</gpxtpx:hr>
      <gpxtpx:cad>82</gpxtpx:cad>
     </gpxtpx:TrackPointExtension>
    </extensions>
   </trkpt>
   <trkpt lat="46.0003610" lon="9.7917430">
    <ele>1854.8</ele>
    <time>2025-11-01T10:01:29Z</time>
    <extensions>
     <power>327</power>
     <gpxtpx:TrackPointExtension>
      <gpxtpx:hr>143</gpxtpx:hr>
      <gpxtpx:cad>82</gpxtpx:cad>
     </gpxtpx:TrackPointExtension>
    </extensions>
   </trkpt>
   <trkpt lat="46.0002180" lon="9.7919220">
    <ele>1855.6</ele>
    <time>2025-11-01T10:01:39Z</time>
    <extensions>
     <power>311</power>
     <gpxtpx:TrackPointExtension>
      <gpxtpx:hr>141</gpxtpx:hr>
      <gpxtpx:cad>80</gpxtpx:cad>
     </gpxtpx:TrackPointExtension>
    </extensions>
   </trkpt>
   <trkpt lat="46.0000880" lon="9.7919950">
    <ele>1855.6</ele>
    <time>2025-11-01T10:01:49Z</time>
    <extensions>
     <power>208</power>
     <gpxtpx:TrackPointExtension>
      <gpxtpx:hr>141</gpxtpx:hr>
      <gpxtpx:cad>55</gpxtpx:cad>
     </gpxtpx:TrackPointExtension>
    </extensions>
   </trkpt>
   <trkpt lat="46.0000340" lon="9.7919690">
    <ele>1854.8</ele>
    <time>2025-11-01T10:01:59Z</time>
    <extensions>
     <power>97</power>
     <gpxtpx:TrackPointExtension>
      <gpxtpx:hr>139</gpxtpx:hr>
      <gpxtpx:cad>0</gpxtpx:cad>
     </gpxtpx:TrackPointExtension>
    </extensions>
   </trkpt>
   <trkpt lat="46.0000300" lon="9.7919660">
    <ele>1854.2</ele>
    <time>2025-11-01T10:02:09Z</time>
    <extensions>
     <power>0</power>
     <gpxtpx:TrackPointExtension>
      <gpxtpx:hr>133</gpxtpx:hr>
      <gpxtpx:cad>0</gpxtpx:cad>
     </gpxtpx:TrackPointExtension>
    </extensions>
   </trkpt>
   <trkpt lat="45.9999410" lon="9.7919390">
    <ele>1854.4</ele>
    <time>2025-11-01T10:02:19Z</time>
    <extensions>
     <power>106</power>
     <gpxtpx:TrackPointExtension>
      <gpxtpx:hr>138</gpxtpx:hr>
      <gpxtpx:cad>45</gpxtpx:cad>
     </gpxtpx:TrackPointExtension>
    </extensions>
   </trkpt>
   <trkpt lat="45.9998380" lon="9.7919580">
    <ele>1852.4</ele>
    <time>2025-11-01T10:02:29Z</time>
    <extensions>
     <power>103</power>
     <gpxtpx:TrackPointExtension>
      <gpxtpx:hr>134</gpxtpx:hr>
      <gpxtpx:cad>59</gpxtpx:cad>
     </gpxtpx:TrackPointExtension>
    </extensions>
   </trkpt>
   <trkpt lat="45.9997330" lon="9.7920240">
    <ele>1852.6</ele>
    <time>2025-11-01T10:02:39Z</time>
    <extensions>
     <power>101</power>
     <gpxtpx:TrackPointExtension>
      <gpxtpx:hr>134</gpxtpx:hr>
      <gpxtpx:cad>53</gpxtpx:cad>
     </gpxtpx:TrackPointExtension>
    </extensions>
   </trkpt>
   <trkpt lat="45.9996840" lon="9.7920920">
    <ele>1851.4</ele>
    <time>2025-11-01T10:02:49Z</time>
    <extensions>
     <power>0</power>
     <gpxtpx:TrackPointExtension>
      <gpxtpx:hr>130</gpxtpx:hr>
      <gpxtpx:cad>0</gpxtpx:cad>
     </gpxtpx:TrackPointExtension>
    </extensions>
   </trkpt>
   <trkpt lat="45.9996300" lon="9.7921490">
    <ele>1851.4</ele>
    <time>2025-11-01T10:02:59Z</time>
    <extensions>
     <power>0</power>
     <gpxtpx:TrackPointExtension>
      <gpxtpx:hr>119</gpxtpx:hr>
      <gpxtpx:cad>0</gpxtpx:cad>
     </gpxtpx:TrackPointExtension>
    </extensions>
   </trkpt>
   <trkpt lat="45.9995370" lon="9.7922320">
    <ele>1851.8</ele>
    <time>2025-11-01T10:03:09Z</time>
    <extensions>
     <power>146</power>
     <gpxtpx:TrackPointExtension>
      <gpxtpx:hr>117</gpxtpx:hr>
      <gpxtpx:cad>0</gpxtpx:cad>
     </gpxtpx:TrackPointExtension>
    </extensions>
   </trkpt>
   <trkpt lat="45.9994150" lon="9.7922880">
    <ele>1851.0</ele>
    <time>2025-11-01T10:03:19Z</time>
    <extensions>
     <power>118</power>
     <gpxtpx:TrackPointExtension>
      <gpxtpx:hr>115</gpxtpx:hr>
      <gpxtpx:cad>55</gpxtpx:cad>
     </gpxtpx:TrackPointExtension>
    </extensions>
   </trkpt>
   <trkpt lat="45.9992820" lon="9.7923260">
    <ele>1850.8</ele>
    <time>2025-11-01T10:03:29Z</time>
    <extensions>
     <power>141</power>
     <gpxtpx:TrackPointExtension>
      <gpxtpx:hr>120</gpxtpx:hr>
      <gpxtpx:cad>55</gpxtpx:cad>
     </gpxtpx:TrackPointExtension>
    </extensions>
   </trkpt>
   <trkpt lat="45.9991650" lon="9.7923310">
    <ele>1850.6</ele>
    <time>2025-11-01T10:03:39Z</time>
    <extensions>
     <power>132</power>
     <gpxtpx:TrackPointExtension>
      <gpxtpx:hr>123</gpxtpx:hr>
      <gpxtpx:cad>58</gpxtpx:cad>
     </gpxtpx:TrackPointExtension>
    </extensions>
   </trkpt>
   <trkpt lat="45.9991090" lon="9.7923240">
    <ele>1850.6</ele>
    <time>2025-11-01T10:03:49Z</time>
    <extensions>
     <power>0</power>
     <gpxtpx:TrackPointExtension>
      <gpxtpx:hr>121</gpxtpx:hr>
      <gpxtpx:cad>0</gpxtpx:cad>
     </gpxtpx:TrackPointExtension>
    </extensions>
   </trkpt>
   <trkpt lat="45.9990990" lon="9.7923080">
    <ele>1850.8</ele>
    <time>2025-11-01T10:03:59Z</time>
    <extensions>
     <power>0</power>
     <gpxtpx:TrackPointExtension>
      <gpxtpx:hr>119</gpxtpx:hr>
      <gpxtpx:cad>0</gpxtpx:cad>
     </gpxtpx:TrackPointExtension>
    </extensions>
   </trkpt>
   <trkpt lat="45.9990940" lon="9.7923050">
    <ele>1850.2</ele>
    <time>2025-11-01T10:04:09Z</time>
    <extensions>
     <power>0</power>
     <gpxtpx:TrackPointExtension>
      <gpxtpx:hr>117</gpxtpx:hr>
      <gpxtpx:cad>0</gpxtpx:cad>
     </gpxtpx:TrackPointExtension>
    </extensions>
   </trkpt>
   <trkpt lat="45.9991110" lon="9.7923270">
    <ele>1850.4</ele>
    <time>2025-11-01T10:04:18Z</time>
    <extensions>
     <power>0</power>
     <gpxtpx:TrackPointExtension>
      <gpxtpx:hr>116</gpxtpx:hr>
      <gpxtpx:cad>0</gpxtpx:cad>
     </gpxtpx:TrackPointExtension>
    </extensions>
   </trkpt>
   <trkpt lat="45.9991150" lon="9.7923380">
    <ele>1850.0</ele>
    <time>2025-11-01T10:04:28Z</time>
    <extensions>
     <power>0</power>
     <gpxtpx:TrackPointExtension>
      <gpxtpx:hr>113</gpxtpx:hr>
      <gpxtpx:cad>0</gpxtpx:cad>
     </gpxtpx:TrackPointExtension>
    </extensions>
   </trkpt>
   <trkpt lat="45.9991590" lon="9.7925060">
    <ele>1849.4</ele>
    <time>2025-11-01T10:04:38Z</time>
    <extensions>
     <power>0</power>
     <gpxtpx:TrackPointExtension>
      <gpxtpx:hr>114</gpxtpx:hr>
      <gpxtpx:cad>0</gpxtpx:cad>
     </gpxtpx:TrackPointExtension>
    </extensions>
   </trkpt>
   <trkpt lat="45.9991900" lon="9.7928280">
    <ele>1847.8</ele>
    <time>2025-11-01T10:04:48Z</time>
    <extensions>
     <power>118</power>
     <gpxtpx:TrackPointExtension>
      <gpxtpx:hr>118</gpxtpx:hr>
      <gpxtpx:cad>41</gpxtpx:cad>
     </gpxtpx:TrackPointExtension>
    </extensions>
   </trkpt>
   <trkpt lat="45.9991360" lon="9.7929830">
    <ele>1847.6</ele>
    <time>2025-11-01T10:04:58Z</time>
    <extensions>
     <power>0</power>
     <gpxtpx:TrackPointExtension>
      <gpxtpx:hr>119</gpxtpx:hr>
      <gpxtpx:cad>0</gpxtpx:cad>
     </gpxtpx:TrackPointExtension>
    </extensions>
   </trkpt>
   <trkpt lat="45.9989760" lon="9.7931900">
    <ele>1847.6</ele>
    <time>2025-11-01T10:05:08Z</time>
    <extensions>
     <power>128</power>
     <gpxtpx:TrackPointExtension>
      <gpxtpx:hr>117</gpxtpx:hr>
      <gpxtpx:cad>40</gpxtpx:cad>
     </gpxtpx:TrackPointExtension>
    </extensions>
   </trkpt>
   <trkpt lat="45.9988460" lon="9.7934430">
    <ele>1846.6</ele>
    <time>2025-11-01T10:05:18Z</time>
    <extensions>
     <power>118</power>
     <gpxtpx:TrackPointExtension>
      <gpxtpx:hr>118</gpxtpx:hr>
      <gpxtpx:cad>40</gpxtpx:cad>
     </gpxtpx:TrackPointExtension>
    </extensions>
   </trkpt>
   <trkpt lat="45.9987600" lon="9.7937460">
    <ele>1845.2</ele>
    <time>2025-11-01T10:05:28Z</time>
    <extensions>
     <power>126</power>
     <gpxtpx:TrackPointExtension>
      <gpxtpx:hr>118</gpxtpx:hr>
      <gpxtpx:cad>41</gpxtpx:cad>
     </gpxtpx:TrackPointExtension>
    </extensions>
   </trkpt>
   <trkpt lat="45.9986590" lon="9.7940810">
    <ele>1844.6</ele>
    <time>2025-11-01T10:05:38Z</time>
    <extensions>
     <power>108</power>
     <gpxtpx:TrackPointExtension>
      <gpxtpx:hr>122</gpxtpx:hr>
      <gpxtpx:cad>41</gpxtpx:cad>
     </gpxtpx:TrackPointExtension>
    </extensions>
   </trkpt>
   <trkpt lat="45.9985320" lon="9.7943770">
    <ele>1843.2</ele>
    <time>2025-11-01T10:05:48Z</time>
    <extensions>
     <power>136</power>
     <gpxtpx:TrackPointExtension>
      <gpxtpx:hr>125</gpxtpx:hr>
      <gpxtpx:cad>80</gpxtpx:cad>
     </gpxtpx:TrackPointExtension>
    </extensions>
   </trkpt>
   <trkpt lat="45.9984100" lon="9.7947030">
    <ele>1842.0</ele>
    <time>2025-11-01T10:05:58Z</time>
    <extensions>
     <power>131</power>
     <gpxtpx:TrackPointExtension>
      <gpxtpx:hr>128</gpxtpx:hr>
      <gpxtpx:cad>40</gpxtpx:cad>
     </gpxtpx:TrackPointExtension>
    </extensions>
   </trkpt>
   <trkpt lat="45.9982900" lon="9.7950380">
    <ele>1840.8</ele>
    <time>2025-11-01T10:06:08Z</time>
    <extensions>
     <power>140</power>
     <gpxtpx:TrackPointExtension>
      <gpxtpx:hr>130</gpxtpx:hr>
      <gpxtpx:cad>41</gpxtpx:cad>
     </gpxtpx:TrackPointExtension>
    </extensions>
   </trkpt>
   <trkpt lat="45.9982080" lon="9.7953900">
    <ele>1839.8</ele>
    <time>2025-11-01T10:06:18Z</time>
    <extensions>
     <power>363</power>
     <gpxtpx:TrackPointExtension>
      <gpxtpx:hr>133</gpxtpx:hr>
      <gpxtpx:cad>41</gpxtpx:cad>
     </gpxtpx:TrackPointExtension>
    </extensions>
   </trkpt>
   <trkpt lat="45.9981740" lon="9.7956990">
    <ele>1838.8</ele>
    <time>2025-11-01T10:06:28Z</time>
    <extensions>
     <power>0</power>
     <gpxtpx:TrackPointExtension>
      <gpxtpx:hr>135</gpxtpx:hr>
      <gpxtpx:cad>0</gpxtpx:cad>
     </gpxtpx:TrackPointExtension>
    </extensions>
   </trkpt>
   <trkpt lat="45.9981210" lon="9.7959310">
    <ele>1836.2</ele>
    <time>2025-11-01T10:06:38Z</time>
    <extensions>
     <power>0</power>
     <gpxtpx:TrackPointExtension>
      <gpxtpx:hr>137</gpxtpx:hr>
      <gpxtpx:cad>0</gpxtpx:cad>
     </gpxtpx:TrackPointExtension>
    </extensions>
   </trkpt>
   <trkpt lat="45.9980830" lon="9.7961990">
    <ele>1832.4</ele>
    <time>2025-11-01T10:06:48Z</time>
    <extensions>
     <power>98</power>
     <gpxtpx:TrackPointExtension>
      <gpxtpx:hr>138</gpxtpx:hr>
      <gpxtpx:cad>40</gpxtpx:cad>
     </gpxtpx:TrackPointExtension>
    </extensions>
   </trkpt>
   <trkpt lat="45.9980320" lon="9.7964580">
    <ele>1828.8</ele>
    <time>2025-11-01T10:06:58Z</time>
    <extensions>
     <power>0</power>
     <gpxtpx:TrackPointExtension>
      <gpxtpx:hr>136</gpxtpx:hr>
      <gpxtpx:cad>0</gpxtpx:cad>
     </gpxtpx:TrackPointExtension>
    </extensions>
   </trkpt>
   <trkpt lat="45.9979470" lon="9.7966760">
    <ele>1826.2</ele>
    <time>2025-11-01T10:07:08Z</time>
    <extensions>
     <power>19</power>
     <gpxtpx:TrackPointExtension>
      <gpxtpx:hr>133</gpxtpx:hr>
      <gpxtpx:cad>44</gpxtpx:cad>
     </gpxtpx:TrackPointExtension>
    </extensions>
   </trkpt>
   <trkpt lat="45.9978880" lon="9.7968520">
    <ele>1827.8</ele>
    <time>2025-11-01T10:07:18Z</time>
    <extensions>
     <power>60</power>
     <gpxtpx:TrackPointExtension>
      <gpxtpx:hr>130</gpxtpx:hr>
      <gpxtpx:cad>53</gpxtpx:cad>
     </gpxtpx:TrackPointExtension>
    </extensions>
   </trkpt>
   <trkpt lat="45.9977820" lon="9.7969700">
    <ele>1829.8</ele>
    <time>2025-11-01T10:07:28Z</time>
    <extensions>
     <power>96</power>
     <gpxtpx:TrackPointExtension>
      <gpxtpx:hr>138</gpxtpx:hr>
      <gpxtpx:cad>46</gpxtpx:cad>
     </gpxtpx:TrackPointExtension>
    </extensions>
   </trkpt>
   <trkpt lat="45.9976980" lon="9.7969380">
    <ele>1831.8</ele>
    <time>2025-11-01T10:07:38Z</time>
    <extensions>
     <power>188</power>
     <gpxtpx:TrackPointExtension>
      <gpxtpx:hr>141</gpxtpx:hr>
      <gpxtpx:cad>46</gpxtpx:cad>
     </gpxtpx:TrackPointExtension>
    </extensions>
   </trkpt>
   <trkpt lat="45.9976550" lon="9.7968910">
    <ele>1834.0</ele>
    <time>2025-11-01T10:07:48Z</time>
    <extensions>
     <power>0</power>
     <gpxtpx:TrackPointExtension>
      <gpxtpx:hr>140</gpxtpx:hr>
      <gpxtpx:cad>0</gpxtpx:cad>
     </gpxtpx:TrackPointExtension>
    </extensions>
   </trkpt>
   <trkpt lat="45.9975910" lon="9.7968370">
    <ele>1836.2</ele>
    <time>2025-11-01T10:07:58Z</time>
    <extensions>
     <power>149</power>
     <gpxtpx:TrackPointExtension>
      <gpxtpx:hr>140</gpxtpx:hr>
      <gpxtpx:cad>79</gpxtpx:cad>
     </gpxtpx:TrackPointExtension>
    </extensions>
   </trkpt>
   <trkpt lat="45.9975600" lon="9.7968540">
    <ele>1838.8</ele>
    <time>2025-11-01T10:08:08Z</time>
    <extensions>
     <power>0</power>
     <gpxtpx:TrackPointExtension>
      <gpxtpx:hr>142</gpxtpx:hr>
      <gpxtpx:cad>0</gpxtpx:cad>
     </gpxtpx:TrackPointExtension>
    </extensions>
   </trkpt>
   <trkpt lat="45.9974950" lon="9.7969000">
    <ele>1841.0</ele>
    <time>2025-11-01T10:08:18Z</time>
    <extensions>
     <power>358</power>
     <gpxtpx:TrackPointExtension>
      <gpxtpx:hr>142</gpxtpx:hr>
      <gpxtpx:cad>75</gpxtpx:cad>
     </gpxtpx:TrackPointExtension>
    </extensions>
   </trkpt>
   <trkpt lat="45.9974020" lon="9.7968810">
    <ele>1842.6</ele>
    <time>2025-11-01T10:08:28Z</time>
    <extensions>
     <power>0</power>
     <gpxtpx:TrackPointExtension>
      <gpxtpx:hr>145</gpxtpx:hr>
      <gpxtpx:cad>0</gpxtpx:cad>
     </gpxtpx:TrackPointExtension>
    </extensions>
   </trkpt>
   <trkpt lat="45.9973300" lon="9.7969060">
    <ele>1844.4</ele>
    <time>2025-11-01T10:08:38Z</time>
    <extensions>
     <power>0</power>
     <gpxtpx:TrackPointExtension>
      <gpxtpx:hr>148</gpxtpx:hr>
      <gpxtpx:cad>0</gpxtpx:cad>
     </gpxtpx:TrackPointExtension>
    </extensions>
   </trkpt>
   <trkpt lat="45.9972900" lon="9.7969340">
    <ele>1846.8</ele>
    <time>2025-11-01T10:08:48Z</time>
    <extensions>
     <power>0</power>
     <gpxtpx:TrackPointExtension>
      <gpxtpx:hr>146</gpxtpx:hr>
      <gpxtpx:cad>0</gpxtpx:cad>
     </gpxtpx:TrackPointExtension>
    </extensions>
   </trkpt>
   <trkpt lat="45.9972350" lon="9.7969460">
    <ele>1848.4</ele>
    <time>2025-11-01T10:08:58Z</time>
    <extensions>
     <power>0</power>
     <gpxtpx:TrackPointExtension>
      <gpxtpx:hr>146</gpxtpx:hr>
      <gpxtpx:cad>0</gpxtpx:cad>
     </gpxtpx:TrackPointExtension>
    </extensions>
   </trkpt>
   <trkpt lat="45.9972030" lon="9.7969930">
    <ele>1851.0</ele>
    <time>2025-11-01T10:09:08Z</time>
    <extensions>
     <power>0</power>
     <gpxtpx:TrackPointExtension>
      <gpxtpx:hr>145</gpxtpx:hr>
      <gpxtpx:cad>0</gpxtpx:cad>
     </gpxtpx:TrackPointExtension>
    </extensions>
   </trkpt>
   <trkpt lat="45.9971580" lon="9.7970400">
    <ele>1853.2</ele>
    <time>2025-11-01T10:09:18Z</time>
    <extensions>
     <power>0</power>
     <gpxtpx:TrackPointExtension>
      <gpxtpx:hr>149</gpxtpx:hr>
      <gpxtpx:cad>0</gpxtpx:cad>
     </gpxtpx:TrackPointExtension>
    </extensions>
   </trkpt>
   <trkpt lat="45.9971030" lon="9.7971260">
    <ele>1855.6</ele>
    <time>2025-11-01T10:09:28Z</time>
    <extensions>
     <power>0</power>
     <gpxtpx:TrackPointExtension>
      <gpxtpx:hr>148</gpxtpx:hr>
      <gpxtpx:cad>0</gpxtpx:cad>
     </gpxtpx:TrackPointExtension>
    </extensions>
   </trkpt>
   <trkpt lat="45.9970470" lon="9.7972610">
    <ele>1856.0</ele>
    <time>2025-11-01T10:09:37Z</time>
    <extensions>
     <power>512</power>
     <gpxtpx:TrackPointExtension>
      <gpxtpx:hr>149</gpxtpx:hr>
      <gpxtpx:cad>51</gpxtpx:cad>
     </gpxtpx:TrackPointExtension>
    </extensions>
   </trkpt>
   <trkpt lat="45.9970210" lon="9.7974160">
    <ele>1856.8</ele>
    <time>2025-11-01T10:09:47Z</time>
    <extensions>
     <power>565</power>
     <gpxtpx:TrackPointExtension>
      <gpxtpx:hr>153</gpxtpx:hr>
      <gpxtpx:cad>51</gpxtpx:cad>
     </gpxtpx:TrackPointExtension>
    </extensions>
   </trkpt>
   <trkpt lat="45.9969560" lon="9.7975490">
    <ele>1858.4</ele>
    <time>2025-11-01T10:09:57Z</time>
    <extensions>
     <power>435</power>
     <gpxtpx:TrackPointExtension>
      <gpxtpx:hr>153</gpxtpx:hr>
      <gpxtpx:cad>46</gpxtpx:cad>
     </gpxtpx:TrackPointExtension>
    </extensions>
   </trkpt>
   <trkpt lat="45.9969160" lon="9.7976980">
    <ele>1859.6</ele>
    <time>2025-11-01T10:10:07Z</time>
    <extensions>
     <power>206</power>
     <gpxtpx:TrackPointExtension>
      <gpxtpx:hr>155</gpxtpx:hr>
      <gpxtpx:cad>48</gpxtpx:cad>
     </gpxtpx:TrackPointExtension>
    </extensions>
   </trkpt>
   <trkpt lat="45.9968710" lon="9.7978490">
    <ele>1861.2</ele>
    <time>2025-11-01T10:10:17Z</time>
    <extensions>
     <power>248</power>
     <gpxtpx:TrackPointExtension>
      <gpxtpx:hr>143</gpxtpx:hr>
      <gpxtpx:cad>48</gpxtpx:cad>
     </gpxtpx:TrackPointExtension>
    </extensions>
   </trkpt>
   <trkpt lat="45.9968180" lon="9.7979830">
    <ele>1862.8</ele>
    <time>2025-11-01T10:10:27Z</time>
    <extensions>
     <power>0</power>
     <gpxtpx:TrackPointExtension>
      <gpxtpx:hr>144</gpxtpx:hr>
      <gpxtpx:cad>0</gpxtpx:cad>
     </gpxtpx:TrackPointExtension>
    </extensions>
   </trkpt>
   <trkpt lat="45.9967580" lon="9.7981270">
    <ele>1864.6</ele>
    <time>2025-11-01T10:10:37Z</time>
    <extensions>
     <power>258</power>
     <gpxtpx:TrackPointExtension>
      <gpxtpx:hr>142</gpxtpx:hr>
      <gpxtpx:cad>49</gpxtpx:cad>
     </gpxtpx:TrackPointExtension>
    </extensions>
   </trkpt>
   <trkpt lat="45.9967010" lon="9.7982930">
    <ele>1866.2</ele>
    <time>2025-11-01T10:10:47Z</time>
    <extensions>
     <power>279</power>
     <gpxtpx:TrackPointExtension>
      <gpxtpx:hr>144</gpxtpx:hr>
      <gpxtpx:cad>51</gpxtpx:cad>
     </gpxtpx:TrackPointExtension>
    </extensions>
   </trkpt>
   <trkpt lat="45.9966830" lon="9.7984580">
    <ele>1867.0</ele>
    <time>2025-11-01T10:10:57Z</time>
    <extensions>
     <power>251</power>
     <gpxtpx:TrackPointExtension>
      <gpxtpx:hr>144</gpxtpx:hr>
      <gpxtpx:cad>51</gpxtpx:cad>
     </gpxtpx:TrackPointExtension>
    </extensions>
   </trkpt>
   <trkpt lat="45.9966770" lon="9.7985970">
    <ele>1868.8</ele>
    <time>2025-11-01T10:11:07Z</time>
    <extensions>
     <power>231</power>
     <gpxtpx:TrackPointExtension>
      <gpxtpx:hr>144</gpxtpx:hr>
      <gpxtpx:cad>48</gpxtpx:cad>
     </gpxtpx:TrackPointExtension>
    </extensions>
   </trkpt>
   <trkpt lat="45.9966880" lon="9.7986930">
    <ele>1870.8</ele>
    <time>2025-11-01T10:11:17Z</time>
    <extensions>
     <power>0</power>
     <gpxtpx:TrackPointExtension>
      <gpxtpx:hr>142</gpxtpx:hr>
      <gpxtpx:cad>0</gpxtpx:cad>
     </gpxtpx:TrackPointExtension>
    </extensions>
   </trkpt>
   <trkpt lat="45.9966320" lon="9.7987220">
    <ele>1872.0</ele>
    <time>2025-11-01T10:11:27Z</time>
    <extensions>
     <power>0</power>
     <gpxtpx:TrackPointExtension>
      <gpxtpx:hr>139</gpxtpx:hr>
      <gpxtpx:cad>0</gpxtpx:cad>
     </gpxtpx:TrackPointExtension>
    </extensions>
   </trkpt>
   <trkpt lat="45.9965610" lon="9.7987630">
    <ele>1874.2</ele>
    <time>2025-11-01T10:11:37Z</time>
    <extensions>
     <power>0</power>
     <gpxtpx:TrackPointExtension>
      <gpxtpx:hr>141</gpxtpx:hr>
      <gpxtpx:cad>0</gpxtpx:cad>
     </gpxtpx:TrackPointExtension>
    </extensions>
   </trkpt>
   <trkpt lat="45.9964920" lon="9.7988010">
    <ele>1875.6</ele>
    <time>2025-11-01T10:11:47Z</time>
    <extensions>
     <power>374</power>
     <gpxtpx:TrackPointExtension>
      <gpxtpx:hr>142</gpxtpx:hr>
      <gpxtpx:cad>74</gpxtpx:cad>
     </gpxtpx:TrackPointExtension>
    </extensions>
   </trkpt>
   <trkpt lat="45.9964440" lon="9.7988410">
    <ele>1877.6</ele>
    <time>2025-11-01T10:11:57Z</time>
    <extensions>
     <power>0</power>
     <gpxtpx:TrackPointExtension>
      <gpxtpx:hr>142</gpxtpx:hr>
      <gpxtpx:cad>0</gpxtpx:cad>
     </gpxtpx:TrackPointExtension>
    </extensions>
   </trkpt>
   <trkpt lat="45.9964100" lon="9.7989130">
    <ele>1879.0</ele>
    <time>2025-11-01T10:12:07Z</time>
    <extensions>
     <power>0</power>
     <gpxtpx:TrackPointExtension>
      <gpxtpx:hr>142</gpxtpx:hr>
      <gpxtpx:cad>0</gpxtpx:cad>
     </gpxtpx:TrackPointExtension>
    </extensions>
   </trkpt>
   <trkpt lat="45.9963590" lon="9.7990030">
    <ele>1881.2</ele>
    <time>2025-11-01T10:12:17Z</time>
    <extensions>
     <power>325</power>
     <gpxtpx:TrackPointExtension>
      <gpxtpx:hr>142</gpxtpx:hr>
      <gpxtpx:cad>44</gpxtpx:cad>
     </gpxtpx:TrackPointExtension>
    </extensions>
   </trkpt>
   <trkpt lat="45.9962960" lon="9.7990530">
    <ele>1882.6</ele>
    <time>2025-11-01T10:12:27Z</time>
    <extensions>
     <power>350</power>
     <gpxtpx:TrackPointExtension>
      <gpxtpx:hr>142</gpxtpx:hr>
      <gpxtpx:cad>0</gpxtpx:cad>
     </gpxtpx:TrackPointExtension>
    </extensions>
   </trkpt>
   <trkpt lat="45.9962430" lon="9.7991450">
    <ele>1884.8</ele>
    <time>2025-11-01T10:12:37Z</time>
    <extensions>
     <power>216</power>
     <gpxtpx:TrackPointExtension>
      <gpxtpx:hr>143</gpxtpx:hr>
      <gpxtpx:cad>43</gpxtpx:cad>
     </gpxtpx:TrackPointExtension>
    </extensions>
   </trkpt>
   <trkpt lat="45.9961770" lon="9.7992140">
    <ele>1886.6</ele>
    <time>2025-11-01T10:12:47Z</time>
    <extensions>
     <power>0</power>
     <gpxtpx:TrackPointExtension>
      <gpxtpx:hr>142</gpxtpx:hr>
      <gpxtpx:cad>0</gpxtpx:cad>
     </gpxtpx:TrackPointExtension>
    </extensions>
   </trkpt>
   <trkpt lat="45.9961450" lon="9.7993020">
    <ele>1888.4</ele>
    <time>2025-11-01T10:12:57Z</time>
    <extensions>
     <power>0</power>
     <gpxtpx:TrackPointExtension>
      <gpxtpx:hr>142</gpxtpx:hr>
      <gpxtpx:cad>0</gpxtpx:cad>
     </gpxtpx:TrackPointExtension>
    </extensions>
   </trkpt>
   <trkpt lat="45.9960890" lon="9.7993730">
    <ele>1891.0</ele>
    <time>2025-11-01T10:13:07Z</time>
    <extensions>
     <power>359</power>
     <gpxtpx:TrackPointExtension>
      <gpxtpx:hr>145</gpxtpx:hr>
      <gpxtpx:cad>49</gpxtpx:cad>
     </gpxtpx:TrackPointExtension>
    </extensions>
   </trkpt>
   <trkpt lat="45.9960180" lon="9.7994310">
    <ele>1893.0</ele>
    <time>2025-11-01T10:13:17Z</time>
    <extensions>
     <power>401</power>
     <gpxtpx:TrackPointExtension>
      <gpxtpx:hr>146</gpxtpx:hr>
      <gpxtpx:cad>40</gpxtpx:cad>
     </gpxtpx:TrackPointExtension>
    </extensions>
   </trkpt>
   <trkpt lat="45.9959380" lon="9.7994820">
    <ele>1895.0</ele>
    <time>2025-11-01T10:13:27Z</time>
    <extensions>
     <power>0</power>
     <gpxtpx:TrackPointExtension>
      <gpxtpx:hr>146</gpxtpx:hr>
      <gpxtpx:cad>0</gpxtpx:cad>
     </gpxtpx:TrackPointExtension>
    </extensions>
   </trkpt>
   <trkpt lat="45.9958910" lon="9.7995420">
    <ele>1896.4</ele>
    <time>2025-11-01T10:13:37Z</time>
    <extensions>
     <power>0</power>
     <gpxtpx:TrackPointExtension>
      <gpxtpx:hr>145</gpxtpx:hr>
      <gpxtpx:cad>0</gpxtpx:cad>
     </gpxtpx:TrackPointExtension>
    </extensions>
   </trkpt>
   <trkpt lat="45.9958250" lon="9.7995730">
    <ele>1898.0</ele>
    <time>2025-11-01T10:13:47Z</time>
    <extensions>
     <power>0</power>
     <gpxtpx:TrackPointExtension>
      <gpxtpx:hr>141</gpxtpx:hr>
      <gpxtpx:cad>0</gpxtpx:cad>
     </gpxtpx:TrackPointExtension>
    </extensions>
   </trkpt>
   <trkpt lat="45.9957930" lon="9.7995920">
    <ele>1900.4</ele>
    <time>2025-11-01T10:13:57Z</time>
    <extensions>
     <power>0</power>
     <gpxtpx:TrackPointExtension>
      <gpxtpx:hr>142</gpxtpx:hr>
      <gpxtpx:cad>58</gpxtpx:cad>
     </gpxtpx:TrackPointExtension>
    </extensions>
   </trkpt>
   <trkpt lat="45.9957390" lon="9.7996230">
    <ele>1902.0</ele>
    <time>2025-11-01T10:14:07Z</time>
    <extensions>
     <power>0</power>
     <gpxtpx:TrackPointExtension>
      <gpxtpx:hr>146</gpxtpx:hr>
      <gpxtpx:cad>0</gpxtpx:cad>
     </gpxtpx:TrackPointExtension>
    </extensions>
   </trkpt>
   <trkpt lat="45.9957140" lon="9.7996810">
    <ele>1903.8</ele>
    <time>2025-11-01T10:14:17Z</time>
    <extensions>
     <power>0</power>
     <gpxtpx:TrackPointExtension>
      <gpxtpx:hr>147</gpxtpx:hr>
      <gpxtpx:cad>0</gpxtpx:cad>
     </gpxtpx:TrackPointExtension>
    </extensions>
   </trkpt>
   <trkpt lat="45.9956970" lon="9.7997510">
    <ele>1904.8</ele>
    <time>2025-11-01T10:14:27Z</time>
    <extensions>
     <power>0</power>
     <gpxtpx:TrackPointExtension>
      <gpxtpx:hr>147</gpxtpx:hr>
      <gpxtpx:cad>0</gpxtpx:cad>
     </gpxtpx:TrackPointExtension>
    </extensions>
   </trkpt>
   <trkpt lat="45.9956840" lon="9.7998110">
    <ele>1906.0</ele>
    <time>2025-11-01T10:14:37Z</time>
    <extensions>
     <power>0</power>
     <gpxtpx:TrackPointExtension>
      <gpxtpx:hr>146</gpxtpx:hr>
      <gpxtpx:cad>0</gpxtpx:cad>
     </gpxtpx:TrackPointExtension>
    </extensions>
   </trkpt>
   <trkpt lat="45.9956240" lon="9.7998430">
    <ele>1908.2</ele>
    <time>2025-11-01T10:14:47Z</time>
    <extensions>
     <power>0</power>
     <gpxtpx:TrackPointExtension>
      <gpxtpx:hr>144</gpxtpx:hr>
      <gpxtpx:cad>0</gpxtpx:cad>
     </gpxtpx:TrackPointExtension>
    </extensions>
   </trkpt>
   <trkpt lat="45.9955840" lon="9.7998900">
    <ele>1910.2</ele>
    <time>2025-11-01T10:14:56Z</time>
    <extensions>
     <power>0</power>
     <gpxtpx:TrackPointExtension>
      <gpxtpx:hr>143</gpxtpx:hr>
      <gpxtpx:cad>0</gpxtpx:cad>
     </gpxtpx:TrackPointExtension>
    </extensions>
   </trkpt>
   <trkpt lat="45.9955580" lon="9.7999760">
    <ele>1913.0</ele>
    <time>2025-11-01T10:15:06Z</time>
    <extensions>
     <power>0</power>
     <gpxtpx:TrackPointExtension>
      <gpxtpx:hr>144</gpxtpx:hr>
      <gpxtpx:cad>0</gpxtpx:cad>
     </gpxtpx:TrackPointExtension>
    </extensions>
   </trkpt>
   <trkpt lat="45.9954770" lon="9.8000630">
    <ele>1914.2</ele>
    <time>2025-11-01T10:15:16Z</time>
    <extensions>
     <power>0</power>
     <gpxtpx:TrackPointExtension>
      <gpxtpx:hr>143</gpxtpx:hr>
      <gpxtpx:cad>0</gpxtpx:cad>
     </gpxtpx:TrackPointExtension>
    </extensions>
   </trkpt>
   <trkpt lat="45.9954200" lon="9.8001420">
    <ele>1915.2</ele>
    <time>2025-11-01T10:15:26Z</time>
    <extensions>
     <power>0</power>
     <gpxtpx:TrackPointExtension>
      <gpxtpx:hr>145</gpxtpx:hr>
      <gpxtpx:cad>0</gpxtpx:cad>
     </gpxtpx:TrackPointExtension>
    </extensions>
   </trkpt>
   <trkpt lat="45.9953530" lon="9.8002400">
    <ele>1916.8</ele>
    <time>2025-11-01T10:15:36Z</time>
    <extensions>
     <power>0</power>
     <gpxtpx:TrackPointExtension>
      <gpxtpx:hr>143</gpxtpx:hr>
      <gpxtpx:cad>0</gpxtpx:cad>
     </gpxtpx:TrackPointExtension>
    </extensions>
   </trkpt>
   <trkpt lat="45.9952920" lon="9.8003530">
    <ele>1917.8</ele>
    <time>2025-11-01T10:15:46Z</time>
    <extensions>
     <power>283</power>
     <gpxtpx:TrackPointExtension>
      <gpxtpx:hr>143</gpxtpx:hr>
      <gpxtpx:cad>44</gpxtpx:cad>
     </gpxtpx:TrackPointExtension>
    </extensions>
   </trkpt>
   <trkpt lat="45.9952260" lon="9.8004670">
    <ele>1919.2</ele>
    <time>2025-11-01T10:15:56Z</time>
    <extensions>
     <power>0</power>
     <gpxtpx:TrackPointExtension>
      <gpxtpx:hr>141</gpxtpx:hr>
      <gpxtpx:cad>0</gpxtpx:cad>
     </gpxtpx:TrackPointExtension>
    </extensions>
   </trkpt>
   <trkpt lat="45.9951780" lon="9.8006040">
    <ele>1920.4</ele>
    <time>2025-11-01T10:16:06Z</time>
    <extensions>
     <power>463</power>
     <gpxtpx:TrackPointExtension>
      <gpxtpx:hr>139</gpxtpx:hr>
      <gpxtpx:cad>49</gpxtpx:cad>
     </gpxtpx:TrackPointExtension>
    </extensions>
   </trkpt>
   <trkpt lat="45.9951060" lon="9.8007250">
    <ele>1921.8</ele>
    <time>2025-11-01T10:16:16Z</time>
    <extensions>
     <power>431</power>
     <gpxtpx:TrackPointExtension>
      <gpxtpx:hr>137</gpxtpx:hr>
      <gpxtpx:cad>45</gpxtpx:cad>
     </gpxtpx:TrackPointExtension>
    </extensions>
   </trkpt>
   <trkpt lat="45.9950180" lon="9.8008140">
    <ele>1923.6</ele>
    <time>2025-11-01T10:16:26Z</time>
    <extensions>
     <power>0</power>
     <gpxtpx:TrackPointExtension>
      <gpxtpx:hr>137</gpxtpx:hr>
      <gpxtpx:cad>47</gpxtpx:cad>
     </gpxtpx:TrackPointExtension>
    </extensions>
   </trkpt>
   <trkpt lat="45.9949600" lon="9.8009410">
    <ele>1925.2</ele>
    <time>2025-11-01T10:16:36Z</time>
    <extensions>
     <power>309</power>
     <gpxtpx:TrackPointExtension>
      <gpxtpx:hr>137</gpxtpx:hr>
      <gpxtpx:cad>50</gpxtpx:cad>
     </gpxtpx:TrackPointExtension>
    </extensions>
   </trkpt>
   <trkpt lat="45.9949270" lon="9.8010290">
    <ele>1926.0</ele>
    <time>2025-11-01T10:16:46Z</time>
    <extensions>
     <power>0</power>
     <gpxtpx:TrackPointExtension>
      <gpxtpx:hr>137</gpxtpx:hr>
      <gpxtpx:cad>0</gpxtpx:cad>
     </gpxtpx:TrackPointExtension>
    </extensions>
   </trkpt>
   <trkpt lat="45.9948960" lon="9.8010940">
    <ele>1928.0</ele>
    <time>2025-11-01T10:16:56Z</time>
    <extensions>
     <power>218</power>
     <gpxtpx:TrackPointExtension>
      <gpxtpx:hr>137</gpxtpx:hr>
      <gpxtpx:cad>0</gpxtpx:cad>
     </gpxtpx:TrackPointExtension>
    </extensions>
   </trkpt>
   <trkpt lat="45.9948710" lon="9.8011480">
    <ele>1930.2</ele>
    <time>2025-11-01T10:17:06Z</time>
    <extensions>
     <power>0</power>
     <gpxtpx:TrackPointExtension>
      <gpxtpx:hr>137</gpxtpx:hr>
      <gpxtpx:cad>0</gpxtpx:cad>
     </gpxtpx:TrackPointExtension>
    </extensions>
   </trkpt>
   <trkpt lat="45.9948170" lon="9.8012280">
    <ele>1931.6</ele>
    <time>2025-11-01T10:17:16Z</time>
    <extensions>
     <power>0</power>
     <gpxtpx:TrackPointExtension>
      <gpxtpx:hr>139</gpxtpx:hr>
      <gpxtpx:cad>0</gpxtpx:cad>
     </gpxtpx:TrackPointExtension>
    </extensions>
   </trkpt>
   <trkpt lat="45.9947640" lon="9.8013180">
    <ele>1932.6</ele>
    <time>2025-11-01T10:17:26Z</time>
    <extensions>
     <power>0</power>
     <gpxtpx:TrackPointExtension>
      <gpxtpx:hr>141</gpxtpx:hr>
      <gpxtpx:cad>0</gpxtpx:cad>
     </gpxtpx:TrackPointExtension>
    </extensions>
   </trkpt>
   <trkpt lat="45.9947220" lon="9.8014560">
    <ele>1933.6</ele>
    <time>2025-11-01T10:17:36Z</time>
    <extensions>
     <power>0</power>
     <gpxtpx:TrackPointExtension>
      <gpxtpx:hr>139</gpxtpx:hr>
      <gpxtpx:cad>0</gpxtpx:cad>
     </gpxtpx:TrackPointExtension>
    </extensions>
   </trkpt>
   <trkpt lat="45.9946670" lon="9.8015910">
    <ele>1934.4</ele>
    <time>2025-11-01T10:17:46Z</time>
    <extensions>
     <power>0</power>
     <gpxtpx:TrackPointExtension>
      <gpxtpx:hr>138</gpxtpx:hr>
      <gpxtpx:cad>0</gpxtpx:cad>
     </gpxtpx:TrackPointExtension>
    </extensions>
   </trkpt>
   <trkpt lat="45.9946430" lon="9.8017340">
    <ele>1935.0</ele>
    <time>2025-11-01T10:17:56Z</time>
    <extensions>
     <power>250</power>
     <gpxtpx:TrackPointExtension>
      <gpxtpx:hr>137</gpxtpx:hr>
      <gpxtpx:cad>49</gpxtpx:cad>
     </gpxtpx:TrackPointExtension>
    </extensions>
   </trkpt>
   <trkpt lat="45.9945860" lon="9.8018570">
    <ele>1936.6</ele>
    <time>2025-11-01T10:18:06Z</time>
    <extensions>
     <power>0</power>
     <gpxtpx:TrackPointExtension>
      <gpxtpx:hr>131</gpxtpx:hr>
      <gpxtpx:cad>0</gpxtpx:cad>
     </gpxtpx:TrackPointExtension>
    </extensions>
   </trkpt>
   <trkpt lat="45.9945370" lon="9.8019320">
    <ele>1937.6</ele>
    <time>2025-11-01T10:18:16Z</time>
    <extensions>
     <power>280</power>
     <gpxtpx:TrackPointExtension>
      <gpxtpx:hr>134</gpxtpx:hr>
      <gpxtpx:cad>47</gpxtpx:cad>
     </gpxtpx:TrackPointExtension>
    </extensions>
   </trkpt>
   <trkpt lat="45.9944850" lon="9.8020320">
    <ele>1939.8</ele>
    <time>2025-11-01T10:18:26Z</time>
    <extensions>
     <power>0</power>
     <gpxtpx:TrackPointExtension>
      <gpxtpx:hr>133</gpxtpx:hr>
      <gpxtpx:cad>0</gpxtpx:cad>
     </gpxtpx:TrackPointExtension>
    </extensions>
   </trkpt>
   <trkpt lat="45.9944320" lon="9.8021660">
    <ele>1942.0</ele>
    <time>2025-11-01T10:18:36Z</time>
    <extensions>
     <power>320</power>
     <gpxtpx:TrackPointExtension>
      <gpxtpx:hr>133</gpxtpx:hr>
      <gpxtpx:cad>45</gpxtpx:cad>
     </gpxtpx:TrackPointExtension>
    </extensions>
   </trkpt>
   <trkpt lat="45.9943760" lon="9.8023020">
    <ele>1943.2</ele>
    <time>2025-11-01T10:18:46Z</time>
    <extensions>
     <power>349</power>
     <gpxtpx:TrackPointExtension>
      <gpxtpx:hr>135</gpxtpx:hr>
      <gpxtpx:cad>48</gpxtpx:cad>
     </gpxtpx:TrackPointExtension>
    </extensions>
   </trkpt>
   <trkpt lat="45.9943070" lon="9.8024260">
    <ele>1944.8</ele>
    <time>2025-11-01T10:18:56Z</time>
    <extensions>
     <power>309</power>
     <gpxtpx:TrackPointExtension>
      <gpxtpx:hr>138</gpxtpx:hr>
      <gpxtpx:cad>48</gpxtpx:cad>
     </gpxtpx:TrackPointExtension>
    </extensions>
   </trkpt>
   <trkpt lat="45.9942900" lon="9.8025620">
    <ele>1946.4</ele>
    <time>2025-11-01T10:19:06Z</time>
    <extensions>
     <power>249</power>
     <gpxtpx:TrackPointExtension>
      <gpxtpx:hr>142</gpxtpx:hr>
      <gpxtpx:cad>46</gpxtpx:cad>
     </gpxtpx:TrackPointExtension>
    </extensions>
   </trkpt>
   <trkpt lat="45.9942250" lon="9.8026030">
    <ele>1947.4</ele>
    <time>2025-11-01T10:19:16Z</time>
    <extensions>
     <power>0</power>
     <gpxtpx:TrackPointExtension>
      <gpxtpx:hr>134</gpxtpx:hr>
      <gpxtpx:cad>0</gpxtpx:cad>
     </gpxtpx:TrackPointExtension>
    </extensions>
   </trkpt>
   <trkpt lat="45.9941600" lon="9.8026360">
    <ele>1949.4</ele>
    <time>2025-11-01T10:19:26Z</time>
    <extensions>
     <power>0</power>
     <gpxtpx:TrackPointExtension>
      <gpxtpx:hr>135</gpxtpx:hr>
      <gpxtpx:cad>0</gpxtpx:cad>
     </gpxtpx:TrackPointExtension>
    </extensions>
   </trkpt>
   <trkpt lat="45.9941180" lon="9.8027000">
    <ele>1951.4</ele>
    <time>2025-11-01T10:19:36Z</time>
    <extensions>
     <power>0</power>
     <gpxtpx:TrackPointExtension>
      <gpxtpx:hr>136</gpxtpx:hr>
      <gpxtpx:cad>0</gpxtpx:cad>
     </gpxtpx:TrackPointExtension>
    </extensions>
   </trkpt>
   <trkpt lat="45.9940700" lon="9.8027560">
    <ele>1953.6</ele>
    <time>2025-11-01T10:19:46Z</time>
    <extensions>
     <power>290</power>
     <gpxtpx:TrackPointExtension>
      <gpxtpx:hr>139</gpxtpx:hr>
      <gpxtpx:cad>70</gpxtpx:cad>
     </gpxtpx:TrackPointExtension>
    </extensions>
   </trkpt>
   <trkpt lat="45.9940190" lon="9.8028110">
    <ele>1955.6</ele>
    <time>2025-11-01T10:19:56Z</time>
    <extensions>
     <power>0</power>
     <gpxtpx:TrackPointExtension>
      <gpxtpx:hr>143</gpxtpx:hr>
      <gpxtpx:cad>0</gpxtpx:cad>
     </gpxtpx:TrackPointExtension>
    </extensions>
   </trkpt>
   <trkpt lat="45.9939610" lon="9.8029050">
    <ele>1958.0</ele>
    <time>2025-11-01T10:20:06Z</time>
    <extensions>
     <power>0</power>
     <gpxtpx:TrackPointExtension>
      <gpxtpx:hr>143</gpxtpx:hr>
      <gpxtpx:cad>0</gpxtpx:cad>
     </gpxtpx:TrackPointExtension>
    </extensions>
   </trkpt>
   <trkpt lat="45.9938880" lon="9.8030040">
    <ele>1959.6</ele>
    <time>2025-11-01T10:20:16Z</time>
    <extensions>
     <power>326</power>
     <gpxtpx:TrackPointExtension>
      <gpxtpx:hr>140</gpxtpx:hr>
      <gpxtpx:cad>0</gpxtpx:cad>
     </gpxtpx:TrackPointExtension>
    </extensions>
   </trkpt>
   <trkpt lat="45.9938250" lon="9.8030840">
    <ele>1961.0</ele>
    <time>2025-11-01T10:20:25Z</time>
    <extensions>
     <power>65</power>
     <gpxtpx:TrackPointExtension>
      <gpxtpx:hr>145</gpxtpx:hr>
      <gpxtpx:cad>41</gpxtpx:cad>
     </gpxtpx:TrackPointExtension>
    </extensions>
   </trkpt>
   <trkpt lat="45.9937700" lon="9.8032040">
    <ele>1963.2</ele>
    <time>2025-11-01T10:20:35Z</time>
    <extensions>
     <power>359</power>
     <gpxtpx:TrackPointExtension>
      <gpxtpx:hr>146</gpxtpx:hr>
      <gpxtpx:cad>45</gpxtpx:cad>
     </gpxtpx:TrackPointExtension>
    </extensions>
   </trkpt>
   <trkpt lat="45.9936840" lon="9.8033120">
    <ele>1963.8</ele>
    <time>2025-11-01T10:20:45Z</time>
    <extensions>
     <power>312</power>
     <gpxtpx:TrackPointExtension>
      <gpxtpx:hr>146</gpxtpx:hr>
      <gpxtpx:cad>50</gpxtpx:cad>
     </gpxtpx:TrackPointExtension>
    </extensions>
   </trkpt>
   <trkpt lat="45.9935900" lon="9.8034220">
    <ele>1964.6</ele>
    <time>2025-11-01T10:20:55Z</time>
    <extensions>
     <power>333</power>
     <gpxtpx:TrackPointExtension>
      <gpxtpx:hr>145</gpxtpx:hr>
      <gpxtpx:cad>51</gpxtpx:cad>
     </gpxtpx:TrackPointExtension>
    </extensions>
   </trkpt>
   <trkpt lat="45.9935070" lon="9.8035370">
    <ele>1964.8</ele>
    <time>2025-11-01T10:21:05Z</time>
    <extensions>
     <power>252</power>
     <gpxtpx:TrackPointExtension>
      <gpxtpx:hr>145</gpxtpx:hr>
      <gpxtpx:cad>54</gpxtpx:cad>
     </gpxtpx:TrackPointExtension>
    </extensions>
   </trkpt>
   <trkpt lat="45.9934240" lon="9.8036620">
    <ele>1965.6</ele>
    <time>2025-11-01T10:21:15Z</time>
    <extensions>
     <power>191</power>
     <gpxtpx:TrackPointExtension>
      <gpxtpx:hr>142</gpxtpx:hr>
      <gpxtpx:cad>50</gpxtpx:cad>
     </gpxtpx:TrackPointExtension>
    </extensions>
   </trkpt>
   <trkpt lat="45.9933080" lon="9.8037630">
    <ele>1966.6</ele>
    <time>2025-11-01T10:21:25Z</time>
    <extensions>
     <power>189</power>
     <gpxtpx:TrackPointExtension>
      <gpxtpx:hr>138</gpxtpx:hr>
      <gpxtpx:cad>52</gpxtpx:cad>
     </gpxtpx:TrackPointExtension>
    </extensions>
   </trkpt>
   <trkpt lat="45.9932060" lon="9.8038070">
    <ele>1967.6</ele>
    <time>2025-11-01T10:21:35Z</time>
    <extensions>
     <power>208</power>
     <gpxtpx:TrackPointExtension>
      <gpxtpx:hr>136</gpxtpx:hr>
      <gpxtpx:cad>0</gpxtpx:cad>
     </gpxtpx:TrackPointExtension>
    </extensions>
   </trkpt>
   <trkpt lat="45.9931100" lon="9.8038750">
    <ele>1968.8</ele>
    <time>2025-11-01T10:21:45Z</time>
    <extensions>
     <power>0</power>
     <gpxtpx:TrackPointExtension>
      <gpxtpx:hr>136</gpxtpx:hr>
      <gpxtpx:cad>0</gpxtpx:cad>
     </gpxtpx:TrackPointExtension>
    </extensions>
   </trkpt>
   <trkpt lat="45.9929850" lon="9.8038840">
    <ele>1969.4</ele>
    <time>2025-11-01T10:21:55Z</time>
    <extensions>
     <power>227</power>
     <gpxtpx:TrackPointExtension>
      <gpxtpx:hr>134</gpxtpx:hr>
      <gpxtpx:cad>50</gpxtpx:cad>
     </gpxtpx:TrackPointExtension>
    </extensions>
   </trkpt>
   <trkpt lat="45.9929190" lon="9.8037700">
    <ele>1971.4</ele>
    <time>2025-11-01T10:22:05Z</time>
    <extensions>
     <power>239</power>
     <gpxtpx:TrackPointExtension>
      <gpxtpx:hr>133</gpxtpx:hr>
      <gpxtpx:cad>49</gpxtpx:cad>
     </gpxtpx:TrackPointExtension>
    </extensions>
   </trkpt>
   <trkpt lat="45.9928120" lon="9.8038190">
    <ele>1971.0</ele>
    <time>2025-11-01T10:29:39Z</time>
    <extensions>
     <power>0</power>
     <gpxtpx:TrackPointExtension>
      <gpxtpx:hr>96</gpxtpx:hr>
      <gpxtpx:cad>0</gpxtpx:cad>
     </gpxtpx:TrackPointExtension>
    </extensions>
   </trkpt>
   <trkpt lat="45.9926760" lon="9.8039720">
    <ele>1968.8</ele>
    <time>2025-11-01T10:29:49Z</time>
    <extensions>
     <power>275</power>
     <gpxtpx:TrackPointExtension>
      <gpxtpx:hr>96</gpxtpx:hr>
      <gpxtpx:cad>75</gpxtpx:cad>
     </gpxtpx:TrackPointExtension>
    </extensions>
   </trkpt>
   <trkpt lat="45.9925670" lon="9.8040130">
    <ele>1968.6</ele>
    <time>2025-11-01T10:29:59Z</time>
    <extensions>
     <power>0</power>
     <gpxtpx:TrackPointExtension>
      <gpxtpx:hr>100</gpxtpx:hr>
      <gpxtpx:cad>0</gpxtpx:cad>
     </gpxtpx:TrackPointExtension>
    </extensions>
   </trkpt>
   <trkpt lat="45.9924620" lon="9.8040650">
    <ele>1966.4</ele>
    <time>2025-11-01T10:30:09Z</time>
    <extensions>
     <power>0</power>
     <gpxtpx:TrackPointExtension>
      <gpxtpx:hr>97</gpxtpx:hr>
      <gpxtpx:cad>40</gpxtpx:cad>
     </gpxtpx:TrackPointExtension>
    </extensions>
   </trkpt>
   <trkpt lat="45.9923930" lon="9.8040500">
    <ele>1965.0</ele>
    <time>2025-11-01T10:30:19Z</time>
    <extensions>
     <power>0</power>
     <gpxtpx:TrackPointExtension>
      <gpxtpx:hr>98</gpxtpx:hr>
      <gpxtpx:cad>0</gpxtpx:cad>
     </gpxtpx:TrackPointExtension>
    </extensions>
   </trkpt>
   <trkpt lat="45.9923500" lon="9.8039070">
    <ele>1963.2</ele>
    <time>2025-11-01T10:30:29Z</time>
    <extensions>
     <power>130</power>
     <gpxtpx:TrackPointExtension>
      <gpxtpx:hr>95</gpxtpx:hr>
      <gpxtpx:cad>68</gpxtpx:cad>
     </gpxtpx:TrackPointExtension>
    </extensions>
   </trkpt>
   <trkpt lat="45.9922970" lon="9.8037280">
    <ele>1963.6</ele>
    <time>2025-11-01T10:30:39Z</time>
    <extensions>
     <power>111</power>
     <gpxtpx:TrackPointExtension>
      <gpxtpx:hr>95</gpxtpx:hr>
      <gpxtpx:cad>0</gpxtpx:cad>
     </gpxtpx:TrackPointExtension>
    </extensions>
   </trkpt>
   <trkpt lat="45.9921830" lon="9.8037700">
    <ele>1963.0</ele>
    <time>2025-11-01T10:30:49Z</time>
    <extensions>
     <power>0</power>
     <gpxtpx:TrackPointExtension>
      <gpxtpx:hr>94</gpxtpx:hr>
      <gpxtpx:cad>0</gpxtpx:cad>
     </gpxtpx:TrackPointExtension>
    </extensions>
   </trkpt>
   <trkpt lat="45.9920880" lon="9.8038960">
    <ele>1964.4</ele>
    <time>2025-11-01T10:30:59Z</time>
    <extensions>
     <power>109</power>
     <gpxtpx:TrackPointExtension>
      <gpxtpx:hr>94</gpxtpx:hr>
      <gpxtpx:cad>55</gpxtpx:cad>
     </gpxtpx:TrackPointExtension>
    </extensions>
   </trkpt>
   <trkpt lat="45.9919990" lon="9.8039930">
    <ele>1965.8</ele>
    <time>2025-11-01T10:31:09Z</time>
    <extensions>
     <power>123</power>
     <gpxtpx:TrackPointExtension>
      <gpxtpx:hr>95</gpxtpx:hr>
      <gpxtpx:cad>53</gpxtpx:cad>
     </gpxtpx:TrackPointExtension>
    </extensions>
   </trkpt>
   <trkpt lat="45.9919000" lon="9.8041010">
    <ele>1966.8</ele>
    <time>2025-11-01T10:31:19Z</time>
    <extensions>
     <power>0</power>
     <gpxtpx:TrackPointExtension>
      <gpxtpx:hr>104</gpxtpx:hr>
      <gpxtpx:cad>0</gpxtpx:cad>
     </gpxtpx:TrackPointExtension>
    </extensions>
   </trkpt>
   <trkpt lat="45.9918070" lon="9.8041950">
    <ele>1968.4</ele>
    <time>2025-11-01T10:31:29Z</time>
    <extensions>
     <power>37</power>
     <gpxtpx:TrackPointExtension>
      <gpxtpx:hr>121</gpxtpx:hr>
      <gpxtpx:cad>48</gpxtpx:cad>
     </gpxtpx:TrackPointExtension>
    </extensions>
   </trkpt>
   <trkpt lat="45.9917190" lon="9.8042750">
    <ele>1969.8</ele>
    <time>2025-11-01T10:31:39Z</time>
    <extensions>
     <power>185</power>
     <gpxtpx:TrackPointExtension>
      <gpxtpx:hr>127</gpxtpx:hr>
      <gpxtpx:cad>48</gpxtpx:cad>
     </gpxtpx:TrackPointExtension>
    </extensions>
   </trkpt>
   <trkpt lat="45.9916470" lon="9.8043720">
    <ele>1971.8</ele>
    <time>2025-11-01T10:31:49Z</time>
    <extensions>
     <power>0</power>
     <gpxtpx:TrackPointExtension>
      <gpxtpx:hr>130</gpxtpx:hr>
      <gpxtpx:cad>0</gpxtpx:cad>
     </gpxtpx:TrackPointExtension>
    </extensions>
   </trkpt>
   <trkpt lat="45.9915700" lon="9.8045060">
    <ele>1972.2</ele>
    <time>2025-11-01T10:31:59Z</time>
    <extensions>
     <power>268</power>
     <gpxtpx:TrackPointExtension>
      <gpxtpx:hr>135</gpxtpx:hr>
      <gpxtpx:cad>53</gpxtpx:cad>
     </gpxtpx:TrackPointExtension>
    </extensions>
   </trkpt>
   <trkpt lat="45.9914730" lon="9.8046300">
    <ele>1972.4</ele>
    <time>2025-11-01T10:32:09Z</time>
    <extensions>
     <power>0</power>
     <gpxtpx:TrackPointExtension>
      <gpxtpx:hr>136</gpxtpx:hr>
      <gpxtpx:cad>0</gpxtpx:cad>
     </gpxtpx:TrackPointExtension>
    </extensions>
   </trkpt>
   <trkpt lat="45.9913020" lon="9.8047600">
    <ele>1971.6</ele>
    <time>2025-11-01T10:32:19Z</time>
    <extensions>
     <power>383</power>
     <gpxtpx:TrackPointExtension>
      <gpxtpx:hr>136</gpxtpx:hr>
      <gpxtpx:cad>79</gpxtpx:cad>
     </gpxtpx:TrackPointExtension>
    </extensions>
   </trkpt>
   <trkpt lat="45.9911120" lon="9.8049530">
    <ele>1970.8</ele>
    <time>2025-11-01T10:32:29Z</time>
    <extensions>
     <power>394</power>
     <gpxtpx:TrackPointExtension>
      <gpxtpx:hr>137</gpxtpx:hr>
      <gpxtpx:cad>83</gpxtpx:cad>
     </gpxtpx:TrackPointExtension>
    </extensions>
   </trkpt>
   <trkpt lat="45.9908850" lon="9.8049420">
    <ele>1970.2</ele>
    <time>2025-11-01T10:32:39Z</time>
    <extensions>
     <power>333</power>
     <gpxtpx:TrackPointExtension>
      <gpxtpx:hr>135</gpxtpx:hr>
      <gpxtpx:cad>88</gpxtpx:cad>
     </gpxtpx:TrackPointExtension>
    </extensions>
   </trkpt>
   <trkpt lat="45.9907650" lon="9.8049380">
    <ele>1972.4</ele>
    <time>2025-11-01T10:32:49Z</time>
    <extensions>
     <power>192</power>
     <gpxtpx:TrackPointExtension>
      <gpxtpx:hr>137</gpxtpx:hr>
      <gpxtpx:cad>55</gpxtpx:cad>
     </gpxtpx:TrackPointExtension>
    </extensions>
   </trkpt>
   <trkpt lat="45.9907060" lon="9.8049840">
    <ele>1975.0</ele>
    <time>2025-11-01T10:32:59Z</time>
    <extensions>
     <power>228</power>
     <gpxtpx:TrackPointExtension>
      <gpxtpx:hr>137</gpxtpx:hr>
      <gpxtpx:cad>54</gpxtpx:cad>
     </gpxtpx:TrackPointExtension>
    </extensions>
   </trkpt>
   <trkpt lat="45.9905920" lon="9.8050390">
    <ele>1974.4</ele>
    <time>2025-11-01T10:33:08Z</time>
    <extensions>
     <power>0</power>
     <gpxtpx:TrackPointExtension>
      <gpxtpx:hr>137</gpxtpx:hr>
      <gpxtpx:cad>0</gpxtpx:cad>
     </gpxtpx:TrackPointExtension>
    </extensions>
   </trkpt>
   <trkpt lat="45.9904360" lon="9.8051230">
    <ele>1974.8</ele>
    <time>2025-11-01T10:33:18Z</time>
    <extensions>
     <power>0</power>
     <gpxtpx:TrackPointExtension>
      <gpxtpx:hr>140</gpxtpx:hr>
      <gpxtpx:cad>0</gpxtpx:cad>
     </gpxtpx:TrackPointExtension>
    </extensions>
   </trkpt>
   <trkpt lat="45.9903070" lon="9.8051840">
    <ele>1975.2</ele>
    <time>2025-11-01T10:33:28Z</time>
    <extensions>
     <power>0</power>
     <gpxtpx:TrackPointExtension>
      <gpxtpx:hr>139</gpxtpx:hr>
      <gpxtpx:cad>0</gpxtpx:cad>
     </gpxtpx:TrackPointExtension>
    </extensions>
   </trkpt>
   <trkpt lat="45.9901010" lon="9.8051820">
    <ele>1974.4</ele>
    <time>2025-11-01T10:33:38Z</time>
    <extensions>
     <power>350</power>
     <gpxtpx:TrackPointExtension>
      <gpxtpx:hr>138</gpxtpx:hr>
      <gpxtpx:cad>85</gpxtpx:cad>
     </gpxtpx:TrackPointExtension>
    </extensions>
   </trkpt>
   <trkpt lat="45.9899100" lon="9.8050680">
    <ele>1974.4</ele>
    <time>2025-11-01T10:33:48Z</time>
    <extensions>
     <power>413</power>
     <gpxtpx:TrackPointExtension>
      <gpxtpx:hr>139</gpxtpx:hr>
      <gpxtpx:cad>81</gpxtpx:cad>
     </gpxtpx:TrackPointExtension>
    </extensions>
   </trkpt>
   <trkpt lat="45.9897440" lon="9.8049640">
    <ele>1972.4</ele>
    <time>2025-11-01T10:33:58Z</time>
    <extensions>
     <power>259</power>
     <gpxtpx:TrackPointExtension>
      <gpxtpx:hr>141</gpxtpx:hr>
      <gpxtpx:cad>82</gpxtpx:cad>
     </gpxtpx:TrackPointExtension>
    </extensions>
   </trkpt>
   <trkpt lat="45.9895970" lon="9.8048290">
    <ele>1973.2</ele>
    <time>2025-11-01T10:34:08Z</time>
    <extensions>
     <power>272</power>
     <gpxtpx:TrackPointExtension>
      <gpxtpx:hr>141</gpxtpx:hr>
      <gpxtpx:cad>83</gpxtpx:cad>
     </gpxtpx:TrackPointExtension>
    </extensions>
   </trkpt>
   <trkpt lat="45.9895230" lon="9.8046830">
    <ele>1974.8</ele>
    <time>2025-11-01T10:34:18Z</time>
    <extensions>
     <power>176</power>
     <gpxtpx:TrackPointExtension>
      <gpxtpx:hr>140</gpxtpx:hr>
      <gpxtpx:cad>53</gpxtpx:cad>
     </gpxtpx:TrackPointExtension>
    </extensions>
   </trkpt>
   <trkpt lat="45.9894210" lon="9.8044300">
    <ele>1973.6</ele>
    <time>2025-11-01T10:34:28Z</time>
    <extensions>
     <power>348</power>
     <gpxtpx:TrackPointExtension>
      <gpxtpx:hr>139</gpxtpx:hr>
      <gpxtpx:cad>80</gpxtpx:cad>
     </gpxtpx:TrackPointExtension>
    </extensions>
   </trkpt>
   <trkpt lat="45.9892720" lon="9.8041540">
    <ele>1973.8</ele>
    <time>2025-11-01T10:34:38Z</time>
    <extensions>
     <power>362</power>
     <gpxtpx:TrackPointExtension>
      <gpxtpx:hr>145</gpxtpx:hr>
      <gpxtpx:cad>83</gpxtpx:cad>
     </gpxtpx:TrackPointExtension>
    </extensions>
   </trkpt>
   <trkpt lat="45.9891380" lon="9.8038960">
    <ele>1973.0</ele>
    <time>2025-11-01T10:34:48Z</time>
    <extensions>
     <power>312</power>
     <gpxtpx:TrackPointExtension>
      <gpxtpx:hr>147</gpxtpx:hr>
      <gpxtpx:cad>84</gpxtpx:cad>
     </gpxtpx:TrackPointExtension>
    </extensions>
   </trkpt>
   <trkpt lat="45.9889650" lon="9.8038170">
    <ele>1973.6</ele>
    <time>2025-11-01T10:34:58Z</time>
    <extensions>
     <power>298</power>
     <gpxtpx:TrackPointExtension>
      <gpxtpx:hr>148</gpxtpx:hr>
      <gpxtpx:cad>82</gpxtpx:cad>
     </gpxtpx:TrackPointExtension>
    </extensions>
   </trkpt>
   <trkpt lat="45.9888260" lon="9.8037300">
    <ele>1974.4</ele>
    <time>2025-11-01T10:35:08Z</time>
    <extensions>
     <power>0</power>
     <gpxtpx:TrackPointExtension>
      <gpxtpx:hr>146</gpxtpx:hr>
      <gpxtpx:cad>0</gpxtpx:cad>
     </gpxtpx:TrackPointExtension>
    </extensions>
   </trkpt>
   <trkpt lat="45.9886180" lon="9.8037080">
    <ele>1971.0</ele>
    <time>2025-11-01T10:35:18Z</time>
    <extensions>
     <power>0</power>
     <gpxtpx:TrackPointExtension>
      <gpxtpx:hr>146</gpxtpx:hr>
      <gpxtpx:cad>0</gpxtpx:cad>
     </gpxtpx:TrackPointExtension>
    </extensions>
   </trkpt>
   <trkpt lat="45.9884660" lon="9.8036610">
    <ele>1971.0</ele>
    <time>2025-11-01T10:35:28Z</time>
    <extensions>
     <power>275</power>
     <gpxtpx:TrackPointExtension>
      <gpxtpx:hr>146</gpxtpx:hr>
      <gpxtpx:cad>79</gpxtpx:cad>
     </gpxtpx:TrackPointExtension>
    </extensions>
   </trkpt>
   <trkpt lat="45.9884270" lon="9.8038260">
    <ele>1971.2</ele>
    <time>2025-11-01T10:35:38Z</time>
    <extensions>
     <power>143</power>
     <gpxtpx:TrackPointExtension>
      <gpxtpx:hr>143</gpxtpx:hr>
      <gpxtpx:cad>55</gpxtpx:cad>
     </gpxtpx:TrackPointExtension>
    </extensions>
   </trkpt>
   <trkpt lat="45.9883420" lon="9.8039420">
    <ele>1972.8</ele>
    <time>2025-11-01T10:35:48Z</time>
    <extensions>
     <power>132</power>
     <gpxtpx:TrackPointExtension>
      <gpxtpx:hr>139</gpxtpx:hr>
      <gpxtpx:cad>54</gpxtpx:cad>
     </gpxtpx:TrackPointExtension>
    </extensions>
   </trkpt>
   <trkpt lat="45.9882450" lon="9.8040370">
    <ele>1973.6</ele>
    <time>2025-11-01T10:35:58Z</time>
    <extensions>
     <power>174</power>
     <gpxtpx:TrackPointExtension>
      <gpxtpx:hr>141</gpxtpx:hr>
      <gpxtpx:cad>51</gpxtpx:cad>
     </gpxtpx:TrackPointExtension>
    </extensions>
   </trkpt>
   <trkpt lat="45.9881690" lon="9.8041300">
    <ele>1973.6</ele>
    <time>2025-11-01T10:36:08Z</time>
    <extensions>
     <power>166</power>
     <gpxtpx:TrackPointExtension>
      <gpxtpx:hr>144</gpxtpx:hr>
      <gpxtpx:cad>49</gpxtpx:cad>
     </gpxtpx:TrackPointExtension>
    </extensions>
   </trkpt>
   <trkpt lat="45.9881610" lon="9.8041430">
    <ele>1973.6</ele>
    <time>2025-11-01T10:36:18Z</time>
    <extensions>
     <power>0</power>
     <gpxtpx:TrackPointExtension>
      <gpxtpx:hr>140</gpxtpx:hr>
      <gpxtpx:cad>0</gpxtpx:cad>
     </gpxtpx:TrackPointExtension>
    </extensions>
   </trkpt>
   <trkpt lat="45.9881460" lon="9.8041450">
    <ele>1973.6</ele>
    <time>2025-11-01T10:36:28Z</time>
    <extensions>
     <power>0</power>
     <gpxtpx:TrackPointExtension>
      <gpxtpx:hr>140</gpxtpx:hr>
      <gpxtpx:cad>0</gpxtpx:cad>
     </gpxtpx:TrackPointExtension>
    </extensions>
   </trkpt>
   <trkpt lat="45.9880690" lon="9.8041890">
    <ele>1975.2</ele>
    <time>2025-11-01T10:36:38Z</time>
    <extensions>
     <power>0</power>
     <gpxtpx:TrackPointExtension>
      <gpxtpx:hr>133</gpxtpx:hr>
      <gpxtpx:cad>0</gpxtpx:cad>
     </gpxtpx:TrackPointExtension>
    </extensions>
   </trkpt>
   <trkpt lat="45.9879890" lon="9.8041980">
    <ele>1977.4</ele>
    <time>2025-11-01T10:36:48Z</time>
    <extensions>
     <power>199</power>
     <gpxtpx:TrackPointExtension>
      <gpxtpx:hr>132</gpxtpx:hr>
      <gpxtpx:cad>48</gpxtpx:cad>
     </gpxtpx:TrackPointExtension>
    </extensions>
   </trkpt>
   <trkpt lat="45.9878950" lon="9.8042600">
    <ele>1978.0</ele>
    <time>2025-11-01T10:36:58Z</time>
    <extensions>
     <power>247</power>
     <gpxtpx:TrackPointExtension>
      <gpxtpx:hr>134</gpxtpx:hr>
      <gpxtpx:cad>50</gpxtpx:cad>
     </gpxtpx:TrackPointExtension>
    </extensions>
   </trkpt>
   <trkpt lat="45.9878050" lon="9.8043230">
    <ele>1979.0</ele>
    <time>2025-11-01T10:37:08Z</time>
    <extensions>
     <power>193</power>
     <gpxtpx:TrackPointExtension>
      <gpxtpx:hr>136</gpxtpx:hr>
      <gpxtpx:cad>45</gpxtpx:cad>
     </gpxtpx:TrackPointExtension>
    </extensions>
   </trkpt>
   <trkpt lat="45.9877130" lon="9.8043990">
    <ele>1981.4</ele>
    <time>2025-11-01T10:37:18Z</time>
    <extensions>
     <power>194</power>
     <gpxtpx:TrackPointExtension>
      <gpxtpx:hr>137</gpxtpx:hr>
      <gpxtpx:cad>49</gpxtpx:cad>
     </gpxtpx:TrackPointExtension>
    </extensions>
   </trkpt>
   <trkpt lat="45.9875940" lon="9.8043980">
    <ele>1981.6</ele>
    <time>2025-11-01T10:37:28Z</time>
    <extensions>
     <power>247</power>
     <gpxtpx:TrackPointExtension>
      <gpxtpx:hr>139</gpxtpx:hr>
      <gpxtpx:cad>51</gpxtpx:cad>
     </gpxtpx:TrackPointExtension>
    </extensions>
   </trkpt>
   <trkpt lat="45.9874720" lon="9.8043990">
    <ele>1983.2</ele>
    <time>2025-11-01T10:37:38Z</time>
    <extensions>
     <power>232</power>
     <gpxtpx:TrackPointExtension>
      <gpxtpx:hr>146</gpxtpx:hr>
      <gpxtpx:cad>51</gpxtpx:cad>
     </gpxtpx:TrackPointExtension>
    </extensions>
   </trkpt>
   <trkpt lat="45.9873630" lon="9.8043730">
    <ele>1984.2</ele>
    <time>2025-11-01T10:37:48Z</time>
    <extensions>
     <power>240</power>
     <gpxtpx:TrackPointExtension>
      <gpxtpx:hr>140</gpxtpx:hr>
      <gpxtpx:cad>50</gpxtpx:cad>
     </gpxtpx:TrackPointExtension>
    </extensions>
   </trkpt>
   <trkpt lat="45.9872760" lon="9.8042850">
    <ele>1985.6</ele>
    <time>2025-11-01T10:37:58Z</time>
    <extensions>
     <power>229</power>
     <gpxtpx:TrackPointExtension>
      <gpxtpx:hr>140</gpxtpx:hr>
      <gpxtpx:cad>48</gpxtpx:cad>
     </gpxtpx:TrackPointExtension>
    </extensions>
   </trkpt>
   <trkpt lat="45.9871590" lon="9.8042460">
    <ele>1986.8</ele>
    <time>2025-11-01T10:38:08Z</time>
    <extensions>
     <power>242</power>
     <gpxtpx:TrackPointExtension>
      <gpxtpx:hr>139</gpxtpx:hr>
      <gpxtpx:cad>55</gpxtpx:cad>
     </gpxtpx:TrackPointExtension>
    </extensions>
   </trkpt>
   <trkpt lat="45.9870420" lon="9.8042070">
    <ele>1986.8</ele>
    <time>2025-11-01T10:38:18Z</time>
    <extensions>
     <power>0</power>
     <gpxtpx:TrackPointExtension>
      <gpxtpx:hr>138</gpxtpx:hr>
      <gpxtpx:cad>0</gpxtpx:cad>
     </gpxtpx:TrackPointExtension>
    </extensions>
   </trkpt>
   <trkpt lat="45.9869330" lon="9.8041720">
    <ele>1987.6</ele>
    <time>2025-11-01T10:38:27Z</time>
    <extensions>
     <power>222</power>
     <gpxtpx:TrackPointExtension>
      <gpxtpx:hr>137</gpxtpx:hr>
      <gpxtpx:cad>53</gpxtpx:cad>
     </gpxtpx:TrackPointExtension>
    </extensions>
   </trkpt>
   <trkpt lat="45.9868220" lon="9.8042360">
    <ele>1988.2</ele>
    <time>2025-11-01T10:38:37Z</time>
    <extensions>
     <power>213</power>
     <gpxtpx:TrackPointExtension>
      <gpxtpx:hr>136</gpxtpx:hr>
      <gpxtpx:cad>52</gpxtpx:cad>
     </gpxtpx:TrackPointExtension>
    </extensions>
   </trkpt>
   <trkpt lat="45.9867080" lon="9.8042010">
    <ele>1990.2</ele>
    <time>2025-11-01T10:38:47Z</time>
    <extensions>
     <power>223</power>
     <gpxtpx:TrackPointExtension>
      <gpxtpx:hr>135</gpxtpx:hr>
      <gpxtpx:cad>50</gpxtpx:cad>
     </gpxtpx:TrackPointExtension>
    </extensions>
   </trkpt>
   <trkpt lat="45.9865540" lon="9.8041140">
    <ele>1989.4</ele>
    <time>2025-11-01T10:38:57Z</time>
    <extensions>
     <power>0</power>
     <gpxtpx:TrackPointExtension>
      <gpxtpx:hr>134</gpxtpx:hr>
      <gpxtpx:cad>0</gpxtpx:cad>
     </gpxtpx:TrackPointExtension>
    </extensions>
   </trkpt>
   <trkpt lat="45.9863430" lon="9.8040580">
    <ele>1990.4</ele>
    <time>2025-11-01T10:39:07Z</time>
    <extensions>
     <power>367</power>
     <gpxtpx:TrackPointExtension>
      <gpxtpx:hr>134</gpxtpx:hr>
      <gpxtpx:cad>84</gpxtpx:cad>
     </gpxtpx:TrackPointExtension>
    </extensions>
   </trkpt>
   <trkpt lat="45.9861770" lon="9.8040180">
    <ele>1990.2</ele>
    <time>2025-11-01T10:39:17Z</time>
    <extensions>
     <power>127</power>
     <gpxtpx:TrackPointExtension>
      <gpxtpx:hr>136</gpxtpx:hr>
      <gpxtpx:cad>40</gpxtpx:cad>
     </gpxtpx:TrackPointExtension>
    </extensions>
   </trkpt>
   <trkpt lat="45.9859460" lon="9.8039990">
    <ele>1990.2</ele>
    <time>2025-11-01T10:39:27Z</time>
    <extensions>
     <power>164</power>
     <gpxtpx:TrackPointExtension>
      <gpxtpx:hr>136</gpxtpx:hr>
      <gpxtpx:cad>41</gpxtpx:cad>
     </gpxtpx:TrackPointExtension>
    </extensions>
   </trkpt>
   <trkpt lat="45.9858190" lon="9.8039310">
    <ele>1990.8</ele>
    <time>2025-11-01T10:39:37Z</time>
    <extensions>
     <power>144</power>
     <gpxtpx:TrackPointExtension>
      <gpxtpx:hr>137</gpxtpx:hr>
      <gpxtpx:cad>50</gpxtpx:cad>
     </gpxtpx:TrackPointExtension>
    </extensions>
   </trkpt>
   <trkpt lat="45.9856760" lon="9.8038720">
    <ele>1991.2</ele>
    <time>2025-11-01T10:39:47Z</time>
    <extensions>
     <power>184</power>
     <gpxtpx:TrackPointExtension>
      <gpxtpx:hr>137</gpxtpx:hr>
      <gpxtpx:cad>56</gpxtpx:cad>
     </gpxtpx:TrackPointExtension>
    </extensions>
   </trkpt>
   <trkpt lat="45.9855540" lon="9.8038050">
    <ele>1991.6</ele>
    <time>2025-11-01T10:39:57Z</time>
    <extensions>
     <power>175</power>
     <gpxtpx:TrackPointExtension>
      <gpxtpx:hr>136</gpxtpx:hr>
      <gpxtpx:cad>56</gpxtpx:cad>
     </gpxtpx:TrackPointExtension>
    </extensions>
   </trkpt>
   <trkpt lat="45.9854280" lon="9.8037590">
    <ele>1992.4</ele>
    <time>2025-11-01T10:40:07Z</time>
    <extensions>
     <power>201</power>
     <gpxtpx:TrackPointExtension>
      <gpxtpx:hr>138</gpxtpx:hr>
      <gpxtpx:cad>53</gpxtpx:cad>
     </gpxtpx:TrackPointExtension>
    </extensions>
   </trkpt>
   <trkpt lat="45.9852970" lon="9.8037130">
    <ele>1992.8</ele>
    <time>2025-11-01T10:40:17Z</time>
    <extensions>
     <power>200</power>
     <gpxtpx:TrackPointExtension>
      <gpxtpx:hr>136</gpxtpx:hr>
      <gpxtpx:cad>56</gpxtpx:cad>
     </gpxtpx:TrackPointExtension>
    </extensions>
   </trkpt>
   <trkpt lat="45.9851830" lon="9.8036540">
    <ele>1993.8</ele>
    <time>2025-11-01T10:40:27Z</time>
    <extensions>
     <power>180</power>
     <gpxtpx:TrackPointExtension>
      <gpxtpx:hr>124</gpxtpx:hr>
      <gpxtpx:cad>51</gpxtpx:cad>
     </gpxtpx:TrackPointExtension>
    </extensions>
   </trkpt>
   <trkpt lat="45.9850850" lon="9.8035720">
    <ele>1996.0</ele>
    <time>2025-11-01T10:40:37Z</time>
    <extensions>
     <power>217</power>
     <gpxtpx:TrackPointExtension>
      <gpxtpx:hr>126</gpxtpx:hr>
      <gpxtpx:cad>50</gpxtpx:cad>
     </gpxtpx:TrackPointExtension>
    </extensions>
   </trkpt>
   <trkpt lat="45.9850270" lon="9.8034790">
    <ele>1996.0</ele>
    <time>2025-11-01T10:40:47Z</time>
    <extensions>
     <power>141</power>
     <gpxtpx:TrackPointExtension>
      <gpxtpx:hr>131</gpxtpx:hr>
      <gpxtpx:cad>48</gpxtpx:cad>
     </gpxtpx:TrackPointExtension>
    </extensions>
   </trkpt>
   <trkpt lat="45.9849420" lon="9.8035200">
    <ele>1997.0</ele>
    <time>2025-11-01T10:40:57Z</time>
    <extensions>
     <power>0</power>
     <gpxtpx:TrackPointExtension>
      <gpxtpx:hr>133</gpxtpx:hr>
      <gpxtpx:cad>0</gpxtpx:cad>
     </gpxtpx:TrackPointExtension>
    </extensions>
   </trkpt>
   <trkpt lat="45.9848400" lon="9.8034900">
    <ele>1998.6</ele>
    <time>2025-11-01T10:41:07Z</time>
    <extensions>
     <power>0</power>
     <gpxtpx:TrackPointExtension>
      <gpxtpx:hr>134</gpxtpx:hr>
      <gpxtpx:cad>0</gpxtpx:cad>
     </gpxtpx:TrackPointExtension>
    </extensions>
   </trkpt>
   <trkpt lat="45.9847530" lon="9.8034450">
    <ele>1999.8</ele>
    <time>2025-11-01T10:41:17Z</time>
    <extensions>
     <power>200</power>
     <gpxtpx:TrackPointExtension>
      <gpxtpx:hr>134</gpxtpx:hr>
      <gpxtpx:cad>45</gpxtpx:cad>
     </gpxtpx:TrackPointExtension>
    </extensions>
   </trkpt>
   <trkpt lat="45.9846430" lon="9.8034610">
    <ele>2000.6</ele>
    <time>2025-11-01T10:41:27Z</time>
    <extensions>
     <power>302</power>
     <gpxtpx:TrackPointExtension>
      <gpxtpx:hr>134</gpxtpx:hr>
      <gpxtpx:cad>50</gpxtpx:cad>
     </gpxtpx:TrackPointExtension>
    </extensions>
   </trkpt>
   <trkpt lat="45.9845580" lon="9.8035200">
    <ele>2002.8</ele>
    <time>2025-11-01T10:41:37Z</time>
    <extensions>
     <power>0</power>
     <gpxtpx:TrackPointExtension>
      <gpxtpx:hr>131</gpxtpx:hr>
      <gpxtpx:cad>0</gpxtpx:cad>
     </gpxtpx:TrackPointExtension>
    </extensions>
   </trkpt>
   <trkpt lat="45.9844320" lon="9.8035760">
    <ele>2004.4</ele>
    <time>2025-11-01T10:41:47Z</time>
    <extensions>
     <power>269</power>
     <gpxtpx:TrackPointExtension>
      <gpxtpx:hr>131</gpxtpx:hr>
      <gpxtpx:cad>51</gpxtpx:cad>
     </gpxtpx:TrackPointExtension>
    </extensions>
   </trkpt>
   <trkpt lat="45.9843050" lon="9.8035870">
    <ele>2005.4</ele>
    <time>2025-11-01T10:41:57Z</time>
    <extensions>
     <power>279</power>
     <gpxtpx:TrackPointExtension>
      <gpxtpx:hr>135</gpxtpx:hr>
      <gpxtpx:cad>52</gpxtpx:cad>
     </gpxtpx:TrackPointExtension>
    </extensions>
   </trkpt>
   <trkpt lat="45.9841810" lon="9.8035820">
    <ele>2006.6</ele>
    <time>2025-11-01T10:42:07Z</time>
    <extensions>
     <power>239</power>
     <gpxtpx:TrackPointExtension>
      <gpxtpx:hr>138</gpxtpx:hr>
      <gpxtpx:cad>50</gpxtpx:cad>
     </gpxtpx:TrackPointExtension>
    </extensions>
   </trkpt>
   <trkpt lat="45.9840460" lon="9.8035730">
    <ele>2007.4</ele>
    <time>2025-11-01T10:42:17Z</time>
    <extensions>
     <power>213</power>
     <gpxtpx:TrackPointExtension>
      <gpxtpx:hr>140</gpxtpx:hr>
      <gpxtpx:cad>51</gpxtpx:cad>
     </gpxtpx:TrackPointExtension>
    </extensions>
   </trkpt>
   <trkpt lat="45.9839390" lon="9.8036240">
    <ele>2009.2</ele>
    <time>2025-11-01T10:42:27Z</time>
    <extensions>
     <power>0</power>
     <gpxtpx:TrackPointExtension>
      <gpxtpx:hr>140</gpxtpx:hr>
      <gpxtpx:cad>0</gpxtpx:cad>
     </gpxtpx:TrackPointExtension>
    </extensions>
   </trkpt>
   <trkpt lat="45.9838350" lon="9.8036660">
    <ele>2010.4</ele>
    <time>2025-11-01T10:42:37Z</time>
    <extensions>
     <power>0</power>
     <gpxtpx:TrackPointExtension>
      <gpxtpx:hr>141</gpxtpx:hr>
      <gpxtpx:cad>0</gpxtpx:cad>
     </gpxtpx:TrackPointExtension>
    </extensions>
   </trkpt>
   <trkpt lat="45.9837270" lon="9.8037190">
    <ele>2012.4</ele>
    <time>2025-11-01T10:42:47Z</time>
    <extensions>
     <power>236</power>
     <gpxtpx:TrackPointExtension>
      <gpxtpx:hr>140</gpxtpx:hr>
      <gpxtpx:cad>48</gpxtpx:cad>
     </gpxtpx:TrackPointExtension>
    </extensions>
   </trkpt>
   <trkpt lat="45.9836210" lon="9.8037370">
    <ele>2013.4</ele>
    <time>2025-11-01T10:42:57Z</time>
    <extensions>
     <power>232</power>
     <gpxtpx:TrackPointExtension>
      <gpxtpx:hr>140</gpxtpx:hr>
      <gpxtpx:cad>49</gpxtpx:cad>
     </gpxtpx:TrackPointExtension>
    </extensions>
   </trkpt>
   <trkpt lat="45.9835080" lon="9.8037580">
    <ele>2015.0</ele>
    <time>2025-11-01T10:43:07Z</time>
    <extensions>
     <power>0</power>
     <gpxtpx:TrackPointExtension>
      <gpxtpx:hr>138</gpxtpx:hr>
      <gpxtpx:cad>0</gpxtpx:cad>
     </gpxtpx:TrackPointExtension>
    </extensions>
   </trkpt>
   <trkpt lat="45.9833940" lon="9.8037670">
    <ele>2017.6</ele>
    <time>2025-11-01T10:43:17Z</time>
    <extensions>
     <power>0</power>
     <gpxtpx:TrackPointExtension>
      <gpxtpx:hr>139</gpxtpx:hr>
      <gpxtpx:cad>0</gpxtpx:cad>
     </gpxtpx:TrackPointExtension>
    </extensions>
   </trkpt>
   <trkpt lat="45.9832850" lon="9.8037730">
    <ele>2019.2</ele>
    <time>2025-11-01T10:43:27Z</time>
    <extensions>
     <power>326</power>
     <gpxtpx:TrackPointExtension>
      <gpxtpx:hr>141</gpxtpx:hr>
      <gpxtpx:cad>51</gpxtpx:cad>
     </gpxtpx:TrackPointExtension>
    </extensions>
   </trkpt>
   <trkpt lat="45.9831560" lon="9.8037080">
    <ele>2019.4</ele>
    <time>2025-11-01T10:43:37Z</time>
    <extensions>
     <power>0</power>
     <gpxtpx:TrackPointExtension>
      <gpxtpx:hr>143</gpxtpx:hr>
      <gpxtpx:cad>0</gpxtpx:cad>
     </gpxtpx:TrackPointExtension>
    </extensions>
   </trkpt>
   <trkpt lat="45.9830910" lon="9.8037010">
    <ele>2018.8</ele>
    <time>2025-11-01T10:43:46Z</time>
    <extensions>
     <power>252</power>
     <gpxtpx:TrackPointExtension>
      <gpxtpx:hr>143</gpxtpx:hr>
      <gpxtpx:cad>65</gpxtpx:cad>
     </gpxtpx:TrackPointExtension>
    </extensions>
   </trkpt>
   <trkpt lat="45.9831550" lon="9.8038310">
    <ele>2019.4</ele>
    <time>2025-11-01T10:43:56Z</time>
    <extensions>
     <power>0</power>
     <gpxtpx:TrackPointExtension>
      <gpxtpx:hr>141</gpxtpx:hr>
      <gpxtpx:cad>0</gpxtpx:cad>
     </gpxtpx:TrackPointExtension>
    </extensions>
   </trkpt>
   <trkpt lat="45.9831070" lon="9.8039070">
    <ele>2020.8</ele>
    <time>2025-11-01T10:44:06Z</time>
    <extensions>
     <power>0</power>
     <gpxtpx:TrackPointExtension>
      <gpxtpx:hr>139</gpxtpx:hr>
      <gpxtpx:cad>0</gpxtpx:cad>
     </gpxtpx:TrackPointExtension>
    </extensions>
   </trkpt>
   <trkpt lat="45.9830640" lon="9.8039490">
    <ele>2024.4</ele>
    <time>2025-11-01T10:44:16Z</time>
    <extensions>
     <power>248</power>
     <gpxtpx:TrackPointExtension>
      <gpxtpx:hr>139</gpxtpx:hr>
      <gpxtpx:cad>41</gpxtpx:cad>
     </gpxtpx:TrackPointExtension>
    </extensions>
   </trkpt>
   <trkpt lat="45.9830200" lon="9.8040200">
    <ele>2026.6</ele>
    <time>2025-11-01T10:44:26Z</time>
    <extensions>
     <power>0</power>
     <gpxtpx:TrackPointExtension>
      <gpxtpx:hr>142</gpxtpx:hr>
      <gpxtpx:cad>0</gpxtpx:cad>
     </gpxtpx:TrackPointExtension>
    </extensions>
   </trkpt>
   <trkpt lat="45.9829240" lon="9.8041210">
    <ele>2026.8</ele>
    <time>2025-11-01T10:44:36Z</time>
    <extensions>
     <power>335</power>
     <gpxtpx:TrackPointExtension>
      <gpxtpx:hr>146</gpxtpx:hr>
      <gpxtpx:cad>49</gpxtpx:cad>
     </gpxtpx:TrackPointExtension>
    </extensions>
   </trkpt>
   <trkpt lat="45.9829520" lon="9.8042360">
    <ele>2027.2</ele>
    <time>2025-11-01T10:44:46Z</time>
    <extensions>
     <power>0</power>
     <gpxtpx:TrackPointExtension>
      <gpxtpx:hr>147</gpxtpx:hr>
      <gpxtpx:cad>0</gpxtpx:cad>
     </gpxtpx:TrackPointExtension>
    </extensions>
   </trkpt>
   <trkpt lat="45.9829470" lon="9.8043940">
    <ele>2029.4</ele>
    <time>2025-11-01T10:44:56Z</time>
    <extensions>
     <power>0</power>
     <gpxtpx:TrackPointExtension>
      <gpxtpx:hr>147</gpxtpx:hr>
      <gpxtpx:cad>0</gpxtpx:cad>
     </gpxtpx:TrackPointExtension>
    </extensions>
   </trkpt>
   <trkpt lat="45.9828910" lon="9.8045430">
    <ele>2029.6</ele>
    <time>2025-11-01T10:45:06Z</time>
    <extensions>
     <power>309</power>
     <gpxtpx:TrackPointExtension>
      <gpxtpx:hr>144</gpxtpx:hr>
      <gpxtpx:cad>55</gpxtpx:cad>
     </gpxtpx:TrackPointExtension>
    </extensions>
   </trkpt>
   <trkpt lat="45.9826930" lon="9.8046730">
    <ele>2026.6</ele>
    <time>2025-11-01T10:45:16Z</time>
    <extensions>
     <power>484</power>
     <gpxtpx:TrackPointExtension>
      <gpxtpx:hr>141</gpxtpx:hr>
      <gpxtpx:cad>87</gpxtpx:cad>
     </gpxtpx:TrackPointExtension>
    </extensions>
   </trkpt>
   <trkpt lat="45.9825370" lon="9.8048390">
    <ele>2024.0</ele>
    <time>2025-11-01T10:45:26Z</time>
    <extensions>
     <power>272</power>
     <gpxtpx:TrackPointExtension>
      <gpxtpx:hr>141</gpxtpx:hr>
      <gpxtpx:cad>84</gpxtpx:cad>
     </gpxtpx:TrackPointExtension>
    </extensions>
   </trkpt>
   <trkpt lat="45.9824410" lon="9.8049690">
    <ele>2026.4</ele>
    <time>2025-11-01T10:45:36Z</time>
    <extensions>
     <power>0</power>
     <gpxtpx:TrackPointExtension>
      <gpxtpx:hr>139</gpxtpx:hr>
      <gpxtpx:cad>0</gpxtpx:cad>
     </gpxtpx:TrackPointExtension>
    </extensions>
   </trkpt>
   <trkpt lat="45.9822850" lon="9.8051210">
    <ele>2025.2</ele>
    <time>2025-11-01T10:45:46Z</time>
    <extensions>
     <power>280</power>
     <gpxtpx:TrackPointExtension>
      <gpxtpx:hr>137</gpxtpx:hr>
      <gpxtpx:cad>83</gpxtpx:cad>
     </gpxtpx:TrackPointExtension>
    </extensions>
   </trkpt>
   <trkpt lat="45.9822740" lon="9.8052200">
    <ele>2027.2</ele>
    <time>2025-11-01T10:45:56Z</time>
    <extensions>
     <power>157</power>
     <gpxtpx:TrackPointExtension>
      <gpxtpx:hr>137</gpxtpx:hr>
      <gpxtpx:cad>55</gpxtpx:cad>
     </gpxtpx:TrackPointExtension>
    </extensions>
   </trkpt>
   <trkpt lat="45.9822150" lon="9.8053680">
    <ele>2027.2</ele>
    <time>2025-11-01T10:46:06Z</time>
    <extensions>
     <power>164</power>
     <gpxtpx:TrackPointExtension>
      <gpxtpx:hr>142</gpxtpx:hr>
      <gpxtpx:cad>53</gpxtpx:cad>
     </gpxtpx:TrackPointExtension>
    </extensions>
   </trkpt>
   <trkpt lat="45.9821670" lon="9.8055040">
    <ele>2026.2</ele>
    <time>2025-11-01T10:46:16Z</time>
    <extensions>
     <power>0</power>
     <gpxtpx:TrackPointExtension>
      <gpxtpx:hr>144</gpxtpx:hr>
      <gpxtpx:cad>0</gpxtpx:cad>
     </gpxtpx:TrackPointExtension>
    </extensions>
   </trkpt>
   <trkpt lat="45.9821010" lon="9.8056010">
    <ele>2026.8</ele>
    <time>2025-11-01T10:46:26Z</time>
    <extensions>
     <power>98</power>
     <gpxtpx:TrackPointExtension>
      <gpxtpx:hr>145</gpxtpx:hr>
      <gpxtpx:cad>0</gpxtpx:cad>
     </gpxtpx:TrackPointExtension>
    </extensions>
   </trkpt>
   <trkpt lat="45.9820980" lon="9.8056070">
    <ele>2026.8</ele>
    <time>2025-11-01T10:46:36Z</time>
    <extensions>
     <power>0</power>
     <gpxtpx:TrackPointExtension>
      <gpxtpx:hr>131</gpxtpx:hr>
      <gpxtpx:cad>0</gpxtpx:cad>
     </gpxtpx:TrackPointExtension>
    </extensions>
   </trkpt>
   <trkpt lat="45.9820680" lon="9.8056480">
    <ele>2026.6</ele>
    <time>2025-11-01T10:46:46Z</time>
    <extensions>
     <power>0</power>
     <gpxtpx:TrackPointExtension>
      <gpxtpx:hr>129</gpxtpx:hr>
      <gpxtpx:cad>0</gpxtpx:cad>
     </gpxtpx:TrackPointExtension>
    </extensions>
   </trkpt>
   <trkpt lat="45.9819720" lon="9.8058370">
    <ele>2027.0</ele>
    <time>2025-11-01T10:46:56Z</time>
    <extensions>
     <power>0</power>
     <gpxtpx:TrackPointExtension>
      <gpxtpx:hr>128</gpxtpx:hr>
      <gpxtpx:cad>0</gpxtpx:cad>
     </gpxtpx:TrackPointExtension>
    </extensions>
   </trkpt>
   <trkpt lat="45.9818810" lon="9.8060560">
    <ele>2026.6</ele>
    <time>2025-11-01T10:47:06Z</time>
    <extensions>
     <power>274</power>
     <gpxtpx:TrackPointExtension>
      <gpxtpx:hr>135</gpxtpx:hr>
      <gpxtpx:cad>82</gpxtpx:cad>
     </gpxtpx:TrackPointExtension>
    </extensions>
   </trkpt>
   <trkpt lat="45.9818740" lon="9.8060610">
    <ele>2027.2</ele>
    <time>2025-11-01T10:47:16Z</time>
    <extensions>
     <power>0</power>
     <gpxtpx:TrackPointExtension>
      <gpxtpx:hr>129</gpxtpx:hr>
      <gpxtpx:cad>0</gpxtpx:cad>
     </gpxtpx:TrackPointExtension>
    </extensions>
   </trkpt>
   <trkpt lat="45.9818210" lon="9.8061700">
    <ele>2026.8</ele>
    <time>2025-11-01T10:47:26Z</time>
    <extensions>
     <power>114</power>
     <gpxtpx:TrackPointExtension>
      <gpxtpx:hr>130</gpxtpx:hr>
      <gpxtpx:cad>53</gpxtpx:cad>
     </gpxtpx:TrackPointExtension>
    </extensions>
   </trkpt>
   <trkpt lat="45.9817810" lon="9.8062690">
    <ele>2025.2</ele>
    <time>2025-11-01T10:47:36Z</time>
    <extensions>
     <power>0</power>
     <gpxtpx:TrackPointExtension>
      <gpxtpx:hr>130</gpxtpx:hr>
      <gpxtpx:cad>0</gpxtpx:cad>
     </gpxtpx:TrackPointExtension>
    </extensions>
   </trkpt>
   <trkpt lat="45.9817380" lon="9.8063780">
    <ele>2025.6</ele>
    <time>2025-11-01T10:47:46Z</time>
    <extensions>
     <power>0</power>
     <gpxtpx:TrackPointExtension>
      <gpxtpx:hr>119</gpxtpx:hr>
      <gpxtpx:cad>0</gpxtpx:cad>
     </gpxtpx:TrackPointExtension>
    </extensions>
   </trkpt>
   <trkpt lat="45.9816760" lon="9.8065590">
    <ele>2025.6</ele>
    <time>2025-11-01T10:47:56Z</time>
    <extensions>
     <power>0</power>
     <gpxtpx:TrackPointExtension>
      <gpxtpx:hr>120</gpxtpx:hr>
      <gpxtpx:cad>0</gpxtpx:cad>
     </gpxtpx:TrackPointExtension>
    </extensions>
   </trkpt>
   <trkpt lat="45.9817210" lon="9.8065650">
    <ele>2024.2</ele>
    <time>2025-11-01T10:48:06Z</time>
    <extensions>
     <power>0</power>
     <gpxtpx:TrackPointExtension>
      <gpxtpx:hr>118</gpxtpx:hr>
      <gpxtpx:cad>0</gpxtpx:cad>
     </gpxtpx:TrackPointExtension>
    </extensions>
   </trkpt>
   <trkpt lat="45.9818290" lon="9.8065660">
    <ele>2019.4</ele>
    <time>2025-11-01T10:48:16Z</time>
    <extensions>
     <power>0</power>
     <gpxtpx:TrackPointExtension>
      <gpxtpx:hr>114</gpxtpx:hr>
      <gpxtpx:cad>0</gpxtpx:cad>
     </gpxtpx:TrackPointExtension>
    </extensions>
   </trkpt>
   <trkpt lat="45.9819260" lon="9.8066970">
    <ele>2015.2</ele>
    <time>2025-11-01T10:48:26Z</time>
    <extensions>
     <power>0</power>
     <gpxtpx:TrackPointExtension>
      <gpxtpx:hr>110</gpxtpx:hr>
      <gpxtpx:cad>0</gpxtpx:cad>
     </gpxtpx:TrackPointExtension>
    </extensions>
   </trkpt>
   <trkpt lat="45.9818640" lon="9.8069310">
    <ele>2012.6</ele>
    <time>2025-11-01T10:48:36Z</time>
    <extensions>
     <power>178</power>
     <gpxtpx:TrackPointExtension>
      <gpxtpx:hr>108</gpxtpx:hr>
      <gpxtpx:cad>81</gpxtpx:cad>
     </gpxtpx:TrackPointExtension>
    </extensions>
   </trkpt>
   <trkpt lat="45.9818010" lon="9.8071610">
    <ele>2012.0</ele>
    <time>2025-11-01T10:48:46Z</time>
    <extensions>
     <power>155</power>
     <gpxtpx:TrackPointExtension>
      <gpxtpx:hr>115</gpxtpx:hr>
      <gpxtpx:cad>79</gpxtpx:cad>
     </gpxtpx:TrackPointExtension>
    </extensions>
   </trkpt>
   <trkpt lat="45.9817800" lon="9.8074030">
    <ele>2012.0</ele>
    <time>2025-11-01T10:48:56Z</time>
    <extensions>
     <power>194</power>
     <gpxtpx:TrackPointExtension>
      <gpxtpx:hr>117</gpxtpx:hr>
      <gpxtpx:cad>78</gpxtpx:cad>
     </gpxtpx:TrackPointExtension>
    </extensions>
   </trkpt>
   <trkpt lat="45.9817500" lon="9.8075590">
    <ele>2012.6</ele>
    <time>2025-11-01T10:49:06Z</time>
    <extensions>
     <power>116</power>
     <gpxtpx:TrackPointExtension>
      <gpxtpx:hr>127</gpxtpx:hr>
      <gpxtpx:cad>54</gpxtpx:cad>
     </gpxtpx:TrackPointExtension>
    </extensions>
   </trkpt>
   <trkpt lat="45.9817040" lon="9.8076560">
    <ele>2013.8</ele>
    <time>2025-11-01T10:49:15Z</time>
    <extensions>
     <power>0</power>
     <gpxtpx:TrackPointExtension>
      <gpxtpx:hr>126</gpxtpx:hr>
      <gpxtpx:cad>45</gpxtpx:cad>
     </gpxtpx:TrackPointExtension>
    </extensions>
   </trkpt>
   <trkpt lat="45.9816800" lon="9.8077750">
    <ele>2015.4</ele>
    <time>2025-11-01T10:49:25Z</time>
    <extensions>
     <power>0</power>
     <gpxtpx:TrackPointExtension>
      <gpxtpx:hr>127</gpxtpx:hr>
      <gpxtpx:cad>0</gpxtpx:cad>
     </gpxtpx:TrackPointExtension>
    </extensions>
   </trkpt>
   <trkpt lat="45.9816460" lon="9.8079450">
    <ele>2015.0</ele>
    <time>2025-11-01T10:49:35Z</time>
    <extensions>
     <power>216</power>
     <gpxtpx:TrackPointExtension>
      <gpxtpx:hr>129</gpxtpx:hr>
      <gpxtpx:cad>51</gpxtpx:cad>
     </gpxtpx:TrackPointExtension>
    </extensions>
   </trkpt>
   <trkpt lat="45.9815780" lon="9.8081530">
    <ele>2015.8</ele>
    <time>2025-11-01T10:49:45Z</time>
    <extensions>
     <power>251</power>
     <gpxtpx:TrackPointExtension>
      <gpxtpx:hr>138</gpxtpx:hr>
      <gpxtpx:cad>76</gpxtpx:cad>
     </gpxtpx:TrackPointExtension>
    </extensions>
   </trkpt>
   <trkpt lat="45.9815550" lon="9.8084610">
    <ele>2013.0</ele>
    <time>2025-11-01T10:49:55Z</time>
    <extensions>
     <power>308</power>
     <gpxtpx:TrackPointExtension>
      <gpxtpx:hr>140</gpxtpx:hr>
      <gpxtpx:cad>82</gpxtpx:cad>
     </gpxtpx:TrackPointExtension>
    </extensions>
   </trkpt>
   <trkpt lat="45.9815450" lon="9.8087640">
    <ele>2010.6</ele>
    <time>2025-11-01T10:50:05Z</time>
    <extensions>
     <power>269</power>
     <gpxtpx:TrackPointExtension>
      <gpxtpx:hr>139</gpxtpx:hr>
      <gpxtpx:cad>85</gpxtpx:cad>
     </gpxtpx:TrackPointExtension>
    </extensions>
   </trkpt>
   <trkpt lat="45.9815200" lon="9.8090670">
    <ele>2009.4</ele>
    <time>2025-11-01T10:50:15Z</time>
    <extensions>
     <power>234</power>
     <gpxtpx:TrackPointExtension>
      <gpxtpx:hr>138</gpxtpx:hr>
      <gpxtpx:cad>83</gpxtpx:cad>
     </gpxtpx:TrackPointExtension>
    </extensions>
   </trkpt>
   <trkpt lat="45.9814660" lon="9.8094030">
    <ele>2007.8</ele>
    <time>2025-11-01T10:50:25Z</time>
    <extensions>
     <power>265</power>
     <gpxtpx:TrackPointExtension>
      <gpxtpx:hr>136</gpxtpx:hr>
      <gpxtpx:cad>81</gpxtpx:cad>
     </gpxtpx:TrackPointExtension>
    </extensions>
   </trkpt>
   <trkpt lat="45.9814040" lon="9.8096820">
    <ele>2008.0</ele>
    <time>2025-11-01T10:50:35Z</time>
    <extensions>
     <power>283</power>
     <gpxtpx:TrackPointExtension>
      <gpxtpx:hr>141</gpxtpx:hr>
      <gpxtpx:cad>80</gpxtpx:cad>
     </gpxtpx:TrackPointExtension>
    </extensions>
   </trkpt>
   <trkpt lat="45.9813790" lon="9.8098610">
    <ele>2008.8</ele>
    <time>2025-11-01T10:50:45Z</time>
    <extensions>
     <power>0</power>
     <gpxtpx:TrackPointExtension>
      <gpxtpx:hr>143</gpxtpx:hr>
      <gpxtpx:cad>0</gpxtpx:cad>
     </gpxtpx:TrackPointExtension>
    </extensions>
   </trkpt>
   <trkpt lat="45.9813530" lon="9.8100280">
    <ele>2009.0</ele>
    <time>2025-11-01T10:50:55Z</time>
    <extensions>
     <power>0</power>
     <gpxtpx:TrackPointExtension>
      <gpxtpx:hr>145</gpxtpx:hr>
      <gpxtpx:cad>0</gpxtpx:cad>
     </gpxtpx:TrackPointExtension>
    </extensions>
   </trkpt>
   <trkpt lat="45.9813180" lon="9.8101850">
    <ele>2010.2</ele>
    <time>2025-11-01T10:51:05Z</time>
    <extensions>
     <power>177</power>
     <gpxtpx:TrackPointExtension>
      <gpxtpx:hr>146</gpxtpx:hr>
      <gpxtpx:cad>50</gpxtpx:cad>
     </gpxtpx:TrackPointExtension>
    </extensions>
   </trkpt>
   <trkpt lat="45.9812770" lon="9.8103640">
    <ele>2008.8</ele>
    <time>2025-11-01T10:51:15Z</time>
    <extensions>
     <power>0</power>
     <gpxtpx:TrackPointExtension>
      <gpxtpx:hr>145</gpxtpx:hr>
      <gpxtpx:cad>0</gpxtpx:cad>
     </gpxtpx:TrackPointExtension>
    </extensions>
   </trkpt>
   <trkpt lat="45.9812430" lon="9.8105790">
    <ele>2005.6</ele>
    <time>2025-11-01T10:51:25Z</time>
    <extensions>
     <power>190</power>
     <gpxtpx:TrackPointExtension>
      <gpxtpx:hr>143</gpxtpx:hr>
      <gpxtpx:cad>95</gpxtpx:cad>
     </gpxtpx:TrackPointExtension>
    </extensions>
   </trkpt>
   <trkpt lat="45.9811880" lon="9.8107380">
    <ele>2005.4</ele>
    <time>2025-11-01T10:51:35Z</time>
    <extensions>
     <power>42</power>
     <gpxtpx:TrackPointExtension>
      <gpxtpx:hr>141</gpxtpx:hr>
      <gpxtpx:cad>55</gpxtpx:cad>
     </gpxtpx:TrackPointExtension>
    </extensions>
   </trkpt>
   <trkpt lat="45.9811990" lon="9.8109550">
    <ele>2004.4</ele>
    <time>2025-11-01T10:51:45Z</time>
    <extensions>
     <power>0</power>
     <gpxtpx:TrackPointExtension>
      <gpxtpx:hr>139</gpxtpx:hr>
      <gpxtpx:cad>83</gpxtpx:cad>
     </gpxtpx:TrackPointExtension>
    </extensions>
   </trkpt>
   <trkpt lat="45.9811800" lon="9.8111320">
    <ele>2002.0</ele>
    <time>2025-11-01T10:51:55Z</time>
    <extensions>
     <power>43</power>
     <gpxtpx:TrackPointExtension>
      <gpxtpx:hr>140</gpxtpx:hr>
      <gpxtpx:cad>46</gpxtpx:cad>
     </gpxtpx:TrackPointExtension>
    </extensions>
   </trkpt>
   <trkpt lat="45.9811690" lon="9.8112660">
    <ele>1998.8</ele>
    <time>2025-11-01T10:52:05Z</time>
    <extensions>
     <power>144</power>
     <gpxtpx:TrackPointExtension>
      <gpxtpx:hr>138</gpxtpx:hr>
      <gpxtpx:cad>119</gpxtpx:cad>
     </gpxtpx:TrackPointExtension>
    </extensions>
   </trkpt>
   <trkpt lat="45.9812300" lon="9.8114160">
    <ele>1995.6</ele>
    <time>2025-11-01T10:52:15Z</time>
    <extensions>
     <power>144</power>
     <gpxtpx:TrackPointExtension>
      <gpxtpx:hr>135</gpxtpx:hr>
      <gpxtpx:cad>119</gpxtpx:cad>
     </gpxtpx:TrackPointExtension>
    </extensions>
   </trkpt>
   <trkpt lat="45.9813220" lon="9.8114810">
    <ele>1992.6</ele>
    <time>2025-11-01T10:52:25Z</time>
    <extensions>
     <power>8</power>
     <gpxtpx:TrackPointExtension>
      <gpxtpx:hr>134</gpxtpx:hr>
      <gpxtpx:cad>41</gpxtpx:cad>
     </gpxtpx:TrackPointExtension>
    </extensions>
   </trkpt>
   <trkpt lat="45.9813520" lon="9.8117460">
    <ele>1988.2</ele>
    <time>2025-11-01T10:52:35Z</time>
    <extensions>
     <power>225</power>
     <gpxtpx:TrackPointExtension>
      <gpxtpx:hr>136</gpxtpx:hr>
      <gpxtpx:cad>86</gpxtpx:cad>
     </gpxtpx:TrackPointExtension>
    </extensions>
   </trkpt>
   <trkpt lat="45.9813830" lon="9.8119160">
    <ele>1989.8</ele>
    <time>2025-11-01T10:52:45Z</time>
    <extensions>
     <power>148</power>
     <gpxtpx:TrackPointExtension>
      <gpxtpx:hr>134</gpxtpx:hr>
      <gpxtpx:cad>76</gpxtpx:cad>
     </gpxtpx:TrackPointExtension>
    </extensions>
   </trkpt>
   <trkpt lat="45.9814500" lon="9.8120420">
    <ele>1988.4</ele>
    <time>2025-11-01T10:52:55Z</time>
    <extensions>
     <power>137</power>
     <gpxtpx:TrackPointExtension>
      <gpxtpx:hr>134</gpxtpx:hr>
      <gpxtpx:cad>63</gpxtpx:cad>
     </gpxtpx:TrackPointExtension>
    </extensions>
   </trkpt>
   <trkpt lat="45.9815110" lon="9.8121930">
    <ele>1986.2</ele>
    <time>2025-11-01T10:53:05Z</time>
    <extensions>
     <power>0</power>
     <gpxtpx:TrackPointExtension>
      <gpxtpx:hr>132</gpxtpx:hr>
      <gpxtpx:cad>0</gpxtpx:cad>
     </gpxtpx:TrackPointExtension>
    </extensions>
   </trkpt>
   <trkpt lat="45.9816180" lon="9.8123160">
    <ele>1985.0</ele>
    <time>2025-11-01T10:53:15Z</time>
    <extensions>
     <power>94</power>
     <gpxtpx:TrackPointExtension>
      <gpxtpx:hr>131</gpxtpx:hr>
      <gpxtpx:cad>58</gpxtpx:cad>
     </gpxtpx:TrackPointExtension>
    </extensions>
   </trkpt>
   <trkpt lat="45.9817340" lon="9.8124000">
    <ele>1984.2</ele>
    <time>2025-11-01T10:53:25Z</time>
    <extensions>
     <power>105</power>
     <gpxtpx:TrackPointExtension>
      <gpxtpx:hr>127</gpxtpx:hr>
      <gpxtpx:cad>0</gpxtpx:cad>
     </gpxtpx:TrackPointExtension>
    </extensions>
   </trkpt>
   <trkpt lat="45.9819180" lon="9.8124880">
    <ele>1981.6</ele>
    <time>2025-11-01T10:53:35Z</time>
    <extensions>
     <power>237</power>
     <gpxtpx:TrackPointExtension>
      <gpxtpx:hr>126</gpxtpx:hr>
      <gpxtpx:cad>84</gpxtpx:cad>
     </gpxtpx:TrackPointExtension>
    </extensions>
   </trkpt>
   <trkpt lat="45.9820390" lon="9.8125600">
    <ele>1981.6</ele>
    <time>2025-11-01T10:53:45Z</time>
    <extensions>
     <power>0</power>
     <gpxtpx:TrackPointExtension>
      <gpxtpx:hr>127</gpxtpx:hr>
      <gpxtpx:cad>0</gpxtpx:cad>
     </gpxtpx:TrackPointExtension>
    </extensions>
   </trkpt>
   <trkpt lat="45.9821130" lon="9.8126860">
    <ele>1982.4</ele>
    <time>2025-11-01T10:53:55Z</time>
    <extensions>
     <power>0</power>
     <gpxtpx:TrackPointExtension>
      <gpxtpx:hr>124</gpxtpx:hr>
      <gpxtpx:cad>0</gpxtpx:cad>
     </gpxtpx:TrackPointExtension>
    </extensions>
   </trkpt>
   <trkpt lat="45.9822100" lon="9.8127400">
    <ele>1980.2</ele>
    <time>2025-11-01T10:54:05Z</time>
    <extensions>
     <power>117</power>
     <gpxtpx:TrackPointExtension>
      <gpxtpx:hr>126</gpxtpx:hr>
      <gpxtpx:cad>70</gpxtpx:cad>
     </gpxtpx:TrackPointExtension>
    </extensions>
   </trkpt>
   <trkpt lat="45.9823760" lon="9.8128300">
    <ele>1976.8</ele>
    <time>2025-11-01T10:54:15Z</time>
    <extensions>
     <power>0</power>
     <gpxtpx:TrackPointExtension>
      <gpxtpx:hr>127</gpxtpx:hr>
      <gpxtpx:cad>0</gpxtpx:cad>
     </gpxtpx:TrackPointExtension>
    </extensions>
   </trkpt>
   <trkpt lat="45.9825840" lon="9.8128900">
    <ele>1974.8</ele>
    <time>2025-11-01T10:54:25Z</time>
    <extensions>
     <power>210</power>
     <gpxtpx:TrackPointExtension>
      <gpxtpx:hr>125</gpxtpx:hr>
      <gpxtpx:cad>81</gpxtpx:cad>
     </gpxtpx:TrackPointExtension>
    </extensions>
   </trkpt>
   <trkpt lat="45.9826730" lon="9.8130170">
    <ele>1975.0</ele>
    <time>2025-11-01T10:54:34Z</time>
    <extensions>
     <power>236</power>
     <gpxtpx:TrackPointExtension>
      <gpxtpx:hr>126</gpxtpx:hr>
      <gpxtpx:cad>81</gpxtpx:cad>
     </gpxtpx:TrackPointExtension>
    </extensions>
   </trkpt>
   <trkpt lat="45.9827330" lon="9.8131390">
    <ele>1974.8</ele>
    <time>2025-11-01T10:54:44Z</time>
    <extensions>
     <power>0</power>
     <gpxtpx:TrackPointExtension>
      <gpxtpx:hr>130</gpxtpx:hr>
      <gpxtpx:cad>0</gpxtpx:cad>
     </gpxtpx:TrackPointExtension>
    </extensions>
   </trkpt>
   <trkpt lat="45.9828190" lon="9.8130270">
    <ele>1973.2</ele>
    <time>2025-11-01T10:54:54Z</time>
    <extensions>
     <power>159</power>
     <gpxtpx:TrackPointExtension>
      <gpxtpx:hr>128</gpxtpx:hr>
      <gpxtpx:cad>76</gpxtpx:cad>
     </gpxtpx:TrackPointExtension>
    </extensions>
   </trkpt>
   <trkpt lat="45.9828780" lon="9.8129050">
    <ele>1971.0</ele>
    <time>2025-11-01T10:55:04Z</time>
    <extensions>
     <power>0</power>
     <gpxtpx:TrackPointExtension>
      <gpxtpx:hr>125</gpxtpx:hr>
      <gpxtpx:cad>0</gpxtpx:cad>
     </gpxtpx:TrackPointExtension>
    </extensions>
   </trkpt>
   <trkpt lat="45.9830130" lon="9.8128070">
    <ele>1967.0</ele>
    <time>2025-11-01T10:55:14Z</time>
    <extensions>
     <power>191</power>
     <gpxtpx:TrackPointExtension>
      <gpxtpx:hr>126</gpxtpx:hr>
      <gpxtpx:cad>91</gpxtpx:cad>
     </gpxtpx:TrackPointExtension>
    </extensions>
   </trkpt>
   <trkpt lat="45.9831700" lon="9.8128070">
    <ele>1965.4</ele>
    <time>2025-11-01T10:55:24Z</time>
    <extensions>
     <power>110</power>
     <gpxtpx:TrackPointExtension>
      <gpxtpx:hr>130</gpxtpx:hr>
      <gpxtpx:cad>55</gpxtpx:cad>
     </gpxtpx:TrackPointExtension>
    </extensions>
   </trkpt>
   <trkpt lat="45.9831820" lon="9.8126460">
    <ele>1966.4</ele>
    <time>2025-11-01T10:55:34Z</time>
    <extensions>
     <power>162</power>
     <gpxtpx:TrackPointExtension>
      <gpxtpx:hr>129</gpxtpx:hr>
      <gpxtpx:cad>55</gpxtpx:cad>
     </gpxtpx:TrackPointExtension>
    </extensions>
   </trkpt>
   <trkpt lat="45.9833460" lon="9.8124160">
    <ele>1962.6</ele>
    <time>2025-11-01T10:55:44Z</time>
    <extensions>
     <power>193</power>
     <gpxtpx:TrackPointExtension>
      <gpxtpx:hr>136</gpxtpx:hr>
      <gpxtpx:cad>80</gpxtpx:cad>
     </gpxtpx:TrackPointExtension>
    </extensions>
   </trkpt>
   <trkpt lat="45.9835560" lon="9.8122670">
    <ele>1959.8</ele>
    <time>2025-11-01T10:55:54Z</time>
    <extensions>
     <power>238</power>
     <gpxtpx:TrackPointExtension>
      <gpxtpx:hr>134</gpxtpx:hr>
      <gpxtpx:cad>80</gpxtpx:cad>
     </gpxtpx:TrackPointExtension>
    </extensions>
   </trkpt>
   <trkpt lat="45.9837620" lon="9.8122300">
    <ele>1959.2</ele>
    <time>2025-11-01T10:56:04Z</time>
    <extensions>
     <power>247</power>
     <gpxtpx:TrackPointExtension>
      <gpxtpx:hr>137</gpxtpx:hr>
      <gpxtpx:cad>79</gpxtpx:cad>
     </gpxtpx:TrackPointExtension>
    </extensions>
   </trkpt>
   <trkpt lat="45.9839740" lon="9.8122040">
    <ele>1960.4</ele>
    <time>2025-11-01T10:56:14Z</time>
    <extensions>
     <power>300</power>
     <gpxtpx:TrackPointExtension>
      <gpxtpx:hr>139</gpxtpx:hr>
      <gpxtpx:cad>80</gpxtpx:cad>
     </gpxtpx:TrackPointExtension>
    </extensions>
   </trkpt>
   <trkpt lat="45.9841750" lon="9.8121180">
    <ele>1959.0</ele>
    <time>2025-11-01T10:56:24Z</time>
    <extensions>
     <power>300</power>
     <gpxtpx:TrackPointExtension>
      <gpxtpx:hr>141</gpxtpx:hr>
      <gpxtpx:cad>81</gpxtpx:cad>
     </gpxtpx:TrackPointExtension>
    </extensions>
   </trkpt>
   <trkpt lat="45.9843560" lon="9.8121160">
    <ele>1958.2</ele>
    <time>2025-11-01T10:56:34Z</time>
    <extensions>
     <power>270</power>
     <gpxtpx:TrackPointExtension>
      <gpxtpx:hr>143</gpxtpx:hr>
      <gpxtpx:cad>86</gpxtpx:cad>
     </gpxtpx:TrackPointExtension>
    </extensions>
   </trkpt>
   <trkpt lat="45.9844960" lon="9.8121390">
    <ele>1958.4</ele>
    <time>2025-11-01T10:56:44Z</time>
    <extensions>
     <power>172</power>
     <gpxtpx:TrackPointExtension>
      <gpxtpx:hr>142</gpxtpx:hr>
      <gpxtpx:cad>57</gpxtpx:cad>
     </gpxtpx:TrackPointExtension>
    </extensions>
   </trkpt>
   <trkpt lat="45.9845650" lon="9.8121380">
    <ele>1958.4</ele>
    <time>2025-11-01T10:56:54Z</time>
    <extensions>
     <power>127</power>
     <gpxtpx:TrackPointExtension>
      <gpxtpx:hr>142</gpxtpx:hr>
      <gpxtpx:cad>53</gpxtpx:cad>
     </gpxtpx:TrackPointExtension>
    </extensions>
   </trkpt>
   <trkpt lat="45.9845850" lon="9.8121200">
    <ele>1957.6</ele>
    <time>2025-11-01T10:57:04Z</time>
    <extensions>
     <power>0</power>
     <gpxtpx:TrackPointExtension>
      <gpxtpx:hr>138</gpxtpx:hr>
      <gpxtpx:cad>0</gpxtpx:cad>
     </gpxtpx:TrackPointExtension>
    </extensions>
   </trkpt>
   <trkpt lat="45.9846550" lon="9.8121640">
    <ele>1954.8</ele>
    <time>2025-11-01T10:57:14Z</time>
    <extensions>
     <power>0</power>
     <gpxtpx:TrackPointExtension>
      <gpxtpx:hr>139</gpxtpx:hr>
      <gpxtpx:cad>0</gpxtpx:cad>
     </gpxtpx:TrackPointExtension>
    </extensions>
   </trkpt>
   <trkpt lat="45.9846820" lon="9.8121580">
    <ele>1957.0</ele>
    <time>2025-11-01T10:57:24Z</time>
    <extensions>
     <power>0</power>
     <gpxtpx:TrackPointExtension>
      <gpxtpx:hr>139</gpxtpx:hr>
      <gpxtpx:cad>0</gpxtpx:cad>
     </gpxtpx:TrackPointExtension>
    </extensions>
   </trkpt>
   <trkpt lat="45.9846800" lon="9.8121610">
    <ele>1956.8</ele>
    <time>2025-11-01T10:57:34Z</time>
    <extensions>
     <power>0</power>
     <gpxtpx:TrackPointExtension>
      <gpxtpx:hr>137</gpxtpx:hr>
      <gpxtpx:cad>0</gpxtpx:cad>
     </gpxtpx:TrackPointExtension>
    </extensions>
   </trkpt>
   <trkpt lat="45.9846740" lon="9.8121360">
    <ele>1956.8</ele>
    <time>2025-11-01T10:57:44Z</time>
    <extensions>
     <power>0</power>
     <gpxtpx:TrackPointExtension>
      <gpxtpx:hr>140</gpxtpx:hr>
      <gpxtpx:cad>0</gpxtpx:cad>
     </gpxtpx:TrackPointExtension>
    </extensions>
   </trkpt>
   <trkpt lat="45.9847180" lon="9.8120680">
    <ele>1958.0</ele>
    <time>2025-11-01T10:57:54Z</time>
    <extensions>
     <power>109</power>
     <gpxtpx:TrackPointExtension>
      <gpxtpx:hr>140</gpxtpx:hr>
      <gpxtpx:cad>55</gpxtpx:cad>
     </gpxtpx:TrackPointExtension>
    </extensions>
   </trkpt>
   <trkpt lat="45.9847390" lon="9.8119710">
    <ele>1960.6</ele>
    <time>2025-11-01T10:58:04Z</time>
    <extensions>
     <power>151</power>
     <gpxtpx:TrackPointExtension>
      <gpxtpx:hr>136</gpxtpx:hr>
      <gpxtpx:cad>40</gpxtpx:cad>
     </gpxtpx:TrackPointExtension>
    </extensions>
   </trkpt>
   <trkpt lat="45.9848340" lon="9.8118520">
    <ele>1961.4</ele>
    <time>2025-11-01T10:58:14Z</time>
    <extensions>
     <power>232</power>
     <gpxtpx:TrackPointExtension>
      <gpxtpx:hr>138</gpxtpx:hr>
      <gpxtpx:cad>52</gpxtpx:cad>
     </gpxtpx:TrackPointExtension>
    </extensions>
   </trkpt>
   <trkpt lat="45.9849310" lon="9.8117150">
    <ele>1960.4</ele>
    <time>2025-11-01T10:58:24Z</time>
    <extensions>
     <power>179</power>
     <gpxtpx:TrackPointExtension>
      <gpxtpx:hr>139</gpxtpx:hr>
      <gpxtpx:cad>56</gpxtpx:cad>
     </gpxtpx:TrackPointExtension>
    </extensions>
   </trkpt>
   <trkpt lat="45.9850320" lon="9.8116070">
    <ele>1961.0</ele>
    <time>2025-11-01T10:58:34Z</time>
    <extensions>
     <power>143</power>
     <gpxtpx:TrackPointExtension>
      <gpxtpx:hr>136</gpxtpx:hr>
      <gpxtpx:cad>53</gpxtpx:cad>
     </gpxtpx:TrackPointExtension>
    </extensions>
   </trkpt>
   <trkpt lat="45.9851430" lon="9.8114770">
    <ele>1961.0</ele>
    <time>2025-11-01T10:58:44Z</time>
    <extensions>
     <power>156</power>
     <gpxtpx:TrackPointExtension>
      <gpxtpx:hr>136</gpxtpx:hr>
      <gpxtpx:cad>55</gpxtpx:cad>
     </gpxtpx:TrackPointExtension>
    </extensions>
   </trkpt>
   <trkpt lat="45.9852330" lon="9.8113600">
    <ele>1961.8</ele>
    <time>2025-11-01T10:58:54Z</time>
    <extensions>
     <power>162</power>
     <gpxtpx:TrackPointExtension>
      <gpxtpx:hr>134</gpxtpx:hr>
      <gpxtpx:cad>53</gpxtpx:cad>
     </gpxtpx:TrackPointExtension>
    </extensions>
   </trkpt>
   <trkpt lat="45.9853260" lon="9.8112460">
    <ele>1962.8</ele>
    <time>2025-11-01T10:59:04Z</time>
    <extensions>
     <power>201</power>
     <gpxtpx:TrackPointExtension>
      <gpxtpx:hr>131</gpxtpx:hr>
      <gpxtpx:cad>51</gpxtpx:cad>
     </gpxtpx:TrackPointExtension>
    </extensions>
   </trkpt>
   <trkpt lat="45.9854290" lon="9.8111030">
    <ele>1963.4</ele>
    <time>2025-11-01T10:59:14Z</time>
    <extensions>
     <power>197</power>
     <gpxtpx:TrackPointExtension>
      <gpxtpx:hr>130</gpxtpx:hr>
      <gpxtpx:cad>55</gpxtpx:cad>
     </gpxtpx:TrackPointExtension>
    </extensions>
   </trkpt>
   <trkpt lat="45.9855010" lon="9.8109380">
    <ele>1962.8</ele>
    <time>2025-11-01T10:59:24Z</time>
    <extensions>
     <power>0</power>
     <gpxtpx:TrackPointExtension>
      <gpxtpx:hr>130</gpxtpx:hr>
      <gpxtpx:cad>0</gpxtpx:cad>
     </gpxtpx:TrackPointExtension>
    </extensions>
   </trkpt>
   <trkpt lat="45.9855990" lon="9.8108020">
    <ele>1963.4</ele>
    <time>2025-11-01T10:59:34Z</time>
    <extensions>
     <power>166</power>
     <gpxtpx:TrackPointExtension>
      <gpxtpx:hr>128</gpxtpx:hr>
      <gpxtpx:cad>56</gpxtpx:cad>
     </gpxtpx:TrackPointExtension>
    </extensions>
   </trkpt>
   <trkpt lat="45.9856880" lon="9.8106580">
    <ele>1962.6</ele>
    <time>2025-11-01T10:59:44Z</time>
    <extensions>
     <power>130</power>
     <gpxtpx:TrackPointExtension>
      <gpxtpx:hr>128</gpxtpx:hr>
      <gpxtpx:cad>52</gpxtpx:cad>
     </gpxtpx:TrackPointExtension>
    </extensions>
   </trkpt>
   <trkpt lat="45.9857550" lon="9.8105260">
    <ele>1963.2</ele>
    <time>2025-11-01T10:59:53Z</time>
    <extensions>
     <power>131</power>
     <gpxtpx:TrackPointExtension>
      <gpxtpx:hr>127</gpxtpx:hr>
      <gpxtpx:cad>53</gpxtpx:cad>
     </gpxtpx:TrackPointExtension>
    </extensions>
   </trkpt>
   <trkpt lat="45.9858150" lon="9.8104230">
    <ele>1963.4</ele>
    <time>2025-11-01T11:00:03Z</time>
    <extensions>
     <power>0</power>
     <gpxtpx:TrackPointExtension>
      <gpxtpx:hr>126</gpxtpx:hr>
      <gpxtpx:cad>0</gpxtpx:cad>
     </gpxtpx:TrackPointExtension>
    </extensions>
   </trkpt>
   <trkpt lat="45.9858740" lon="9.8103200">
    <ele>1963.8</ele>
    <time>2025-11-01T11:00:13Z</time>
    <extensions>
     <power>0</power>
     <gpxtpx:TrackPointExtension>
      <gpxtpx:hr>125</gpxtpx:hr>
      <gpxtpx:cad>0</gpxtpx:cad>
     </gpxtpx:TrackPointExtension>
    </extensions>
   </trkpt>
   <trkpt lat="45.9859810" lon="9.8101930">
    <ele>1963.4</ele>
    <time>2025-11-01T11:00:23Z</time>
    <extensions>
     <power>152</power>
     <gpxtpx:TrackPointExtension>
      <gpxtpx:hr>124</gpxtpx:hr>
      <gpxtpx:cad>57</gpxtpx:cad>
     </gpxtpx:TrackPointExtension>
    </extensions>
   </trkpt>
   <trkpt lat="45.9860760" lon="9.8100790">
    <ele>1963.2</ele>
    <time>2025-11-01T11:00:33Z</time>
    <extensions>
     <power>149</power>
     <gpxtpx:TrackPointExtension>
      <gpxtpx:hr>122</gpxtpx:hr>
      <gpxtpx:cad>53</gpxtpx:cad>
     </gpxtpx:TrackPointExtension>
    </extensions>
   </trkpt>
   <trkpt lat="45.9861820" lon="9.8100080">
    <ele>1963.6</ele>
    <time>2025-11-01T11:00:43Z</time>
    <extensions>
     <power>131</power>
     <gpxtpx:TrackPointExtension>
      <gpxtpx:hr>122</gpxtpx:hr>
      <gpxtpx:cad>51</gpxtpx:cad>
     </gpxtpx:TrackPointExtension>
    </extensions>
   </trkpt>
   <trkpt lat="45.9862850" lon="9.8099420">
    <ele>1963.8</ele>
    <time>2025-11-01T11:00:53Z</time>
    <extensions>
     <power>161</power>
     <gpxtpx:TrackPointExtension>
      <gpxtpx:hr>121</gpxtpx:hr>
      <gpxtpx:cad>53</gpxtpx:cad>
     </gpxtpx:TrackPointExtension>
    </extensions>
   </trkpt>
   <trkpt lat="45.9864030" lon="9.8099020">
    <ele>1963.4</ele>
    <time>2025-11-01T11:01:03Z</time>
    <extensions>
     <power>134</power>
     <gpxtpx:TrackPointExtension>
      <gpxtpx:hr>123</gpxtpx:hr>
      <gpxtpx:cad>53</gpxtpx:cad>
     </gpxtpx:TrackPointExtension>
    </extensions>
   </trkpt>
   <trkpt lat="45.9865220" lon="9.8098480">
    <ele>1964.8</ele>
    <time>2025-11-01T11:01:13Z</time>
    <extensions>
     <power>159</power>
     <gpxtpx:TrackPointExtension>
      <gpxtpx:hr>124</gpxtpx:hr>
      <gpxtpx:cad>54</gpxtpx:cad>
     </gpxtpx:TrackPointExtension>
    </extensions>
   </trkpt>
   <trkpt lat="45.9866530" lon="9.8098210">
    <ele>1964.2</ele>
    <time>2025-11-01T11:01:23Z</time>
    <extensions>
     <power>175</power>
     <gpxtpx:TrackPointExtension>
      <gpxtpx:hr>125</gpxtpx:hr>
      <gpxtpx:cad>56</gpxtpx:cad>
     </gpxtpx:TrackPointExtension>
    </extensions>
   </trkpt>
   <trkpt lat="45.9867950" lon="9.8098180">
    <ele>1963.4</ele>
    <time>2025-11-01T11:01:33Z</time>
    <extensions>
     <power>160</power>
     <gpxtpx:TrackPointExtension>
      <gpxtpx:hr>121</gpxtpx:hr>
      <gpxtpx:cad>57</gpxtpx:cad>
     </gpxtpx:TrackPointExtension>
    </extensions>
   </trkpt>
   <trkpt lat="45.9869400" lon="9.8097850">
    <ele>1962.6</ele>
    <time>2025-11-01T11:01:43Z</time>
    <extensions>
     <power>128</power>
     <gpxtpx:TrackPointExtension>
      <gpxtpx:hr>120</gpxtpx:hr>
      <gpxtpx:cad>57</gpxtpx:cad>
     </gpxtpx:TrackPointExtension>
    </extensions>
   </trkpt>
   <trkpt lat="45.9870680" lon="9.8097270">
    <ele>1962.6</ele>
    <time>2025-11-01T11:01:53Z</time>
    <extensions>
     <power>121</power>
     <gpxtpx:TrackPointExtension>
      <gpxtpx:hr>117</gpxtpx:hr>
      <gpxtpx:cad>57</gpxtpx:cad>
     </gpxtpx:TrackPointExtension>
    </extensions>
   </trkpt>
   <trkpt lat="45.9871920" lon="9.8096700">
    <ele>1963.0</ele>
    <time>2025-11-01T11:02:03Z</time>
    <extensions>
     <power>136</power>
     <gpxtpx:TrackPointExtension>
      <gpxtpx:hr>114</gpxtpx:hr>
      <gpxtpx:cad>53</gpxtpx:cad>
     </gpxtpx:TrackPointExtension>
    </extensions>
   </trkpt>
   <trkpt lat="45.9873090" lon="9.8095960">
    <ele>1963.8</ele>
    <time>2025-11-01T11:02:13Z</time>
    <extensions>
     <power>169</power>
     <gpxtpx:TrackPointExtension>
      <gpxtpx:hr>115</gpxtpx:hr>
      <gpxtpx:cad>53</gpxtpx:cad>
     </gpxtpx:TrackPointExtension>
    </extensions>
   </trkpt>
   <trkpt lat="45.9874020" lon="9.8094920">
    <ele>1964.4</ele>
    <time>2025-11-01T11:02:23Z</time>
    <extensions>
     <power>196</power>
     <gpxtpx:TrackPointExtension>
      <gpxtpx:hr>118</gpxtpx:hr>
      <gpxtpx:cad>51</gpxtpx:cad>
     </gpxtpx:TrackPointExtension>
    </extensions>
   </trkpt>
   <trkpt lat="45.9875050" lon="9.8093820">
    <ele>1964.8</ele>
    <time>2025-11-01T11:02:33Z</time>
    <extensions>
     <power>176</power>
     <gpxtpx:TrackPointExtension>
      <gpxtpx:hr>118</gpxtpx:hr>
      <gpxtpx:cad>55</gpxtpx:cad>
     </gpxtpx:TrackPointExtension>
    </extensions>
   </trkpt>
   <trkpt lat="45.9876120" lon="9.8092620">
    <ele>1965.0</ele>
    <time>2025-11-01T11:02:43Z</time>
    <extensions>
     <power>161</power>
     <gpxtpx:TrackPointExtension>
      <gpxtpx:hr>117</gpxtpx:hr>
      <gpxtpx:cad>49</gpxtpx:cad>
     </gpxtpx:TrackPointExtension>
    </extensions>
   </trkpt>
   <trkpt lat="45.9877140" lon="9.8091760">
    <ele>1966.8</ele>
    <time>2025-11-01T11:02:53Z</time>
    <extensions>
     <power>192</power>
     <gpxtpx:TrackPointExtension>
      <gpxtpx:hr>124</gpxtpx:hr>
      <gpxtpx:cad>48</gpxtpx:cad>
     </gpxtpx:TrackPointExtension>
    </extensions>
   </trkpt>
   <trkpt lat="45.9878110" lon="9.8090650">
    <ele>1967.4</ele>
    <time>2025-11-01T11:03:03Z</time>
    <extensions>
     <power>194</power>
     <gpxtpx:TrackPointExtension>
      <gpxtpx:hr>128</gpxtpx:hr>
      <gpxtpx:cad>49</gpxtpx:cad>
     </gpxtpx:TrackPointExtension>
    </extensions>
   </trkpt>
   <trkpt lat="45.9878980" lon="9.8089510">
    <ele>1968.4</ele>
    <time>2025-11-01T11:03:13Z</time>
    <extensions>
     <power>186</power>
     <gpxtpx:TrackPointExtension>
      <gpxtpx:hr>129</gpxtpx:hr>
      <gpxtpx:cad>49</gpxtpx:cad>
     </gpxtpx:TrackPointExtension>
    </extensions>
   </trkpt>
   <trkpt lat="45.9879910" lon="9.8088250">
    <ele>1969.4</ele>
    <time>2025-11-01T11:03:23Z</time>
    <extensions>
     <power>148</power>
     <gpxtpx:TrackPointExtension>
      <gpxtpx:hr>133</gpxtpx:hr>
      <gpxtpx:cad>51</gpxtpx:cad>
     </gpxtpx:TrackPointExtension>
    </extensions>
   </trkpt>
   <trkpt lat="45.9880880" lon="9.8087050">
    <ele>1971.2</ele>
    <time>2025-11-01T11:03:33Z</time>
    <extensions>
     <power>221</power>
     <gpxtpx:TrackPointExtension>
      <gpxtpx:hr>133</gpxtpx:hr>
      <gpxtpx:cad>50</gpxtpx:cad>
     </gpxtpx:TrackPointExtension>
    </extensions>
   </trkpt>
   <trkpt lat="45.9881970" lon="9.8086250">
    <ele>1971.2</ele>
    <time>2025-11-01T11:03:43Z</time>
    <extensions>
     <power>218</power>
     <gpxtpx:TrackPointExtension>
      <gpxtpx:hr>136</gpxtpx:hr>
      <gpxtpx:cad>51</gpxtpx:cad>
     </gpxtpx:TrackPointExtension>
    </extensions>
   </trkpt>
   <trkpt lat="45.9883200" lon="9.8085530">
    <ele>1971.8</ele>
    <time>2025-11-01T11:03:53Z</time>
    <extensions>
     <power>197</power>
     <gpxtpx:TrackPointExtension>
      <gpxtpx:hr>135</gpxtpx:hr>
      <gpxtpx:cad>53</gpxtpx:cad>
     </gpxtpx:TrackPointExtension>
    </extensions>
   </trkpt>
   <trkpt lat="45.9884470" lon="9.8084980">
    <ele>1972.0</ele>
    <time>2025-11-01T11:04:03Z</time>
    <extensions>
     <power>183</power>
     <gpxtpx:TrackPointExtension>
      <gpxtpx:hr>132</gpxtpx:hr>
      <gpxtpx:cad>51</gpxtpx:cad>
     </gpxtpx:TrackPointExtension>
    </extensions>
   </trkpt>
   <trkpt lat="45.9885500" lon="9.8084710">
    <ele>1973.4</ele>
    <time>2025-11-01T11:04:13Z</time>
    <extensions>
     <power>0</power>
     <gpxtpx:TrackPointExtension>
      <gpxtpx:hr>131</gpxtpx:hr>
      <gpxtpx:cad>0</gpxtpx:cad>
     </gpxtpx:TrackPointExtension>
    </extensions>
   </trkpt>
   <trkpt lat="45.9886740" lon="9.8084660">
    <ele>1971.4</ele>
    <time>2025-11-01T11:04:23Z</time>
    <extensions>
     <power>141</power>
     <gpxtpx:TrackPointExtension>
      <gpxtpx:hr>130</gpxtpx:hr>
      <gpxtpx:cad>60</gpxtpx:cad>
     </gpxtpx:TrackPointExtension>
    </extensions>
   </trkpt>
   <trkpt lat="45.9887970" lon="9.8084790">
    <ele>1970.0</ele>
    <time>2025-11-01T11:04:33Z</time>
    <extensions>
     <power>113</power>
     <gpxtpx:TrackPointExtension>
      <gpxtpx:hr>127</gpxtpx:hr>
      <gpxtpx:cad>59</gpxtpx:cad>
     </gpxtpx:TrackPointExtension>
    </extensions>
   </trkpt>
   <trkpt lat="45.9890200" lon="9.8085310">
    <ele>1968.2</ele>
    <time>2025-11-01T11:04:43Z</time>
    <extensions>
     <power>267</power>
     <gpxtpx:TrackPointExtension>
      <gpxtpx:hr>125</gpxtpx:hr>
      <gpxtpx:cad>83</gpxtpx:cad>
     </gpxtpx:TrackPointExtension>
    </extensions>
   </trkpt>
   <trkpt lat="45.9891740" lon="9.8085600">
    <ele>1968.2</ele>
    <time>2025-11-01T11:04:53Z</time>
    <extensions>
     <power>143</power>
     <gpxtpx:TrackPointExtension>
      <gpxtpx:hr>126</gpxtpx:hr>
      <gpxtpx:cad>59</gpxtpx:cad>
     </gpxtpx:TrackPointExtension>
    </extensions>
   </trkpt>
   <trkpt lat="45.9892980" lon="9.8085910">
    <ele>1967.4</ele>
    <time>2025-11-01T11:05:03Z</time>
    <extensions>
     <power>46</power>
     <gpxtpx:TrackPointExtension>
      <gpxtpx:hr>126</gpxtpx:hr>
      <gpxtpx:cad>0</gpxtpx:cad>
     </gpxtpx:TrackPointExtension>
    </extensions>
   </trkpt>
   <trkpt lat="45.9894170" lon="9.8086600">
    <ele>1966.4</ele>
    <time>2025-11-01T11:05:12Z</time>
    <extensions>
     <power>136</power>
     <gpxtpx:TrackPointExtension>
      <gpxtpx:hr>125</gpxtpx:hr>
      <gpxtpx:cad>56</gpxtpx:cad>
     </gpxtpx:TrackPointExtension>
    </extensions>
   </trkpt>
   <trkpt lat="45.9895400" lon="9.8088180">
    <ele>1963.8</ele>
    <time>2025-11-01T11:05:22Z</time>
    <extensions>
     <power>0</power>
     <gpxtpx:TrackPointExtension>
      <gpxtpx:hr>129</gpxtpx:hr>
      <gpxtpx:cad>0</gpxtpx:cad>
     </gpxtpx:TrackPointExtension>
    </extensions>
   </trkpt>
   <trkpt lat="45.9897220" lon="9.8089920">
    <ele>1962.6</ele>
    <time>2025-11-01T11:05:32Z</time>
    <extensions>
     <power>222</power>
     <gpxtpx:TrackPointExtension>
      <gpxtpx:hr>126</gpxtpx:hr>
      <gpxtpx:cad>84</gpxtpx:cad>
     </gpxtpx:TrackPointExtension>
    </extensions>
   </trkpt>
   <trkpt lat="45.9898930" lon="9.8091210">
    <ele>1959.8</ele>
    <time>2025-11-01T11:05:42Z</time>
    <extensions>
     <power>58</power>
     <gpxtpx:TrackPointExtension>
      <gpxtpx:hr>125</gpxtpx:hr>
      <gpxtpx:cad>85</gpxtpx:cad>
     </gpxtpx:TrackPointExtension>
    </extensions>
   </trkpt>
   <trkpt lat="45.9899880" lon="9.8092740">
    <ele>1961.6</ele>
    <time>2025-11-01T11:05:52Z</time>
    <extensions>
     <power>80</power>
     <gpxtpx:TrackPointExtension>
      <gpxtpx:hr>124</gpxtpx:hr>
      <gpxtpx:cad>42</gpxtpx:cad>
     </gpxtpx:TrackPointExtension>
    </extensions>
   </trkpt>
   <trkpt lat="45.9900940" lon="9.8093200">
    <ele>1963.6</ele>
    <time>2025-11-01T11:06:02Z</time>
    <extensions>
     <power>174</power>
     <gpxtpx:TrackPointExtension>
      <gpxtpx:hr>120</gpxtpx:hr>
      <gpxtpx:cad>52</gpxtpx:cad>
     </gpxtpx:TrackPointExtension>
    </extensions>
   </trkpt>
   <trkpt lat="45.9902160" lon="9.8093610">
    <ele>1964.8</ele>
    <time>2025-11-01T11:06:12Z</time>
    <extensions>
     <power>262</power>
     <gpxtpx:TrackPointExtension>
      <gpxtpx:hr>127</gpxtpx:hr>
      <gpxtpx:cad>57</gpxtpx:cad>
     </gpxtpx:TrackPointExtension>
    </extensions>
   </trkpt>
   <trkpt lat="45.9903410" lon="9.8094210">
    <ele>1964.4</ele>
    <time>2025-11-01T11:06:22Z</time>
    <extensions>
     <power>191</power>
     <gpxtpx:TrackPointExtension>
      <gpxtpx:hr>132</gpxtpx:hr>
      <gpxtpx:cad>58</gpxtpx:cad>
     </gpxtpx:TrackPointExtension>
    </extensions>
   </trkpt>
   <trkpt lat="45.9904770" lon="9.8094420">
    <ele>1962.8</ele>
    <time>2025-11-01T11:06:32Z</time>
    <extensions>
     <power>148</power>
     <gpxtpx:TrackPointExtension>
      <gpxtpx:hr>125</gpxtpx:hr>
      <gpxtpx:cad>62</gpxtpx:cad>
     </gpxtpx:TrackPointExtension>
    </extensions>
   </trkpt>
   <trkpt lat="45.9905850" lon="9.8094600">
    <ele>1961.0</ele>
    <time>2025-11-01T11:06:42Z</time>
    <extensions>
     <power>114</power>
     <gpxtpx:TrackPointExtension>
      <gpxtpx:hr>121</gpxtpx:hr>
      <gpxtpx:cad>61</gpxtpx:cad>
     </gpxtpx:TrackPointExtension>
    </extensions>
   </trkpt>
   <trkpt lat="45.9907200" lon="9.8094370">
    <ele>1960.2</ele>
    <time>2025-11-01T11:06:52Z</time>
    <extensions>
     <power>134</power>
     <gpxtpx:TrackPointExtension>
      <gpxtpx:hr>118</gpxtpx:hr>
      <gpxtpx:cad>62</gpxtpx:cad>
     </gpxtpx:TrackPointExtension>
    </extensions>
   </trkpt>
   <trkpt lat="45.9908310" lon="9.8092670">
    <ele>1958.6</ele>
    <time>2025-11-01T11:07:02Z</time>
    <extensions>
     <power>122</power>
     <gpxtpx:TrackPointExtension>
      <gpxtpx:hr>116</gpxtpx:hr>
      <gpxtpx:cad>62</gpxtpx:cad>
     </gpxtpx:TrackPointExtension>
    </extensions>
   </trkpt>
   <trkpt lat="45.9909960" lon="9.8090570">
    <ele>1956.2</ele>
    <time>2025-11-01T11:07:12Z</time>
    <extensions>
     <power>207</power>
     <gpxtpx:TrackPointExtension>
      <gpxtpx:hr>114</gpxtpx:hr>
      <gpxtpx:cad>86</gpxtpx:cad>
     </gpxtpx:TrackPointExtension>
    </extensions>
   </trkpt>
   <trkpt lat="45.9911550" lon="9.8089070">
    <ele>1955.4</ele>
    <time>2025-11-01T11:07:22Z</time>
    <extensions>
     <power>184</power>
     <gpxtpx:TrackPointExtension>
      <gpxtpx:hr>121</gpxtpx:hr>
      <gpxtpx:cad>81</gpxtpx:cad>
     </gpxtpx:TrackPointExtension>
    </extensions>
   </trkpt>
   <trkpt lat="45.9912780" lon="9.8088640">
    <ele>1955.4</ele>
    <time>2025-11-01T11:07:32Z</time>
    <extensions>
     <power>121</power>
     <gpxtpx:TrackPointExtension>
      <gpxtpx:hr>121</gpxtpx:hr>
      <gpxtpx:cad>58</gpxtpx:cad>
     </gpxtpx:TrackPointExtension>
    </extensions>
   </trkpt>
   <trkpt lat="45.9913520" lon="9.8087610">
    <ele>1956.6</ele>
    <time>2025-11-01T11:07:42Z</time>
    <extensions>
     <power>59</power>
     <gpxtpx:TrackPointExtension>
      <gpxtpx:hr>126</gpxtpx:hr>
      <gpxtpx:cad>19</gpxtpx:cad>
     </gpxtpx:TrackPointExtension>
    </extensions>
   </trkpt>
   <trkpt lat="45.9914490" lon="9.8087020">
    <ele>1957.6</ele>
    <time>2025-11-01T11:07:52Z</time>
    <extensions>
     <power>135</power>
     <gpxtpx:TrackPointExtension>
      <gpxtpx:hr>129</gpxtpx:hr>
      <gpxtpx:cad>50</gpxtpx:cad>
     </gpxtpx:TrackPointExtension>
    </extensions>
   </trkpt>
   <trkpt lat="45.9915490" lon="9.8086240">
    <ele>1955.2</ele>
    <time>2025-11-01T11:08:02Z</time>
    <extensions>
     <power>0</power>
     <gpxtpx:TrackPointExtension>
      <gpxtpx:hr>130</gpxtpx:hr>
      <gpxtpx:cad>0</gpxtpx:cad>
     </gpxtpx:TrackPointExtension>
    </extensions>
   </trkpt>
   <trkpt lat="45.9915420" lon="9.8085260">
    <ele>1956.0</ele>
    <time>2025-11-01T11:08:12Z</time>
    <extensions>
     <power>134</power>
     <gpxtpx:TrackPointExtension>
      <gpxtpx:hr>128</gpxtpx:hr>
      <gpxtpx:cad>62</gpxtpx:cad>
     </gpxtpx:TrackPointExtension>
    </extensions>
   </trkpt>
   <trkpt lat="45.9916140" lon="9.8083760">
    <ele>1956.4</ele>
    <time>2025-11-01T11:08:22Z</time>
    <extensions>
     <power>153</power>
     <gpxtpx:TrackPointExtension>
      <gpxtpx:hr>128</gpxtpx:hr>
      <gpxtpx:cad>55</gpxtpx:cad>
     </gpxtpx:TrackPointExtension>
    </extensions>
   </trkpt>
   <trkpt lat="45.9916860" lon="9.8082180">
    <ele>1956.4</ele>
    <time>2025-11-01T11:08:32Z</time>
    <extensions>
     <power>176</power>
     <gpxtpx:TrackPointExtension>
      <gpxtpx:hr>128</gpxtpx:hr>
      <gpxtpx:cad>57</gpxtpx:cad>
     </gpxtpx:TrackPointExtension>
    </extensions>
   </trkpt>
   <trkpt lat="45.9917520" lon="9.8080840">
    <ele>1958.0</ele>
    <time>2025-11-01T11:08:42Z</time>
    <extensions>
     <power>188</power>
     <gpxtpx:TrackPointExtension>
      <gpxtpx:hr>129</gpxtpx:hr>
      <gpxtpx:cad>54</gpxtpx:cad>
     </gpxtpx:TrackPointExtension>
    </extensions>
   </trkpt>
   <trkpt lat="45.9917470" lon="9.8079260">
    <ele>1958.4</ele>
    <time>2025-11-01T11:08:52Z</time>
    <extensions>
     <power>178</power>
     <gpxtpx:TrackPointExtension>
      <gpxtpx:hr>128</gpxtpx:hr>
      <gpxtpx:cad>0</gpxtpx:cad>
     </gpxtpx:TrackPointExtension>
    </extensions>
   </trkpt>
   <trkpt lat="45.9918620" lon="9.8077960">
    <ele>1958.0</ele>
    <time>2025-11-01T11:09:02Z</time>
    <extensions>
     <power>143</power>
     <gpxtpx:TrackPointExtension>
      <gpxtpx:hr>128</gpxtpx:hr>
      <gpxtpx:cad>57</gpxtpx:cad>
     </gpxtpx:TrackPointExtension>
    </extensions>
   </trkpt>
   <trkpt lat="45.9920510" lon="9.8076990">
    <ele>1956.6</ele>
    <time>2025-11-01T11:09:12Z</time>
    <extensions>
     <power>237</power>
     <gpxtpx:TrackPointExtension>
      <gpxtpx:hr>127</gpxtpx:hr>
      <gpxtpx:cad>83</gpxtpx:cad>
     </gpxtpx:TrackPointExtension>
    </extensions>
   </trkpt>
   <trkpt lat="45.9922210" lon="9.8075290">
    <ele>1957.8</ele>
    <time>2025-11-01T11:09:22Z</time>
    <extensions>
     <power>287</power>
     <gpxtpx:TrackPointExtension>
      <gpxtpx:hr>127</gpxtpx:hr>
      <gpxtpx:cad>81</gpxtpx:cad>
     </gpxtpx:TrackPointExtension>
    </extensions>
   </trkpt>
   <trkpt lat="45.9923090" lon="9.8073690">
    <ele>1958.2</ele>
    <time>2025-11-01T11:09:32Z</time>
    <extensions>
     <power>181</power>
     <gpxtpx:TrackPointExtension>
      <gpxtpx:hr>131</gpxtpx:hr>
      <gpxtpx:cad>54</gpxtpx:cad>
     </gpxtpx:TrackPointExtension>
    </extensions>
   </trkpt>
   <trkpt lat="45.9924410" lon="9.8071610">
    <ele>1954.0</ele>
    <time>2025-11-01T11:09:42Z</time>
    <extensions>
     <power>225</power>
     <gpxtpx:TrackPointExtension>
      <gpxtpx:hr>131</gpxtpx:hr>
      <gpxtpx:cad>88</gpxtpx:cad>
     </gpxtpx:TrackPointExtension>
    </extensions>
   </trkpt>
   <trkpt lat="45.9926730" lon="9.8070870">
    <ele>1952.0</ele>
    <time>2025-11-01T11:09:52Z</time>
    <extensions>
     <power>229</power>
     <gpxtpx:TrackPointExtension>
      <gpxtpx:hr>132</gpxtpx:hr>
      <gpxtpx:cad>82</gpxtpx:cad>
     </gpxtpx:TrackPointExtension>
    </extensions>
   </trkpt>
   <trkpt lat="45.9928970" lon="9.8069930">
    <ele>1951.8</ele>
    <time>2025-11-01T11:10:02Z</time>
    <extensions>
     <power>273</power>
     <gpxtpx:TrackPointExtension>
      <gpxtpx:hr>133</gpxtpx:hr>
      <gpxtpx:cad>84</gpxtpx:cad>
     </gpxtpx:TrackPointExtension>
    </extensions>
   </trkpt>
   <trkpt lat="45.9931240" lon="9.8069360">
    <ele>1952.6</ele>
    <time>2025-11-01T11:10:12Z</time>
    <extensions>
     <power>318</power>
     <gpxtpx:TrackPointExtension>
      <gpxtpx:hr>135</gpxtpx:hr>
      <gpxtpx:cad>83</gpxtpx:cad>
     </gpxtpx:TrackPointExtension>
    </extensions>
   </trkpt>
   <trkpt lat="45.9933620" lon="9.8069550">
    <ele>1952.4</ele>
    <time>2025-11-01T11:10:22Z</time>
    <extensions>
     <power>337</power>
     <gpxtpx:TrackPointExtension>
      <gpxtpx:hr>140</gpxtpx:hr>
      <gpxtpx:cad>82</gpxtpx:cad>
     </gpxtpx:TrackPointExtension>
    </extensions>
   </trkpt>
   <trkpt lat="45.9935590" lon="9.8071200">
    <ele>1951.6</ele>
    <time>2025-11-01T11:10:32Z</time>
    <extensions>
     <power>331</power>
     <gpxtpx:TrackPointExtension>
      <gpxtpx:hr>142</gpxtpx:hr>
      <gpxtpx:cad>82</gpxtpx:cad>
     </gpxtpx:TrackPointExtension>
    </extensions>
   </trkpt>
   <trkpt lat="45.9936950" lon="9.8072680">
    <ele>1952.2</ele>
    <time>2025-11-01T11:10:41Z</time>
    <extensions>
     <power>322</power>
     <gpxtpx:TrackPointExtension>
      <gpxtpx:hr>144</gpxtpx:hr>
      <gpxtpx:cad>83</gpxtpx:cad>
     </gpxtpx:TrackPointExtension>
    </extensions>
   </trkpt>
   <trkpt lat="45.9938040" lon="9.8072170">
    <ele>1953.8</ele>
    <time>2025-11-01T11:10:51Z</time>
    <extensions>
     <power>209</power>
     <gpxtpx:TrackPointExtension>
      <gpxtpx:hr>143</gpxtpx:hr>
      <gpxtpx:cad>55</gpxtpx:cad>
     </gpxtpx:TrackPointExtension>
    </extensions>
   </trkpt>
   <trkpt lat="45.9940270" lon="9.8071340">
    <ele>1950.0</ele>
    <time>2025-11-01T11:11:01Z</time>
    <extensions>
     <power>320</power>
     <gpxtpx:TrackPointExtension>
      <gpxtpx:hr>134</gpxtpx:hr>
      <gpxtpx:cad>79</gpxtpx:cad>
     </gpxtpx:TrackPointExtension>
    </extensions>
   </trkpt>
   <trkpt lat="45.9942580" lon="9.8072650">
    <ele>1949.0</ele>
    <time>2025-11-01T11:11:11Z</time>
    <extensions>
     <power>281</power>
     <gpxtpx:TrackPointExtension>
      <gpxtpx:hr>135</gpxtpx:hr>
      <gpxtpx:cad>80</gpxtpx:cad>
     </gpxtpx:TrackPointExtension>
    </extensions>
   </trkpt>
   <trkpt lat="45.9944260" lon="9.8075090">
    <ele>1948.2</ele>
    <time>2025-11-01T11:11:21Z</time>
    <extensions>
     <power>296</power>
     <gpxtpx:TrackPointExtension>
      <gpxtpx:hr>138</gpxtpx:hr>
      <gpxtpx:cad>82</gpxtpx:cad>
     </gpxtpx:TrackPointExtension>
    </extensions>
   </trkpt>
   <trkpt lat="45.9943520" lon="9.8078320">
    <ele>1947.4</ele>
    <time>2025-11-01T11:11:31Z</time>
    <extensions>
     <power>313</power>
     <gpxtpx:TrackPointExtension>
      <gpxtpx:hr>140</gpxtpx:hr>
      <gpxtpx:cad>83</gpxtpx:cad>
     </gpxtpx:TrackPointExtension>
    </extensions>
   </trkpt>
   <trkpt lat="45.9943950" lon="9.8081450">
    <ele>1946.6</ele>
    <time>2025-11-01T11:11:41Z</time>
    <extensions>
     <power>322</power>
     <gpxtpx:TrackPointExtension>
      <gpxtpx:hr>142</gpxtpx:hr>
      <gpxtpx:cad>81</gpxtpx:cad>
     </gpxtpx:TrackPointExtension>
    </extensions>
   </trkpt>
   <trkpt lat="45.9944430" lon="9.8084290">
    <ele>1947.0</ele>
    <time>2025-11-01T11:11:51Z</time>
    <extensions>
     <power>350</power>
     <gpxtpx:TrackPointExtension>
      <gpxtpx:hr>143</gpxtpx:hr>
      <gpxtpx:cad>83</gpxtpx:cad>
     </gpxtpx:TrackPointExtension>
    </extensions>
   </trkpt>
   <trkpt lat="45.9946410" lon="9.8085940">
    <ele>1946.6</ele>
    <time>2025-11-01T11:12:01Z</time>
    <extensions>
     <power>339</power>
     <gpxtpx:TrackPointExtension>
      <gpxtpx:hr>142</gpxtpx:hr>
      <gpxtpx:cad>82</gpxtpx:cad>
     </gpxtpx:TrackPointExtension>
    </extensions>
   </trkpt>
   <trkpt lat="45.9947870" lon="9.8088640">
    <ele>1947.0</ele>
    <time>2025-11-01T11:12:11Z</time>
    <extensions>
     <power>341</power>
     <gpxtpx:TrackPointExtension>
      <gpxtpx:hr>143</gpxtpx:hr>
      <gpxtpx:cad>83</gpxtpx:cad>
     </gpxtpx:TrackPointExtension>
    </extensions>
   </trkpt>
   <trkpt lat="45.9949050" lon="9.8091480">
    <ele>1946.6</ele>
    <time>2025-11-01T11:12:21Z</time>
    <extensions>
     <power>332</power>
     <gpxtpx:TrackPointExtension>
      <gpxtpx:hr>144</gpxtpx:hr>
      <gpxtpx:cad>83</gpxtpx:cad>
     </gpxtpx:TrackPointExtension>
    </extensions>
   </trkpt>
   <trkpt lat="45.9949930" lon="9.8092920">
    <ele>1947.2</ele>
    <time>2025-11-01T11:12:31Z</time>
    <extensions>
     <power>200</power>
     <gpxtpx:TrackPointExtension>
      <gpxtpx:hr>146</gpxtpx:hr>
      <gpxtpx:cad>57</gpxtpx:cad>
     </gpxtpx:TrackPointExtension>
    </extensions>
   </trkpt>
   <trkpt lat="45.9950980" lon="9.8094250">
    <ele>1946.6</ele>
    <time>2025-11-01T11:12:41Z</time>
    <extensions>
     <power>179</power>
     <gpxtpx:TrackPointExtension>
      <gpxtpx:hr>146</gpxtpx:hr>
      <gpxtpx:cad>57</gpxtpx:cad>
     </gpxtpx:TrackPointExtension>
    </extensions>
   </trkpt>
   <trkpt lat="45.9952000" lon="9.8095530">
    <ele>1946.8</ele>
    <time>2025-11-01T11:12:51Z</time>
    <extensions>
     <power>179</power>
     <gpxtpx:TrackPointExtension>
      <gpxtpx:hr>140</gpxtpx:hr>
      <gpxtpx:cad>55</gpxtpx:cad>
     </gpxtpx:TrackPointExtension>
    </extensions>
   </trkpt>
   <trkpt lat="45.9953150" lon="9.8096740">
    <ele>1948.0</ele>
    <time>2025-11-01T11:13:01Z</time>
    <extensions>
     <power>230</power>
     <gpxtpx:TrackPointExtension>
      <gpxtpx:hr>138</gpxtpx:hr>
      <gpxtpx:cad>59</gpxtpx:cad>
     </gpxtpx:TrackPointExtension>
    </extensions>
   </trkpt>
   <trkpt lat="45.9954170" lon="9.8097710">
    <ele>1948.8</ele>
    <time>2025-11-01T11:13:11Z</time>
    <extensions>
     <power>196</power>
     <gpxtpx:TrackPointExtension>
      <gpxtpx:hr>134</gpxtpx:hr>
      <gpxtpx:cad>53</gpxtpx:cad>
     </gpxtpx:TrackPointExtension>
    </extensions>
   </trkpt>
   <trkpt lat="45.9954930" lon="9.8098260">
    <ele>1949.8</ele>
    <time>2025-11-01T11:13:21Z</time>
    <extensions>
     <power>183</power>
     <gpxtpx:TrackPointExtension>
      <gpxtpx:hr>133</gpxtpx:hr>
      <gpxtpx:cad>51</gpxtpx:cad>
     </gpxtpx:TrackPointExtension>
    </extensions>
   </trkpt>
   <trkpt lat="45.9954920" lon="9.8098340">
    <ele>1949.4</ele>
    <time>2025-11-01T11:13:31Z</time>
    <extensions>
     <power>0</power>
     <gpxtpx:TrackPointExtension>
      <gpxtpx:hr>131</gpxtpx:hr>
      <gpxtpx:cad>0</gpxtpx:cad>
     </gpxtpx:TrackPointExtension>
    </extensions>
   </trkpt>
   <trkpt lat="45.9954930" lon="9.8098420">
    <ele>1949.6</ele>
    <time>2025-11-01T11:13:41Z</time>
    <extensions>
     <power>0</power>
     <gpxtpx:TrackPointExtension>
      <gpxtpx:hr>128</gpxtpx:hr>
      <gpxtpx:cad>0</gpxtpx:cad>
     </gpxtpx:TrackPointExtension>
    </extensions>
   </trkpt>
   <trkpt lat="45.9955350" lon="9.8098430">
    <ele>1949.8</ele>
    <time>2025-11-01T11:13:51Z</time>
    <extensions>
     <power>0</power>
     <gpxtpx:TrackPointExtension>
      <gpxtpx:hr>130</gpxtpx:hr>
      <gpxtpx:cad>0</gpxtpx:cad>
     </gpxtpx:TrackPointExtension>
    </extensions>
   </trkpt>
   <trkpt lat="45.9956240" lon="9.8098580">
    <ele>1950.8</ele>
    <time>2025-11-01T11:14:01Z</time>
    <extensions>
     <power>135</power>
     <gpxtpx:TrackPointExtension>
      <gpxtpx:hr>128</gpxtpx:hr>
      <gpxtpx:cad>43</gpxtpx:cad>
     </gpxtpx:TrackPointExtension>
    </extensions>
   </trkpt>
   <trkpt lat="45.9957310" lon="9.8098620">
    <ele>1952.4</ele>
    <time>2025-11-01T11:14:11Z</time>
    <extensions>
     <power>199</power>
     <gpxtpx:TrackPointExtension>
      <gpxtpx:hr>129</gpxtpx:hr>
      <gpxtpx:cad>48</gpxtpx:cad>
     </gpxtpx:TrackPointExtension>
    </extensions>
   </trkpt>
   <trkpt lat="45.9958540" lon="9.8098760">
    <ele>1953.8</ele>
    <time>2025-11-01T11:14:21Z</time>
    <extensions>
     <power>227</power>
     <gpxtpx:TrackPointExtension>
      <gpxtpx:hr>123</gpxtpx:hr>
      <gpxtpx:cad>50</gpxtpx:cad>
     </gpxtpx:TrackPointExtension>
    </extensions>
   </trkpt>
   <trkpt lat="45.9959650" lon="9.8099120">
    <ele>1955.0</ele>
    <time>2025-11-01T11:14:31Z</time>
    <extensions>
     <power>207</power>
     <gpxtpx:TrackPointExtension>
      <gpxtpx:hr>123</gpxtpx:hr>
      <gpxtpx:cad>50</gpxtpx:cad>
     </gpxtpx:TrackPointExtension>
    </extensions>
   </trkpt>
   <trkpt lat="45.9960690" lon="9.8100280">
    <ele>1956.4</ele>
    <time>2025-11-01T11:14:41Z</time>
    <extensions>
     <power>230</power>
     <gpxtpx:TrackPointExtension>
      <gpxtpx:hr>126</gpxtpx:hr>
      <gpxtpx:cad>53</gpxtpx:cad>
     </gpxtpx:TrackPointExtension>
    </extensions>
   </trkpt>
   <trkpt lat="45.9960850" lon="9.8101730">
    <ele>1957.4</ele>
    <time>2025-11-01T11:14:51Z</time>
    <extensions>
     <power>227</power>
     <gpxtpx:TrackPointExtension>
      <gpxtpx:hr>129</gpxtpx:hr>
      <gpxtpx:cad>51</gpxtpx:cad>
     </gpxtpx:TrackPointExtension>
    </extensions>
   </trkpt>
   <trkpt lat="45.9960210" lon="9.8100890">
    <ele>1959.2</ele>
    <time>2025-11-01T11:15:01Z</time>
    <extensions>
     <power>202</power>
     <gpxtpx:TrackPointExtension>
      <gpxtpx:hr>130</gpxtpx:hr>
      <gpxtpx:cad>45</gpxtpx:cad>
     </gpxtpx:TrackPointExtension>
    </extensions>
   </trkpt>
   <trkpt lat="45.9960140" lon="9.8101480">
    <ele>1961.0</ele>
    <time>2025-11-01T11:15:11Z</time>
    <extensions>
     <power>166</power>
     <gpxtpx:TrackPointExtension>
      <gpxtpx:hr>132</gpxtpx:hr>
      <gpxtpx:cad>45</gpxtpx:cad>
     </gpxtpx:TrackPointExtension>
    </extensions>
   </trkpt>
   <trkpt lat="45.9960390" lon="9.8102560">
    <ele>1962.2</ele>
    <time>2025-11-01T11:15:21Z</time>
    <extensions>
     <power>0</power>
     <gpxtpx:TrackPointExtension>
      <gpxtpx:hr>136</gpxtpx:hr>
      <gpxtpx:cad>0</gpxtpx:cad>
     </gpxtpx:TrackPointExtension>
    </extensions>
   </trkpt>
   <trkpt lat="45.9960570" lon="9.8103800">
    <ele>1963.4</ele>
    <time>2025-11-01T11:15:31Z</time>
    <extensions>
     <power>284</power>
     <gpxtpx:TrackPointExtension>
      <gpxtpx:hr>138</gpxtpx:hr>
      <gpxtpx:cad>41</gpxtpx:cad>
     </gpxtpx:TrackPointExtension>
    </extensions>
   </trkpt>
   <trkpt lat="45.9960810" lon="9.8104980">
    <ele>1964.2</ele>
    <time>2025-11-01T11:15:41Z</time>
    <extensions>
     <power>0</power>
     <gpxtpx:TrackPointExtension>
      <gpxtpx:hr>138</gpxtpx:hr>
      <gpxtpx:cad>0</gpxtpx:cad>
     </gpxtpx:TrackPointExtension>
    </extensions>
   </trkpt>
   <trkpt lat="45.9961090" lon="9.8106600">
    <ele>1965.6</ele>
    <time>2025-11-01T11:15:51Z</time>
    <extensions>
     <power>217</power>
     <gpxtpx:TrackPointExtension>
      <gpxtpx:hr>137</gpxtpx:hr>
      <gpxtpx:cad>49</gpxtpx:cad>
     </gpxtpx:TrackPointExtension>
    </extensions>
   </trkpt>
   <trkpt lat="45.9961210" lon="9.8108050">
    <ele>1967.0</ele>
    <time>2025-11-01T11:16:00Z</time>
    <extensions>
     <power>250</power>
     <gpxtpx:TrackPointExtension>
      <gpxtpx:hr>139</gpxtpx:hr>
      <gpxtpx:cad>47</gpxtpx:cad>
     </gpxtpx:TrackPointExtension>
    </extensions>
   </trkpt>
   <trkpt lat="45.9961170" lon="9.8109450">
    <ele>1968.8</ele>
    <time>2025-11-01T11:16:10Z</time>
    <extensions>
     <power>204</power>
     <gpxtpx:TrackPointExtension>
      <gpxtpx:hr>145</gpxtpx:hr>
      <gpxtpx:cad>42</gpxtpx:cad>
     </gpxtpx:TrackPointExtension>
    </extensions>
   </trkpt>
   <trkpt lat="45.9961390" lon="9.8111060">
    <ele>1970.2</ele>
    <time>2025-11-01T11:16:20Z</time>
    <extensions>
     <power>272</power>
     <gpxtpx:TrackPointExtension>
      <gpxtpx:hr>146</gpxtpx:hr>
      <gpxtpx:cad>47</gpxtpx:cad>
     </gpxtpx:TrackPointExtension>
    </extensions>
   </trkpt>
   <trkpt lat="45.9961650" lon="9.8112750">
    <ele>1971.8</ele>
    <time>2025-11-01T11:16:30Z</time>
    <extensions>
     <power>276</power>
     <gpxtpx:TrackPointExtension>
      <gpxtpx:hr>145</gpxtpx:hr>
      <gpxtpx:cad>51</gpxtpx:cad>
     </gpxtpx:TrackPointExtension>
    </extensions>
   </trkpt>
   <trkpt lat="45.9961330" lon="9.8114310">
    <ele>1973.0</ele>
    <time>2025-11-01T11:16:40Z</time>
    <extensions>
     <power>240</power>
     <gpxtpx:TrackPointExtension>
      <gpxtpx:hr>143</gpxtpx:hr>
      <gpxtpx:cad>49</gpxtpx:cad>
     </gpxtpx:TrackPointExtension>
    </extensions>
   </trkpt>
   <trkpt lat="45.9960980" lon="9.8115890">
    <ele>1974.8</ele>
    <time>2025-11-01T11:16:50Z</time>
    <extensions>
     <power>224</power>
     <gpxtpx:TrackPointExtension>
      <gpxtpx:hr>141</gpxtpx:hr>
      <gpxtpx:cad>47</gpxtpx:cad>
     </gpxtpx:TrackPointExtension>
    </extensions>
   </trkpt>
   <trkpt lat="45.9961210" lon="9.8117390">
    <ele>1976.4</ele>
    <time>2025-11-01T11:17:00Z</time>
    <extensions>
     <power>238</power>
     <gpxtpx:TrackPointExtension>
      <gpxtpx:hr>142</gpxtpx:hr>
      <gpxtpx:cad>49</gpxtpx:cad>
     </gpxtpx:TrackPointExtension>
    </extensions>
   </trkpt>
   <trkpt lat="45.9962040" lon="9.8118530">
    <ele>1977.8</ele>
    <time>2025-11-01T11:17:10Z</time>
    <extensions>
     <power>228</power>
     <gpxtpx:TrackPointExtension>
      <gpxtpx:hr>144</gpxtpx:hr>
      <gpxtpx:cad>48</gpxtpx:cad>
     </gpxtpx:TrackPointExtension>
    </extensions>
   </trkpt>
   <trkpt lat="45.9962280" lon="9.8120120">
    <ele>1979.4</ele>
    <time>2025-11-01T11:17:20Z</time>
    <extensions>
     <power>225</power>
     <gpxtpx:TrackPointExtension>
      <gpxtpx:hr>146</gpxtpx:hr>
      <gpxtpx:cad>48</gpxtpx:cad>
     </gpxtpx:TrackPointExtension>
    </extensions>
   </trkpt>
   <trkpt lat="45.9962340" lon="9.8121620">
    <ele>1981.0</ele>
    <time>2025-11-01T11:17:30Z</time>
    <extensions>
     <power>210</power>
     <gpxtpx:TrackPointExtension>
      <gpxtpx:hr>141</gpxtpx:hr>
      <gpxtpx:cad>46</gpxtpx:cad>
     </gpxtpx:TrackPointExtension>
    </extensions>
   </trkpt>
   <trkpt lat="45.9962110" lon="9.8123150">
    <ele>1982.2</ele>
    <time>2025-11-01T11:17:40Z</time>
    <extensions>
     <power>208</power>
     <gpxtpx:TrackPointExtension>
      <gpxtpx:hr>142</gpxtpx:hr>
      <gpxtpx:cad>47</gpxtpx:cad>
     </gpxtpx:TrackPointExtension>
    </extensions>
   </trkpt>
   <trkpt lat="45.9962030" lon="9.8124760">
    <ele>1983.6</ele>
    <time>2025-11-01T11:17:50Z</time>
    <extensions>
     <power>202</power>
     <gpxtpx:TrackPointExtension>
      <gpxtpx:hr>143</gpxtpx:hr>
      <gpxtpx:cad>47</gpxtpx:cad>
     </gpxtpx:TrackPointExtension>
    </extensions>
   </trkpt>
   <trkpt lat="45.9962340" lon="9.8126170">
    <ele>1985.0</ele>
    <time>2025-11-01T11:18:00Z</time>
    <extensions>
     <power>200</power>
     <gpxtpx:TrackPointExtension>
      <gpxtpx:hr>142</gpxtpx:hr>
      <gpxtpx:cad>47</gpxtpx:cad>
     </gpxtpx:TrackPointExtension>
    </extensions>
   </trkpt>
   <trkpt lat="45.9962860" lon="9.8127650">
    <ele>1987.0</ele>
    <time>2025-11-01T11:18:10Z</time>
    <extensions>
     <power>205</power>
     <gpxtpx:TrackPointExtension>
      <gpxtpx:hr>149</gpxtpx:hr>
      <gpxtpx:cad>48</gpxtpx:cad>
     </gpxtpx:TrackPointExtension>
    </extensions>
   </trkpt>
   <trkpt lat="45.9963130" lon="9.8129270">
    <ele>1988.4</ele>
    <time>2025-11-01T11:18:20Z</time>
    <extensions>
     <power>220</power>
     <gpxtpx:TrackPointExtension>
      <gpxtpx:hr>144</gpxtpx:hr>
      <gpxtpx:cad>49</gpxtpx:cad>
     </gpxtpx:TrackPointExtension>
    </extensions>
   </trkpt>
   <trkpt lat="45.9963070" lon="9.8130880">
    <ele>1990.2</ele>
    <time>2025-11-01T11:18:30Z</time>
    <extensions>
     <power>228</power>
     <gpxtpx:TrackPointExtension>
      <gpxtpx:hr>142</gpxtpx:hr>
      <gpxtpx:cad>47</gpxtpx:cad>
     </gpxtpx:TrackPointExtension>
    </extensions>
   </trkpt>
   <trkpt lat="45.9962560" lon="9.8132420">
    <ele>1991.2</ele>
    <time>2025-11-01T11:18:40Z</time>
    <extensions>
     <power>224</power>
     <gpxtpx:TrackPointExtension>
      <gpxtpx:hr>142</gpxtpx:hr>
      <gpxtpx:cad>48</gpxtpx:cad>
     </gpxtpx:TrackPointExtension>
    </extensions>
   </trkpt>
   <trkpt lat="45.9962810" lon="9.8133840">
    <ele>1992.6</ele>
    <time>2025-11-01T11:18:50Z</time>
    <extensions>
     <power>0</power>
     <gpxtpx:TrackPointExtension>
      <gpxtpx:hr>141</gpxtpx:hr>
      <gpxtpx:cad>0</gpxtpx:cad>
     </gpxtpx:TrackPointExtension>
    </extensions>
   </trkpt>
   <trkpt lat="45.9963730" lon="9.8134830">
    <ele>1993.4</ele>
    <time>2025-11-01T11:19:00Z</time>
    <extensions>
     <power>216</power>
     <gpxtpx:TrackPointExtension>
      <gpxtpx:hr>141</gpxtpx:hr>
      <gpxtpx:cad>51</gpxtpx:cad>
     </gpxtpx:TrackPointExtension>
    </extensions>
   </trkpt>
   <trkpt lat="45.9964820" lon="9.8135530">
    <ele>1995.6</ele>
    <time>2025-11-01T11:19:10Z</time>
    <extensions>
     <power>220</power>
     <gpxtpx:TrackPointExtension>
      <gpxtpx:hr>141</gpxtpx:hr>
      <gpxtpx:cad>51</gpxtpx:cad>
     </gpxtpx:TrackPointExtension>
    </extensions>
   </trkpt>
   <trkpt lat="45.9965490" lon="9.8136940">
    <ele>1997.2</ele>
    <time>2025-11-01T11:19:20Z</time>
    <extensions>
     <power>246</power>
     <gpxtpx:TrackPointExtension>
      <gpxtpx:hr>141</gpxtpx:hr>
      <gpxtpx:cad>48</gpxtpx:cad>
     </gpxtpx:TrackPointExtension>
    </extensions>
   </trkpt>
   <trkpt lat="45.9965800" lon="9.8138450">
    <ele>1998.6</ele>
    <time>2025-11-01T11:19:30Z</time>
    <extensions>
     <power>240</power>
     <gpxtpx:TrackPointExtension>
      <gpxtpx:hr>142</gpxtpx:hr>
      <gpxtpx:cad>48</gpxtpx:cad>
     </gpxtpx:TrackPointExtension>
    </extensions>
   </trkpt>
   <trkpt lat="45.9965950" lon="9.8139880">
    <ele>1999.8</ele>
    <time>2025-11-01T11:19:40Z</time>
    <extensions>
     <power>0</power>
     <gpxtpx:TrackPointExtension>
      <gpxtpx:hr>142</gpxtpx:hr>
      <gpxtpx:cad>0</gpxtpx:cad>
     </gpxtpx:TrackPointExtension>
    </extensions>
   </trkpt>
   <trkpt lat="45.9966540" lon="9.8141230">
    <ele>2001.6</ele>
    <time>2025-11-01T11:19:50Z</time>
    <extensions>
     <power>213</power>
     <gpxtpx:TrackPointExtension>
      <gpxtpx:hr>140</gpxtpx:hr>
      <gpxtpx:cad>47</gpxtpx:cad>
     </gpxtpx:TrackPointExtension>
    </extensions>
   </trkpt>
   <trkpt lat="45.9967320" lon="9.8142320">
    <ele>2002.6</ele>
    <time>2025-11-01T11:20:00Z</time>
    <extensions>
     <power>239</power>
     <gpxtpx:TrackPointExtension>
      <gpxtpx:hr>141</gpxtpx:hr>
      <gpxtpx:cad>49</gpxtpx:cad>
     </gpxtpx:TrackPointExtension>
    </extensions>
   </trkpt>
   <trkpt lat="45.9968120" lon="9.8143380">
    <ele>2004.4</ele>
    <time>2025-11-01T11:20:10Z</time>
    <extensions>
     <power>224</power>
     <gpxtpx:TrackPointExtension>
      <gpxtpx:hr>141</gpxtpx:hr>
      <gpxtpx:cad>47</gpxtpx:cad>
     </gpxtpx:TrackPointExtension>
    </extensions>
   </trkpt>
   <trkpt lat="45.9969040" lon="9.8144420">
    <ele>2006.2</ele>
    <time>2025-11-01T11:20:20Z</time>
    <extensions>
     <power>240</power>
     <gpxtpx:TrackPointExtension>
      <gpxtpx:hr>139</gpxtpx:hr>
      <gpxtpx:cad>47</gpxtpx:cad>
     </gpxtpx:TrackPointExtension>
    </extensions>
   </trkpt>
   <trkpt lat="45.9969970" lon="9.8145270">
    <ele>2007.2</ele>
    <time>2025-11-01T11:20:30Z</time>
    <extensions>
     <power>0</power>
     <gpxtpx:TrackPointExtension>
      <gpxtpx:hr>138</gpxtpx:hr>
      <gpxtpx:cad>0</gpxtpx:cad>
     </gpxtpx:TrackPointExtension>
    </extensions>
   </trkpt>
   <trkpt lat="45.9970960" lon="9.8145680">
    <ele>2009.2</ele>
    <time>2025-11-01T11:20:40Z</time>
    <extensions>
     <power>161</power>
     <gpxtpx:TrackPointExtension>
      <gpxtpx:hr>142</gpxtpx:hr>
      <gpxtpx:cad>46</gpxtpx:cad>
     </gpxtpx:TrackPointExtension>
    </extensions>
   </trkpt>
   <trkpt lat="45.9971900" lon="9.8146310">
    <ele>2010.6</ele>
    <time>2025-11-01T11:20:50Z</time>
    <extensions>
     <power>249</power>
     <gpxtpx:TrackPointExtension>
      <gpxtpx:hr>143</gpxtpx:hr>
      <gpxtpx:cad>46</gpxtpx:cad>
     </gpxtpx:TrackPointExtension>
    </extensions>
   </trkpt>
   <trkpt lat="45.9972690" lon="9.8147580">
    <ele>2012.0</ele>
    <time>2025-11-01T11:21:00Z</time>
    <extensions>
     <power>261</power>
     <gpxtpx:TrackPointExtension>
      <gpxtpx:hr>144</gpxtpx:hr>
      <gpxtpx:cad>47</gpxtpx:cad>
     </gpxtpx:TrackPointExtension>
    </extensions>
   </trkpt>
   <trkpt lat="45.9973410" lon="9.8149040">
    <ele>2013.4</ele>
    <time>2025-11-01T11:21:10Z</time>
    <extensions>
     <power>249</power>
     <gpxtpx:TrackPointExtension>
      <gpxtpx:hr>147</gpxtpx:hr>
      <gpxtpx:cad>47</gpxtpx:cad>
     </gpxtpx:TrackPointExtension>
    </extensions>
   </trkpt>
   <trkpt lat="45.9974170" lon="9.8150230">
    <ele>2015.0</ele>
    <time>2025-11-01T11:21:19Z</time>
    <extensions>
     <power>238</power>
     <gpxtpx:TrackPointExtension>
      <gpxtpx:hr>150</gpxtpx:hr>
      <gpxtpx:cad>50</gpxtpx:cad>
     </gpxtpx:TrackPointExtension>
    </extensions>
   </trkpt>
   <trkpt lat="45.9975130" lon="9.8150920">
    <ele>2016.2</ele>
    <time>2025-11-01T11:21:29Z</time>
    <extensions>
     <power>230</power>
     <gpxtpx:TrackPointExtension>
      <gpxtpx:hr>148</gpxtpx:hr>
      <gpxtpx:cad>50</gpxtpx:cad>
     </gpxtpx:TrackPointExtension>
    </extensions>
   </trkpt>
   <trkpt lat="45.9976510" lon="9.8150640">
    <ele>2014.4</ele>
    <time>2025-11-01T11:21:39Z</time>
    <extensions>
     <power>0</power>
     <gpxtpx:TrackPointExtension>
      <gpxtpx:hr>144</gpxtpx:hr>
      <gpxtpx:cad>0</gpxtpx:cad>
     </gpxtpx:TrackPointExtension>
    </extensions>
   </trkpt>
   <trkpt lat="45.9977340" lon="9.8151410">
    <ele>2011.8</ele>
    <time>2025-11-01T11:21:49Z</time>
    <extensions>
     <power>0</power>
     <gpxtpx:TrackPointExtension>
      <gpxtpx:hr>141</gpxtpx:hr>
      <gpxtpx:cad>0</gpxtpx:cad>
     </gpxtpx:TrackPointExtension>
    </extensions>
   </trkpt>
   <trkpt lat="45.9977930" lon="9.8153110">
    <ele>2009.8</ele>
    <time>2025-11-01T11:21:59Z</time>
    <extensions>
     <power>0</power>
     <gpxtpx:TrackPointExtension>
      <gpxtpx:hr>139</gpxtpx:hr>
      <gpxtpx:cad>0</gpxtpx:cad>
     </gpxtpx:TrackPointExtension>
    </extensions>
   </trkpt>
   <trkpt lat="45.9978860" lon="9.8153890">
    <ele>2010.4</ele>
    <time>2025-11-01T11:22:09Z</time>
    <extensions>
     <power>91</power>
     <gpxtpx:TrackPointExtension>
      <gpxtpx:hr>135</gpxtpx:hr>
      <gpxtpx:cad>47</gpxtpx:cad>
     </gpxtpx:TrackPointExtension>
    </extensions>
   </trkpt>
   <trkpt lat="45.9979410" lon="9.8155750">
    <ele>2009.4</ele>
    <time>2025-11-01T11:22:19Z</time>
    <extensions>
     <power>0</power>
     <gpxtpx:TrackPointExtension>
      <gpxtpx:hr>132</gpxtpx:hr>
      <gpxtpx:cad>0</gpxtpx:cad>
     </gpxtpx:TrackPointExtension>
    </extensions>
   </trkpt>
   <trkpt lat="45.9979760" lon="9.8156940">
    <ele>2008.8</ele>
    <time>2025-11-01T11:22:29Z</time>
    <extensions>
     <power>0</power>
     <gpxtpx:TrackPointExtension>
      <gpxtpx:hr>129</gpxtpx:hr>
      <gpxtpx:cad>0</gpxtpx:cad>
     </gpxtpx:TrackPointExtension>
    </extensions>
   </trkpt>
   <trkpt lat="45.9980770" lon="9.8155980">
    <ele>2007.0</ele>
    <time>2025-11-01T11:22:39Z</time>
    <extensions>
     <power>0</power>
     <gpxtpx:TrackPointExtension>
      <gpxtpx:hr>126</gpxtpx:hr>
      <gpxtpx:cad>0</gpxtpx:cad>
     </gpxtpx:TrackPointExtension>
    </extensions>
   </trkpt>
   <trkpt lat="45.9981910" lon="9.8155140">
    <ele>2007.4</ele>
    <time>2025-11-01T11:22:49Z</time>
    <extensions>
     <power>94</power>
     <gpxtpx:TrackPointExtension>
      <gpxtpx:hr>121</gpxtpx:hr>
      <gpxtpx:cad>59</gpxtpx:cad>
     </gpxtpx:TrackPointExtension>
    </extensions>
   </trkpt>
   <trkpt lat="45.9982970" lon="9.8154090">
    <ele>2006.8</ele>
    <time>2025-11-01T11:22:59Z</time>
    <extensions>
     <power>104</power>
     <gpxtpx:TrackPointExtension>
      <gpxtpx:hr>122</gpxtpx:hr>
      <gpxtpx:cad>59</gpxtpx:cad>
     </gpxtpx:TrackPointExtension>
    </extensions>
   </trkpt>
   <trkpt lat="45.9983800" lon="9.8152610">
    <ele>2007.2</ele>
    <time>2025-11-01T11:23:09Z</time>
    <extensions>
     <power>110</power>
     <gpxtpx:TrackPointExtension>
      <gpxtpx:hr>123</gpxtpx:hr>
      <gpxtpx:cad>53</gpxtpx:cad>
     </gpxtpx:TrackPointExtension>
    </extensions>
   </trkpt>
   <trkpt lat="45.9984870" lon="9.8151500">
    <ele>2006.4</ele>
    <time>2025-11-01T11:23:19Z</time>
    <extensions>
     <power>133</power>
     <gpxtpx:TrackPointExtension>
      <gpxtpx:hr>120</gpxtpx:hr>
      <gpxtpx:cad>57</gpxtpx:cad>
     </gpxtpx:TrackPointExtension>
    </extensions>
   </trkpt>
   <trkpt lat="45.9985900" lon="9.8150950">
    <ele>2008.4</ele>
    <time>2025-11-01T11:23:29Z</time>
    <extensions>
     <power>0</power>
     <gpxtpx:TrackPointExtension>
      <gpxtpx:hr>117</gpxtpx:hr>
      <gpxtpx:cad>0</gpxtpx:cad>
     </gpxtpx:TrackPointExtension>
    </extensions>
   </trkpt>
   <trkpt lat="45.9986750" lon="9.8150070">
    <ele>2009.8</ele>
    <time>2025-11-01T11:23:39Z</time>
    <extensions>
     <power>0</power>
     <gpxtpx:TrackPointExtension>
      <gpxtpx:hr>120</gpxtpx:hr>
      <gpxtpx:cad>0</gpxtpx:cad>
     </gpxtpx:TrackPointExtension>
    </extensions>
   </trkpt>
   <trkpt lat="45.9987720" lon="9.8149160">
    <ele>2011.4</ele>
    <time>2025-11-01T11:23:49Z</time>
    <extensions>
     <power>0</power>
     <gpxtpx:TrackPointExtension>
      <gpxtpx:hr>122</gpxtpx:hr>
      <gpxtpx:cad>0</gpxtpx:cad>
     </gpxtpx:TrackPointExtension>
    </extensions>
   </trkpt>
   <trkpt lat="45.9988550" lon="9.8148010">
    <ele>2012.4</ele>
    <time>2025-11-01T11:23:59Z</time>
    <extensions>
     <power>222</power>
     <gpxtpx:TrackPointExtension>
      <gpxtpx:hr>125</gpxtpx:hr>
      <gpxtpx:cad>47</gpxtpx:cad>
     </gpxtpx:TrackPointExtension>
    </extensions>
   </trkpt>
   <trkpt lat="45.9989510" lon="9.8147190">
    <ele>2013.8</ele>
    <time>2025-11-01T11:24:09Z</time>
    <extensions>
     <power>244</power>
     <gpxtpx:TrackPointExtension>
      <gpxtpx:hr>125</gpxtpx:hr>
      <gpxtpx:cad>50</gpxtpx:cad>
     </gpxtpx:TrackPointExtension>
    </extensions>
   </trkpt>
   <trkpt lat="45.9989450" lon="9.8148060">
    <ele>2015.4</ele>
    <time>2025-11-01T11:24:19Z</time>
    <extensions>
     <power>0</power>
     <gpxtpx:TrackPointExtension>
      <gpxtpx:hr>134</gpxtpx:hr>
      <gpxtpx:cad>0</gpxtpx:cad>
     </gpxtpx:TrackPointExtension>
    </extensions>
   </trkpt>
   <trkpt lat="45.9989230" lon="9.8148980">
    <ele>2017.6</ele>
    <time>2025-11-01T11:24:29Z</time>
    <extensions>
     <power>116</power>
     <gpxtpx:TrackPointExtension>
      <gpxtpx:hr>138</gpxtpx:hr>
      <gpxtpx:cad>18</gpxtpx:cad>
     </gpxtpx:TrackPointExtension>
    </extensions>
   </trkpt>
   <trkpt lat="45.9989160" lon="9.8149660">
    <ele>2019.4</ele>
    <time>2025-11-01T11:24:39Z</time>
    <extensions>
     <power>0</power>
     <gpxtpx:TrackPointExtension>
      <gpxtpx:hr>138</gpxtpx:hr>
      <gpxtpx:cad>0</gpxtpx:cad>
     </gpxtpx:TrackPointExtension>
    </extensions>
   </trkpt>
   <trkpt lat="45.9988870" lon="9.8150450">
    <ele>2022.2</ele>
    <time>2025-11-01T11:24:49Z</time>
    <extensions>
     <power>0</power>
     <gpxtpx:TrackPointExtension>
      <gpxtpx:hr>141</gpxtpx:hr>
      <gpxtpx:cad>0</gpxtpx:cad>
     </gpxtpx:TrackPointExtension>
    </extensions>
   </trkpt>
   <trkpt lat="45.9988410" lon="9.8151660">
    <ele>2023.6</ele>
    <time>2025-11-01T11:24:59Z</time>
    <extensions>
     <power>0</power>
     <gpxtpx:TrackPointExtension>
      <gpxtpx:hr>143</gpxtpx:hr>
      <gpxtpx:cad>0</gpxtpx:cad>
     </gpxtpx:TrackPointExtension>
    </extensions>
   </trkpt>
   <trkpt lat="45.9987680" lon="9.8152670">
    <ele>2024.8</ele>
    <time>2025-11-01T11:25:09Z</time>
    <extensions>
     <power>0</power>
     <gpxtpx:TrackPointExtension>
      <gpxtpx:hr>143</gpxtpx:hr>
      <gpxtpx:cad>0</gpxtpx:cad>
     </gpxtpx:TrackPointExtension>
    </extensions>
   </trkpt>
   <trkpt lat="45.9987170" lon="9.8153860">
    <ele>2026.0</ele>
    <time>2025-11-01T11:25:19Z</time>
    <extensions>
     <power>0</power>
     <gpxtpx:TrackPointExtension>
      <gpxtpx:hr>143</gpxtpx:hr>
      <gpxtpx:cad>0</gpxtpx:cad>
     </gpxtpx:TrackPointExtension>
    </extensions>
   </trkpt>
   <trkpt lat="45.9986700" lon="9.8154830">
    <ele>2028.0</ele>
    <time>2025-11-01T11:25:29Z</time>
    <extensions>
     <power>0</power>
     <gpxtpx:TrackPointExtension>
      <gpxtpx:hr>142</gpxtpx:hr>
      <gpxtpx:cad>0</gpxtpx:cad>
     </gpxtpx:TrackPointExtension>
    </extensions>
   </trkpt>
   <trkpt lat="45.9986440" lon="9.8155830">
    <ele>2029.6</ele>
    <time>2025-11-01T11:25:39Z</time>
    <extensions>
     <power>0</power>
     <gpxtpx:TrackPointExtension>
      <gpxtpx:hr>143</gpxtpx:hr>
      <gpxtpx:cad>0</gpxtpx:cad>
     </gpxtpx:TrackPointExtension>
    </extensions>
   </trkpt>
   <trkpt lat="45.9986210" lon="9.8157210">
    <ele>2031.2</ele>
    <time>2025-11-01T11:25:49Z</time>
    <extensions>
     <power>0</power>
     <gpxtpx:TrackPointExtension>
      <gpxtpx:hr>143</gpxtpx:hr>
      <gpxtpx:cad>0</gpxtpx:cad>
     </gpxtpx:TrackPointExtension>
    </extensions>
   </trkpt>
   <trkpt lat="45.9985900" lon="9.8158640">
    <ele>2033.0</ele>
    <time>2025-11-01T11:25:59Z</time>
    <extensions>
     <power>282</power>
     <gpxtpx:TrackPointExtension>
      <gpxtpx:hr>143</gpxtpx:hr>
      <gpxtpx:cad>45</gpxtpx:cad>
     </gpxtpx:TrackPointExtension>
    </extensions>
   </trkpt>
   <trkpt lat="45.9985660" lon="9.8160340">
    <ele>2033.8</ele>
    <time>2025-11-01T11:26:09Z</time>
    <extensions>
     <power>479</power>
     <gpxtpx:TrackPointExtension>
      <gpxtpx:hr>145</gpxtpx:hr>
      <gpxtpx:cad>49</gpxtpx:cad>
     </gpxtpx:TrackPointExtension>
    </extensions>
   </trkpt>
   <trkpt lat="45.9985820" lon="9.8161830">
    <ele>2035.0</ele>
    <time>2025-11-01T11:26:19Z</time>
    <extensions>
     <power>420</power>
     <gpxtpx:TrackPointExtension>
      <gpxtpx:hr>145</gpxtpx:hr>
      <gpxtpx:cad>48</gpxtpx:cad>
     </gpxtpx:TrackPointExtension>
    </extensions>
   </trkpt>
   <trkpt lat="45.9986460" lon="9.8163030">
    <ele>2036.2</ele>
    <time>2025-11-01T11:26:29Z</time>
    <extensions>
     <power>313</power>
     <gpxtpx:TrackPointExtension>
      <gpxtpx:hr>144</gpxtpx:hr>
      <gpxtpx:cad>47</gpxtpx:cad>
     </gpxtpx:TrackPointExtension>
    </extensions>
   </trkpt>
   <trkpt lat="45.9987160" lon="9.8164210">
    <ele>2037.0</ele>
    <time>2025-11-01T11:26:38Z</time>
    <extensions>
     <power>252</power>
     <gpxtpx:TrackPointExtension>
      <gpxtpx:hr>142</gpxtpx:hr>
      <gpxtpx:cad>48</gpxtpx:cad>
     </gpxtpx:TrackPointExtension>
    </extensions>
   </trkpt>
   <trkpt lat="45.9987070" lon="9.8165650">
    <ele>2037.0</ele>
    <time>2025-11-01T11:26:48Z</time>
    <extensions>
     <power>0</power>
     <gpxtpx:TrackPointExtension>
      <gpxtpx:hr>139</gpxtpx:hr>
      <gpxtpx:cad>0</gpxtpx:cad>
     </gpxtpx:TrackPointExtension>
    </extensions>
   </trkpt>
   <trkpt lat="45.9986470" lon="9.8166580">
    <ele>2040.0</ele>
    <time>2025-11-01T11:26:58Z</time>
    <extensions>
     <power>180</power>
     <gpxtpx:TrackPointExtension>
      <gpxtpx:hr>140</gpxtpx:hr>
      <gpxtpx:cad>44</gpxtpx:cad>
     </gpxtpx:TrackPointExtension>
    </extensions>
   </trkpt>
   <trkpt lat="45.9986180" lon="9.8167780">
    <ele>2041.6</ele>
    <time>2025-11-01T11:27:08Z</time>
    <extensions>
     <power>218</power>
     <gpxtpx:TrackPointExtension>
      <gpxtpx:hr>139</gpxtpx:hr>
      <gpxtpx:cad>43</gpxtpx:cad>
     </gpxtpx:TrackPointExtension>
    </extensions>
   </trkpt>
   <trkpt lat="45.9985740" lon="9.8169250">
    <ele>2043.0</ele>
    <time>2025-11-01T11:27:18Z</time>
    <extensions>
     <power>260</power>
     <gpxtpx:TrackPointExtension>
      <gpxtpx:hr>140</gpxtpx:hr>
      <gpxtpx:cad>47</gpxtpx:cad>
     </gpxtpx:TrackPointExtension>
    </extensions>
   </trkpt>
   <trkpt lat="45.9985450" lon="9.8170830">
    <ele>2044.2</ele>
    <time>2025-11-01T11:27:28Z</time>
    <extensions>
     <power>256</power>
     <gpxtpx:TrackPointExtension>
      <gpxtpx:hr>140</gpxtpx:hr>
      <gpxtpx:cad>46</gpxtpx:cad>
     </gpxtpx:TrackPointExtension>
    </extensions>
   </trkpt>
   <trkpt lat="45.9985730" lon="9.8172470">
    <ele>2045.2</ele>
    <time>2025-11-01T11:27:38Z</time>
    <extensions>
     <power>0</power>
     <gpxtpx:TrackPointExtension>
      <gpxtpx:hr>140</gpxtpx:hr>
      <gpxtpx:cad>0</gpxtpx:cad>
     </gpxtpx:TrackPointExtension>
    </extensions>
   </trkpt>
   <trkpt lat="45.9986040" lon="9.8174120">
    <ele>2045.4</ele>
    <time>2025-11-01T11:27:48Z</time>
    <extensions>
     <power>233</power>
     <gpxtpx:TrackPointExtension>
      <gpxtpx:hr>140</gpxtpx:hr>
      <gpxtpx:cad>54</gpxtpx:cad>
     </gpxtpx:TrackPointExtension>
    </extensions>
   </trkpt>
   <trkpt lat="45.9986110" lon="9.8175850">
    <ele>2045.6</ele>
    <time>2025-11-01T11:27:58Z</time>
    <extensions>
     <power>194</power>
     <gpxtpx:TrackPointExtension>
      <gpxtpx:hr>139</gpxtpx:hr>
      <gpxtpx:cad>52</gpxtpx:cad>
     </gpxtpx:TrackPointExtension>
    </extensions>
   </trkpt>
   <trkpt lat="45.9986510" lon="9.8177100">
    <ele>2046.0</ele>
    <time>2025-11-01T11:28:08Z</time>
    <extensions>
     <power>151</power>
     <gpxtpx:TrackPointExtension>
      <gpxtpx:hr>135</gpxtpx:hr>
      <gpxtpx:cad>48</gpxtpx:cad>
     </gpxtpx:TrackPointExtension>
    </extensions>
   </trkpt>
   <trkpt lat="45.9987100" lon="9.8177720">
    <ele>2048.2</ele>
    <time>2025-11-01T11:28:18Z</time>
    <extensions>
     <power>0</power>
     <gpxtpx:TrackPointExtension>
      <gpxtpx:hr>140</gpxtpx:hr>
      <gpxtpx:cad>0</gpxtpx:cad>
     </gpxtpx:TrackPointExtension>
    </extensions>
   </trkpt>
   <trkpt lat="45.9987730" lon="9.8178460">
    <ele>2050.0</ele>
    <time>2025-11-01T11:28:28Z</time>
    <extensions>
     <power>0</power>
     <gpxtpx:TrackPointExtension>
      <gpxtpx:hr>139</gpxtpx:hr>
      <gpxtpx:cad>0</gpxtpx:cad>
     </gpxtpx:TrackPointExtension>
    </extensions>
   </trkpt>
   <trkpt lat="45.9987840" lon="9.8178970">
    <ele>2052.2</ele>
    <time>2025-11-01T11:28:38Z</time>
    <extensions>
     <power>0</power>
     <gpxtpx:TrackPointExtension>
      <gpxtpx:hr>137</gpxtpx:hr>
      <gpxtpx:cad>0</gpxtpx:cad>
     </gpxtpx:TrackPointExtension>
    </extensions>
   </trkpt>
   <trkpt lat="45.9987870" lon="9.8179590">
    <ele>2054.0</ele>
    <time>2025-11-01T11:28:48Z</time>
    <extensions>
     <power>0</power>
     <gpxtpx:TrackPointExtension>
      <gpxtpx:hr>140</gpxtpx:hr>
      <gpxtpx:cad>0</gpxtpx:cad>
     </gpxtpx:TrackPointExtension>
    </extensions>
   </trkpt>
   <trkpt lat="45.9987970" lon="9.8180190">
    <ele>2055.6</ele>
    <time>2025-11-01T11:28:58Z</time>
    <extensions>
     <power>0</power>
     <gpxtpx:TrackPointExtension>
      <gpxtpx:hr>139</gpxtpx:hr>
      <gpxtpx:cad>0</gpxtpx:cad>
     </gpxtpx:TrackPointExtension>
    </extensions>
   </trkpt>
   <trkpt lat="45.9988030" lon="9.8181050">
    <ele>2057.6</ele>
    <time>2025-11-01T11:29:08Z</time>
    <extensions>
     <power>0</power>
     <gpxtpx:TrackPointExtension>
      <gpxtpx:hr>140</gpxtpx:hr>
      <gpxtpx:cad>0</gpxtpx:cad>
     </gpxtpx:TrackPointExtension>
    </extensions>
   </trkpt>
   <trkpt lat="45.9988120" lon="9.8181810">
    <ele>2059.8</ele>
    <time>2025-11-01T11:29:18Z</time>
    <extensions>
     <power>0</power>
     <gpxtpx:TrackPointExtension>
      <gpxtpx:hr>143</gpxtpx:hr>
      <gpxtpx:cad>0</gpxtpx:cad>
     </gpxtpx:TrackPointExtension>
    </extensions>
   </trkpt>
   <trkpt lat="45.9988620" lon="9.8182380">
    <ele>2061.6</ele>
    <time>2025-11-01T11:29:28Z</time>
    <extensions>
     <power>0</power>
     <gpxtpx:TrackPointExtension>
      <gpxtpx:hr>142</gpxtpx:hr>
      <gpxtpx:cad>0</gpxtpx:cad>
     </gpxtpx:TrackPointExtension>
    </extensions>
   </trkpt>
   <trkpt lat="45.9988880" lon="9.8183330">
    <ele>2061.6</ele>
    <time>2025-11-01T11:29:38Z</time>
    <extensions>
     <power>0</power>
     <gpxtpx:TrackPointExtension>
      <gpxtpx:hr>143</gpxtpx:hr>
      <gpxtpx:cad>0</gpxtpx:cad>
     </gpxtpx:TrackPointExtension>
    </extensions>
   </trkpt>
   <trkpt lat="45.9988500" lon="9.8184130">
    <ele>2064.2</ele>
    <time>2025-11-01T11:29:48Z</time>
    <extensions>
     <power>0</power>
     <gpxtpx:TrackPointExtension>
      <gpxtpx:hr>144</gpxtpx:hr>
      <gpxtpx:cad>0</gpxtpx:cad>
     </gpxtpx:TrackPointExtension>
    </extensions>
   </trkpt>
   <trkpt lat="45.9988280" lon="9.8185210">
    <ele>2065.4</ele>
    <time>2025-11-01T11:29:58Z</time>
    <extensions>
     <power>0</power>
     <gpxtpx:TrackPointExtension>
      <gpxtpx:hr>145</gpxtpx:hr>
      <gpxtpx:cad>0</gpxtpx:cad>
     </gpxtpx:TrackPointExtension>
    </extensions>
   </trkpt>
   <trkpt lat="45.9988340" lon="9.8186270">
    <ele>2067.2</ele>
    <time>2025-11-01T11:30:08Z</time>
    <extensions>
     <power>0</power>
     <gpxtpx:TrackPointExtension>
      <gpxtpx:hr>147</gpxtpx:hr>
      <gpxtpx:cad>0</gpxtpx:cad>
     </gpxtpx:TrackPointExtension>
    </extensions>
   </trkpt>
   <trkpt lat="45.9988280" lon="9.8187610">
    <ele>2068.6</ele>
    <time>2025-11-01T11:30:18Z</time>
    <extensions>
     <power>391</power>
     <gpxtpx:TrackPointExtension>
      <gpxtpx:hr>147</gpxtpx:hr>
      <gpxtpx:cad>41</gpxtpx:cad>
     </gpxtpx:TrackPointExtension>
    </extensions>
   </trkpt>
   <trkpt lat="45.9988250" lon="9.8189160">
    <ele>2069.4</ele>
    <time>2025-11-01T11:30:28Z</time>
    <extensions>
     <power>0</power>
     <gpxtpx:TrackPointExtension>
      <gpxtpx:hr>147</gpxtpx:hr>
      <gpxtpx:cad>0</gpxtpx:cad>
     </gpxtpx:TrackPointExtension>
    </extensions>
   </trkpt>
   <trkpt lat="45.9988110" lon="9.8190590">
    <ele>2070.2</ele>
    <time>2025-11-01T11:30:38Z</time>
    <extensions>
     <power>0</power>
     <gpxtpx:TrackPointExtension>
      <gpxtpx:hr>144</gpxtpx:hr>
      <gpxtpx:cad>0</gpxtpx:cad>
     </gpxtpx:TrackPointExtension>
    </extensions>
   </trkpt>
   <trkpt lat="45.9988160" lon="9.8191680">
    <ele>2069.8</ele>
    <time>2025-11-01T11:30:48Z</time>
    <extensions>
     <power>0</power>
     <gpxtpx:TrackPointExtension>
      <gpxtpx:hr>141</gpxtpx:hr>
      <gpxtpx:cad>0</gpxtpx:cad>
     </gpxtpx:TrackPointExtension>
    </extensions>
   </trkpt>
   <trkpt lat="45.9988100" lon="9.8192620">
    <ele>2070.0</ele>
    <time>2025-11-01T11:30:58Z</time>
    <extensions>
     <power>0</power>
     <gpxtpx:TrackPointExtension>
      <gpxtpx:hr>137</gpxtpx:hr>
      <gpxtpx:cad>0</gpxtpx:cad>
     </gpxtpx:TrackPointExtension>
    </extensions>
   </trkpt>
   <trkpt lat="45.9987990" lon="9.8193460">
    <ele>2069.4</ele>
    <time>2025-11-01T11:31:08Z</time>
    <extensions>
     <power>0</power>
     <gpxtpx:TrackPointExtension>
      <gpxtpx:hr>131</gpxtpx:hr>
      <gpxtpx:cad>0</gpxtpx:cad>
     </gpxtpx:TrackPointExtension>
    </extensions>
   </trkpt>
   <trkpt lat="45.9987920" lon="9.8193890">
    <ele>2070.2</ele>
    <time>2025-11-01T11:31:18Z</time>
    <extensions>
     <power>0</power>
     <gpxtpx:TrackPointExtension>
      <gpxtpx:hr>136</gpxtpx:hr>
      <gpxtpx:cad>0</gpxtpx:cad>
     </gpxtpx:TrackPointExtension>
    </extensions>
   </trkpt>
   <trkpt lat="45.9987870" lon="9.8194700">
    <ele>2069.2</ele>
    <time>2025-11-01T11:31:28Z</time>
    <extensions>
     <power>0</power>
     <gpxtpx:TrackPointExtension>
      <gpxtpx:hr>130</gpxtpx:hr>
      <gpxtpx:cad>0</gpxtpx:cad>
     </gpxtpx:TrackPointExtension>
    </extensions>
   </trkpt>
   <trkpt lat="45.9987790" lon="9.8195600">
    <ele>2069.0</ele>
    <time>2025-11-01T11:31:38Z</time>
    <extensions>
     <power>0</power>
     <gpxtpx:TrackPointExtension>
      <gpxtpx:hr>134</gpxtpx:hr>
      <gpxtpx:cad>0</gpxtpx:cad>
     </gpxtpx:TrackPointExtension>
    </extensions>
   </trkpt>
   <trkpt lat="45.9987770" lon="9.8195600">
    <ele>2069.2</ele>
    <time>2025-11-01T11:31:48Z</time>
    <extensions>
     <power>0</power>
     <gpxtpx:TrackPointExtension>
      <gpxtpx:hr>112</gpxtpx:hr>
      <gpxtpx:cad>0</gpxtpx:cad>
     </gpxtpx:TrackPointExtension>
    </extensions>
   </trkpt>
   <trkpt lat="45.9987760" lon="9.8195680">
    <ele>2069.0</ele>
    <time>2025-11-01T11:31:58Z</time>
    <extensions>
     <power>0</power>
     <gpxtpx:TrackPointExtension>
      <gpxtpx:hr>111</gpxtpx:hr>
      <gpxtpx:cad>0</gpxtpx:cad>
     </gpxtpx:TrackPointExtension>
    </extensions>
   </trkpt>
   <trkpt lat="45.9987810" lon="9.8197210">
    <ele>2067.4</ele>
    <time>2025-11-01T11:32:07Z</time>
    <extensions>
     <power>0</power>
     <gpxtpx:TrackPointExtension>
      <gpxtpx:hr>112</gpxtpx:hr>
      <gpxtpx:cad>0</gpxtpx:cad>
     </gpxtpx:TrackPointExtension>
    </extensions>
   </trkpt>
   <trkpt lat="45.9988040" lon="9.8198980">
    <ele>2066.8</ele>
    <time>2025-11-01T11:32:17Z</time>
    <extensions>
     <power>174</power>
     <gpxtpx:TrackPointExtension>
      <gpxtpx:hr>111</gpxtpx:hr>
      <gpxtpx:cad>55</gpxtpx:cad>
     </gpxtpx:TrackPointExtension>
    </extensions>
   </trkpt>
   <trkpt lat="45.9988660" lon="9.8201460">
    <ele>2065.8</ele>
    <time>2025-11-01T11:32:27Z</time>
    <extensions>
     <power>266</power>
     <gpxtpx:TrackPointExtension>
      <gpxtpx:hr>112</gpxtpx:hr>
      <gpxtpx:cad>81</gpxtpx:cad>
     </gpxtpx:TrackPointExtension>
    </extensions>
   </trkpt>
   <trkpt lat="45.9989200" lon="9.8203910">
    <ele>2062.8</ele>
    <time>2025-11-01T11:32:37Z</time>
    <extensions>
     <power>260</power>
     <gpxtpx:TrackPointExtension>
      <gpxtpx:hr>113</gpxtpx:hr>
      <gpxtpx:cad>87</gpxtpx:cad>
     </gpxtpx:TrackPointExtension>
    </extensions>
   </trkpt>
   <trkpt lat="45.9989860" lon="9.8206250">
    <ele>2062.6</ele>
    <time>2025-11-01T11:32:47Z</time>
    <extensions>
     <power>232</power>
     <gpxtpx:TrackPointExtension>
      <gpxtpx:hr>120</gpxtpx:hr>
      <gpxtpx:cad>83</gpxtpx:cad>
     </gpxtpx:TrackPointExtension>
    </extensions>
   </trkpt>
   <trkpt lat="45.9989900" lon="9.8207880">
    <ele>2062.6</ele>
    <time>2025-11-01T11:32:57Z</time>
    <extensions>
     <power>0</power>
     <gpxtpx:TrackPointExtension>
      <gpxtpx:hr>120</gpxtpx:hr>
      <gpxtpx:cad>0</gpxtpx:cad>
     </gpxtpx:TrackPointExtension>
    </extensions>
   </trkpt>
   <trkpt lat="45.9989740" lon="9.8210950">
    <ele>2061.2</ele>
    <time>2025-11-01T11:33:07Z</time>
    <extensions>
     <power>287</power>
     <gpxtpx:TrackPointExtension>
      <gpxtpx:hr>120</gpxtpx:hr>
      <gpxtpx:cad>81</gpxtpx:cad>
     </gpxtpx:TrackPointExtension>
    </extensions>
   </trkpt>
   <trkpt lat="45.9990450" lon="9.8212800">
    <ele>2061.4</ele>
    <time>2025-11-01T11:33:17Z</time>
    <extensions>
     <power>87</power>
     <gpxtpx:TrackPointExtension>
      <gpxtpx:hr>121</gpxtpx:hr>
      <gpxtpx:cad>83</gpxtpx:cad>
     </gpxtpx:TrackPointExtension>
    </extensions>
   </trkpt>
   <trkpt lat="45.9990520" lon="9.8214410">
    <ele>2061.2</ele>
    <time>2025-11-01T11:33:27Z</time>
    <extensions>
     <power>123</power>
     <gpxtpx:TrackPointExtension>
      <gpxtpx:hr>120</gpxtpx:hr>
      <gpxtpx:cad>57</gpxtpx:cad>
     </gpxtpx:TrackPointExtension>
    </extensions>
   </trkpt>
   <trkpt lat="45.9990350" lon="9.8216580">
    <ele>2059.6</ele>
    <time>2025-11-01T11:33:37Z</time>
    <extensions>
     <power>195</power>
     <gpxtpx:TrackPointExtension>
      <gpxtpx:hr>113</gpxtpx:hr>
      <gpxtpx:cad>80</gpxtpx:cad>
     </gpxtpx:TrackPointExtension>
    </extensions>
   </trkpt>
   <trkpt lat="45.9989860" lon="9.8219510">
    <ele>2058.0</ele>
    <time>2025-11-01T11:33:47Z</time>
    <extensions>
     <power>230</power>
     <gpxtpx:TrackPointExtension>
      <gpxtpx:hr>111</gpxtpx:hr>
      <gpxtpx:cad>83</gpxtpx:cad>
     </gpxtpx:TrackPointExtension>
    </extensions>
   </trkpt>
   <trkpt lat="45.9989630" lon="9.8222630">
    <ele>2056.8</ele>
    <time>2025-11-01T11:33:57Z</time>
    <extensions>
     <power>228</power>
     <gpxtpx:TrackPointExtension>
      <gpxtpx:hr>115</gpxtpx:hr>
      <gpxtpx:cad>80</gpxtpx:cad>
     </gpxtpx:TrackPointExtension>
    </extensions>
   </trkpt>
   <trkpt lat="45.9989570" lon="9.8225320">
    <ele>2055.8</ele>
    <time>2025-11-01T11:34:07Z</time>
    <extensions>
     <power>249</power>
     <gpxtpx:TrackPointExtension>
      <gpxtpx:hr>137</gpxtpx:hr>
      <gpxtpx:cad>79</gpxtpx:cad>
     </gpxtpx:TrackPointExtension>
    </extensions>
   </trkpt>
   <trkpt lat="45.9989000" lon="9.8227620">
    <ele>2055.2</ele>
    <time>2025-11-01T11:34:17Z</time>
    <extensions>
     <power>242</power>
     <gpxtpx:TrackPointExtension>
      <gpxtpx:hr>138</gpxtpx:hr>
      <gpxtpx:cad>76</gpxtpx:cad>
     </gpxtpx:TrackPointExtension>
    </extensions>
   </trkpt>
   <trkpt lat="45.9988400" lon="9.8230110">
    <ele>2053.2</ele>
    <time>2025-11-01T11:34:27Z</time>
    <extensions>
     <power>243</power>
     <gpxtpx:TrackPointExtension>
      <gpxtpx:hr>137</gpxtpx:hr>
      <gpxtpx:cad>80</gpxtpx:cad>
     </gpxtpx:TrackPointExtension>
    </extensions>
   </trkpt>
   <trkpt lat="45.9988170" lon="9.8233150">
    <ele>2053.4</ele>
    <time>2025-11-01T11:34:37Z</time>
    <extensions>
     <power>267</power>
     <gpxtpx:TrackPointExtension>
      <gpxtpx:hr>141</gpxtpx:hr>
      <gpxtpx:cad>80</gpxtpx:cad>
     </gpxtpx:TrackPointExtension>
    </extensions>
   </trkpt>
   <trkpt lat="45.9987980" lon="9.8234800">
    <ele>2053.0</ele>
    <time>2025-11-01T11:34:47Z</time>
    <extensions>
     <power>186</power>
     <gpxtpx:TrackPointExtension>
      <gpxtpx:hr>142</gpxtpx:hr>
      <gpxtpx:cad>73</gpxtpx:cad>
     </gpxtpx:TrackPointExtension>
    </extensions>
   </trkpt>
   <trkpt lat="45.9988100" lon="9.8236800">
    <ele>2053.6</ele>
    <time>2025-11-01T11:34:57Z</time>
    <extensions>
     <power>113</power>
     <gpxtpx:TrackPointExtension>
      <gpxtpx:hr>141</gpxtpx:hr>
      <gpxtpx:cad>40</gpxtpx:cad>
     </gpxtpx:TrackPointExtension>
    </extensions>
   </trkpt>
   <trkpt lat="45.9987850" lon="9.8238680">
    <ele>2053.4</ele>
    <time>2025-11-01T11:35:07Z</time>
    <extensions>
     <power>138</power>
     <gpxtpx:TrackPointExtension>
      <gpxtpx:hr>141</gpxtpx:hr>
      <gpxtpx:cad>53</gpxtpx:cad>
     </gpxtpx:TrackPointExtension>
    </extensions>
   </trkpt>
   <trkpt lat="45.9987320" lon="9.8240890">
    <ele>2052.4</ele>
    <time>2025-11-01T11:35:17Z</time>
    <extensions>
     <power>247</power>
     <gpxtpx:TrackPointExtension>
      <gpxtpx:hr>140</gpxtpx:hr>
      <gpxtpx:cad>83</gpxtpx:cad>
     </gpxtpx:TrackPointExtension>
    </extensions>
   </trkpt>
   <trkpt lat="45.9987490" lon="9.8243800">
    <ele>2052.6</ele>
    <time>2025-11-01T11:35:27Z</time>
    <extensions>
     <power>297</power>
     <gpxtpx:TrackPointExtension>
      <gpxtpx:hr>144</gpxtpx:hr>
      <gpxtpx:cad>80</gpxtpx:cad>
     </gpxtpx:TrackPointExtension>
    </extensions>
   </trkpt>
   <trkpt lat="45.9987580" lon="9.8245550">
    <ele>2053.8</ele>
    <time>2025-11-01T11:35:37Z</time>
    <extensions>
     <power>120</power>
     <gpxtpx:TrackPointExtension>
      <gpxtpx:hr>145</gpxtpx:hr>
      <gpxtpx:cad>41</gpxtpx:cad>
     </gpxtpx:TrackPointExtension>
    </extensions>
   </trkpt>
   <trkpt lat="45.9987600" lon="9.8247190">
    <ele>2053.0</ele>
    <time>2025-11-01T11:35:47Z</time>
    <extensions>
     <power>145</power>
     <gpxtpx:TrackPointExtension>
      <gpxtpx:hr>140</gpxtpx:hr>
      <gpxtpx:cad>55</gpxtpx:cad>
     </gpxtpx:TrackPointExtension>
    </extensions>
   </trkpt>
   <trkpt lat="45.9987690" lon="9.8249230">
    <ele>2052.8</ele>
    <time>2025-11-01T11:35:57Z</time>
    <extensions>
     <power>137</power>
     <gpxtpx:TrackPointExtension>
      <gpxtpx:hr>139</gpxtpx:hr>
      <gpxtpx:cad>53</gpxtpx:cad>
     </gpxtpx:TrackPointExtension>
    </extensions>
   </trkpt>
   <trkpt lat="45.9987670" lon="9.8251550">
    <ele>2053.4</ele>
    <time>2025-11-01T11:36:07Z</time>
    <extensions>
     <power>0</power>
     <gpxtpx:TrackPointExtension>
      <gpxtpx:hr>138</gpxtpx:hr>
      <gpxtpx:cad>0</gpxtpx:cad>
     </gpxtpx:TrackPointExtension>
    </extensions>
   </trkpt>
   <trkpt lat="45.9987950" lon="9.8253350">
    <ele>2053.8</ele>
    <time>2025-11-01T11:36:17Z</time>
    <extensions>
     <power>142</power>
     <gpxtpx:TrackPointExtension>
      <gpxtpx:hr>136</gpxtpx:hr>
      <gpxtpx:cad>56</gpxtpx:cad>
     </gpxtpx:TrackPointExtension>
    </extensions>
   </trkpt>
   <trkpt lat="45.9988330" lon="9.8256010">
    <ele>2053.0</ele>
    <time>2025-11-01T11:36:27Z</time>
    <extensions>
     <power>259</power>
     <gpxtpx:TrackPointExtension>
      <gpxtpx:hr>135</gpxtpx:hr>
      <gpxtpx:cad>79</gpxtpx:cad>
     </gpxtpx:TrackPointExtension>
    </extensions>
   </trkpt>
   <trkpt lat="45.9988860" lon="9.8258500">
    <ele>2054.8</ele>
    <time>2025-11-01T11:36:37Z</time>
    <extensions>
     <power>281</power>
     <gpxtpx:TrackPointExtension>
      <gpxtpx:hr>138</gpxtpx:hr>
      <gpxtpx:cad>79</gpxtpx:cad>
     </gpxtpx:TrackPointExtension>
    </extensions>
   </trkpt>
   <trkpt lat="45.9989040" lon="9.8260150">
    <ele>2056.0</ele>
    <time>2025-11-01T11:36:47Z</time>
    <extensions>
     <power>147</power>
     <gpxtpx:TrackPointExtension>
      <gpxtpx:hr>142</gpxtpx:hr>
      <gpxtpx:cad>53</gpxtpx:cad>
     </gpxtpx:TrackPointExtension>
    </extensions>
   </trkpt>
   <trkpt lat="45.9988340" lon="9.8261380">
    <ele>2057.8</ele>
    <time>2025-11-01T11:36:57Z</time>
    <extensions>
     <power>0</power>
     <gpxtpx:TrackPointExtension>
      <gpxtpx:hr>146</gpxtpx:hr>
      <gpxtpx:cad>0</gpxtpx:cad>
     </gpxtpx:TrackPointExtension>
    </extensions>
   </trkpt>
   <trkpt lat="45.9987610" lon="9.8261920">
    <ele>2058.8</ele>
    <time>2025-11-01T11:37:07Z</time>
    <extensions>
     <power>185</power>
     <gpxtpx:TrackPointExtension>
      <gpxtpx:hr>144</gpxtpx:hr>
      <gpxtpx:cad>48</gpxtpx:cad>
     </gpxtpx:TrackPointExtension>
    </extensions>
   </trkpt>
   <trkpt lat="45.9987430" lon="9.8263160">
    <ele>2059.0</ele>
    <time>2025-11-01T11:37:17Z</time>
    <extensions>
     <power>185</power>
     <gpxtpx:TrackPointExtension>
      <gpxtpx:hr>144</gpxtpx:hr>
      <gpxtpx:cad>43</gpxtpx:cad>
     </gpxtpx:TrackPointExtension>
    </extensions>
   </trkpt>
   <trkpt lat="45.9987350" lon="9.8264330">
    <ele>2060.6</ele>
    <time>2025-11-01T11:37:26Z</time>
    <extensions>
     <power>0</power>
     <gpxtpx:TrackPointExtension>
      <gpxtpx:hr>143</gpxtpx:hr>
      <gpxtpx:cad>0</gpxtpx:cad>
     </gpxtpx:TrackPointExtension>
    </extensions>
   </trkpt>
   <trkpt lat="45.9987200" lon="9.8265470">
    <ele>2062.2</ele>
    <time>2025-11-01T11:37:36Z</time>
    <extensions>
     <power>211</power>
     <gpxtpx:TrackPointExtension>
      <gpxtpx:hr>142</gpxtpx:hr>
      <gpxtpx:cad>49</gpxtpx:cad>
     </gpxtpx:TrackPointExtension>
    </extensions>
   </trkpt>
   <trkpt lat="45.9987120" lon="9.8266690">
    <ele>2063.8</ele>
    <time>2025-11-01T11:37:46Z</time>
    <extensions>
     <power>294</power>
     <gpxtpx:TrackPointExtension>
      <gpxtpx:hr>143</gpxtpx:hr>
      <gpxtpx:cad>69</gpxtpx:cad>
     </gpxtpx:TrackPointExtension>
    </extensions>
   </trkpt>
   <trkpt lat="45.9986760" lon="9.8268300">
    <ele>2063.0</ele>
    <time>2025-11-01T11:37:56Z</time>
    <extensions>
     <power>0</power>
     <gpxtpx:TrackPointExtension>
      <gpxtpx:hr>142</gpxtpx:hr>
      <gpxtpx:cad>0</gpxtpx:cad>
     </gpxtpx:TrackPointExtension>
    </extensions>
   </trkpt>
   <trkpt lat="45.9986690" lon="9.8269600">
    <ele>2062.2</ele>
    <time>2025-11-01T11:38:06Z</time>
    <extensions>
     <power>148</power>
     <gpxtpx:TrackPointExtension>
      <gpxtpx:hr>139</gpxtpx:hr>
      <gpxtpx:cad>59</gpxtpx:cad>
     </gpxtpx:TrackPointExtension>
    </extensions>
   </trkpt>
   <trkpt lat="45.9986980" lon="9.8270650">
    <ele>2062.4</ele>
    <time>2025-11-01T11:38:16Z</time>
    <extensions>
     <power>0</power>
     <gpxtpx:TrackPointExtension>
      <gpxtpx:hr>133</gpxtpx:hr>
      <gpxtpx:cad>0</gpxtpx:cad>
     </gpxtpx:TrackPointExtension>
    </extensions>
   </trkpt>
   <trkpt lat="45.9986960" lon="9.8272290">
    <ele>2062.6</ele>
    <time>2025-11-01T11:38:26Z</time>
    <extensions>
     <power>112</power>
     <gpxtpx:TrackPointExtension>
      <gpxtpx:hr>130</gpxtpx:hr>
      <gpxtpx:cad>52</gpxtpx:cad>
     </gpxtpx:TrackPointExtension>
    </extensions>
   </trkpt>
   <trkpt lat="45.9986630" lon="9.8273980">
    <ele>2062.4</ele>
    <time>2025-11-01T11:38:36Z</time>
    <extensions>
     <power>126</power>
     <gpxtpx:TrackPointExtension>
      <gpxtpx:hr>126</gpxtpx:hr>
      <gpxtpx:cad>52</gpxtpx:cad>
     </gpxtpx:TrackPointExtension>
    </extensions>
   </trkpt>
   <trkpt lat="45.9986210" lon="9.8275210">
    <ele>2063.6</ele>
    <time>2025-11-01T11:38:46Z</time>
    <extensions>
     <power>0</power>
     <gpxtpx:TrackPointExtension>
      <gpxtpx:hr>122</gpxtpx:hr>
      <gpxtpx:cad>0</gpxtpx:cad>
     </gpxtpx:TrackPointExtension>
    </extensions>
   </trkpt>
   <trkpt lat="45.9985950" lon="9.8276480">
    <ele>2065.2</ele>
    <time>2025-11-01T11:38:56Z</time>
    <extensions>
     <power>0</power>
     <gpxtpx:TrackPointExtension>
      <gpxtpx:hr>122</gpxtpx:hr>
      <gpxtpx:cad>0</gpxtpx:cad>
     </gpxtpx:TrackPointExtension>
    </extensions>
   </trkpt>
   <trkpt lat="45.9986060" lon="9.8277330">
    <ele>2065.2</ele>
    <time>2025-11-01T11:39:06Z</time>
    <extensions>
     <power>0</power>
     <gpxtpx:TrackPointExtension>
      <gpxtpx:hr>129</gpxtpx:hr>
      <gpxtpx:cad>0</gpxtpx:cad>
     </gpxtpx:TrackPointExtension>
    </extensions>
   </trkpt>
   <trkpt lat="45.9986120" lon="9.8278230">
    <ele>2065.0</ele>
    <time>2025-11-01T11:39:16Z</time>
    <extensions>
     <power>0</power>
     <gpxtpx:TrackPointExtension>
      <gpxtpx:hr>128</gpxtpx:hr>
      <gpxtpx:cad>0</gpxtpx:cad>
     </gpxtpx:TrackPointExtension>
    </extensions>
   </trkpt>
   <trkpt lat="45.9986130" lon="9.8279590">
    <ele>2066.2</ele>
    <time>2025-11-01T11:39:26Z</time>
    <extensions>
     <power>0</power>
     <gpxtpx:TrackPointExtension>
      <gpxtpx:hr>127</gpxtpx:hr>
      <gpxtpx:cad>0</gpxtpx:cad>
     </gpxtpx:TrackPointExtension>
    </extensions>
   </trkpt>
   <trkpt lat="45.9986150" lon="9.8280530">
    <ele>2067.6</ele>
    <time>2025-11-01T11:39:36Z</time>
    <extensions>
     <power>0</power>
     <gpxtpx:TrackPointExtension>
      <gpxtpx:hr>128</gpxtpx:hr>
      <gpxtpx:cad>0</gpxtpx:cad>
     </gpxtpx:TrackPointExtension>
    </extensions>
   </trkpt>
   <trkpt lat="45.9986360" lon="9.8281340">
    <ele>2068.8</ele>
    <time>2025-11-01T11:39:46Z</time>
    <extensions>
     <power>0</power>
     <gpxtpx:TrackPointExtension>
      <gpxtpx:hr>129</gpxtpx:hr>
      <gpxtpx:cad>0</gpxtpx:cad>
     </gpxtpx:TrackPointExtension>
    </extensions>
   </trkpt>
   <trkpt lat="45.9986650" lon="9.8282420">
    <ele>2070.8</ele>
    <time>2025-11-01T11:39:56Z</time>
    <extensions>
     <power>0</power>
     <gpxtpx:TrackPointExtension>
      <gpxtpx:hr>130</gpxtpx:hr>
      <gpxtpx:cad>0</gpxtpx:cad>
     </gpxtpx:TrackPointExtension>
    </extensions>
   </trkpt>
   <trkpt lat="45.9986790" lon="9.8283140">
    <ele>2071.8</ele>
    <time>2025-11-01T11:40:06Z</time>
    <extensions>
     <power>0</power>
     <gpxtpx:TrackPointExtension>
      <gpxtpx:hr>134</gpxtpx:hr>
      <gpxtpx:cad>0</gpxtpx:cad>
     </gpxtpx:TrackPointExtension>
    </extensions>
   </trkpt>
   <trkpt lat="45.9986850" lon="9.8284100">
    <ele>2073.4</ele>
    <time>2025-11-01T11:40:16Z</time>
    <extensions>
     <power>0</power>
     <gpxtpx:TrackPointExtension>
      <gpxtpx:hr>136</gpxtpx:hr>
      <gpxtpx:cad>0</gpxtpx:cad>
     </gpxtpx:TrackPointExtension>
    </extensions>
   </trkpt>
   <trkpt lat="45.9986920" lon="9.8284790">
    <ele>2075.2</ele>
    <time>2025-11-01T11:40:26Z</time>
    <extensions>
     <power>0</power>
     <gpxtpx:TrackPointExtension>
      <gpxtpx:hr>136</gpxtpx:hr>
      <gpxtpx:cad>0</gpxtpx:cad>
     </gpxtpx:TrackPointExtension>
    </extensions>
   </trkpt>
   <trkpt lat="45.9986930" lon="9.8285320">
    <ele>2076.4</ele>
    <time>2025-11-01T11:40:36Z</time>
    <extensions>
     <power>0</power>
     <gpxtpx:TrackPointExtension>
      <gpxtpx:hr>134</gpxtpx:hr>
      <gpxtpx:cad>0</gpxtpx:cad>
     </gpxtpx:TrackPointExtension>
    </extensions>
   </trkpt>
   <trkpt lat="45.9987100" lon="9.8285920">
    <ele>2078.2</ele>
    <time>2025-11-01T11:40:46Z</time>
    <extensions>
     <power>0</power>
     <gpxtpx:TrackPointExtension>
      <gpxtpx:hr>133</gpxtpx:hr>
      <gpxtpx:cad>0</gpxtpx:cad>
     </gpxtpx:TrackPointExtension>
    </extensions>
   </trkpt>
   <trkpt lat="45.9987070" lon="9.8286220">
    <ele>2079.2</ele>
    <time>2025-11-01T11:40:56Z</time>
    <extensions>
     <power>0</power>
     <gpxtpx:TrackPointExtension>
      <gpxtpx:hr>135</gpxtpx:hr>
      <gpxtpx:cad>0</gpxtpx:cad>
     </gpxtpx:TrackPointExtension>
    </extensions>
   </trkpt>
   <trkpt lat="45.9987060" lon="9.8286890">
    <ele>2080.2</ele>
    <time>2025-11-01T11:41:06Z</time>
    <extensions>
     <power>0</power>
     <gpxtpx:TrackPointExtension>
      <gpxtpx:hr>135</gpxtpx:hr>
      <gpxtpx:cad>0</gpxtpx:cad>
     </gpxtpx:TrackPointExtension>
    </extensions>
   </trkpt>
   <trkpt lat="45.9986860" lon="9.8287520">
    <ele>2082.2</ele>
    <time>2025-11-01T11:41:16Z</time>
    <extensions>
     <power>0</power>
     <gpxtpx:TrackPointExtension>
      <gpxtpx:hr>136</gpxtpx:hr>
      <gpxtpx:cad>0</gpxtpx:cad>
     </gpxtpx:TrackPointExtension>
    </extensions>
   </trkpt>
   <trkpt lat="45.9987000" lon="9.8288120">
    <ele>2083.8</ele>
    <time>2025-11-01T11:41:26Z</time>
    <extensions>
     <power>190</power>
     <gpxtpx:TrackPointExtension>
      <gpxtpx:hr>134</gpxtpx:hr>
      <gpxtpx:cad>57</gpxtpx:cad>
     </gpxtpx:TrackPointExtension>
    </extensions>
   </trkpt>
   <trkpt lat="45.9986930" lon="9.8288530">
    <ele>2085.4</ele>
    <time>2025-11-01T11:41:36Z</time>
    <extensions>
     <power>0</power>
     <gpxtpx:TrackPointExtension>
      <gpxtpx:hr>135</gpxtpx:hr>
      <gpxtpx:cad>0</gpxtpx:cad>
     </gpxtpx:TrackPointExtension>
    </extensions>
   </trkpt>
   <trkpt lat="45.9986520" lon="9.8288720">
    <ele>2087.4</ele>
    <time>2025-11-01T11:41:46Z</time>
    <extensions>
     <power>0</power>
     <gpxtpx:TrackPointExtension>
      <gpxtpx:hr>138</gpxtpx:hr>
      <gpxtpx:cad>0</gpxtpx:cad>
     </gpxtpx:TrackPointExtension>
    </extensions>
   </trkpt>
   <trkpt lat="45.9986040" lon="9.8289330">
    <ele>2089.2</ele>
    <time>2025-11-01T11:41:56Z</time>
    <extensions>
     <power>0</power>
     <gpxtpx:TrackPointExtension>
      <gpxtpx:hr>135</gpxtpx:hr>
      <gpxtpx:cad>0</gpxtpx:cad>
     </gpxtpx:TrackPointExtension>
    </extensions>
   </trkpt>
   <trkpt lat="45.9986180" lon="9.8290190">
    <ele>2090.2</ele>
    <time>2025-11-01T11:42:06Z</time>
    <extensions>
     <power>485</power>
     <gpxtpx:TrackPointExtension>
      <gpxtpx:hr>139</gpxtpx:hr>
      <gpxtpx:cad>0</gpxtpx:cad>
     </gpxtpx:TrackPointExtension>
    </extensions>
   </trkpt>
   <trkpt lat="45.9985990" lon="9.8290860">
    <ele>2090.4</ele>
    <time>2025-11-01T11:42:16Z</time>
    <extensions>
     <power>0</power>
     <gpxtpx:TrackPointExtension>
      <gpxtpx:hr>139</gpxtpx:hr>
      <gpxtpx:cad>0</gpxtpx:cad>
     </gpxtpx:TrackPointExtension>
    </extensions>
   </trkpt>
   <trkpt lat="45.9985790" lon="9.8291480">
    <ele>2091.4</ele>
    <time>2025-11-01T11:42:26Z</time>
    <extensions>
     <power>287</power>
     <gpxtpx:TrackPointExtension>
      <gpxtpx:hr>140</gpxtpx:hr>
      <gpxtpx:cad>63</gpxtpx:cad>
     </gpxtpx:TrackPointExtension>
    </extensions>
   </trkpt>
   <trkpt lat="45.9985580" lon="9.8292280">
    <ele>2093.2</ele>
    <time>2025-11-01T11:42:36Z</time>
    <extensions>
     <power>533</power>
     <gpxtpx:TrackPointExtension>
      <gpxtpx:hr>141</gpxtpx:hr>
      <gpxtpx:cad>71</gpxtpx:cad>
     </gpxtpx:TrackPointExtension>
    </extensions>
   </trkpt>
   <trkpt lat="45.9985510" lon="9.8293090">
    <ele>2094.4</ele>
    <time>2025-11-01T11:42:45Z</time>
    <extensions>
     <power>529</power>
     <gpxtpx:TrackPointExtension>
      <gpxtpx:hr>140</gpxtpx:hr>
      <gpxtpx:cad>65</gpxtpx:cad>
     </gpxtpx:TrackPointExtension>
    </extensions>
   </trkpt>
   <trkpt lat="45.9985390" lon="9.8293740">
    <ele>2096.8</ele>
    <time>2025-11-01T11:42:55Z</time>
    <extensions>
     <power>403</power>
     <gpxtpx:TrackPointExtension>
      <gpxtpx:hr>142</gpxtpx:hr>
      <gpxtpx:cad>66</gpxtpx:cad>
     </gpxtpx:TrackPointExtension>
    </extensions>
   </trkpt>
   <trkpt lat="45.9985450" lon="9.8294560">
    <ele>2098.4</ele>
    <time>2025-11-01T11:43:05Z</time>
    <extensions>
     <power>357</power>
     <gpxtpx:TrackPointExtension>
      <gpxtpx:hr>146</gpxtpx:hr>
      <gpxtpx:cad>77</gpxtpx:cad>
     </gpxtpx:TrackPointExtension>
    </extensions>
   </trkpt>
   <trkpt lat="45.9985610" lon="9.8295130">
    <ele>2099.2</ele>
    <time>2025-11-01T11:43:15Z</time>
    <extensions>
     <power>242</power>
     <gpxtpx:TrackPointExtension>
      <gpxtpx:hr>152</gpxtpx:hr>
      <gpxtpx:cad>66</gpxtpx:cad>
     </gpxtpx:TrackPointExtension>
    </extensions>
   </trkpt>
   <trkpt lat="45.9985920" lon="9.8295680">
    <ele>2101.0</ele>
    <time>2025-11-01T11:43:25Z</time>
    <extensions>
     <power>248</power>
     <gpxtpx:TrackPointExtension>
      <gpxtpx:hr>153</gpxtpx:hr>
      <gpxtpx:cad>72</gpxtpx:cad>
     </gpxtpx:TrackPointExtension>
    </extensions>
   </trkpt>
   <trkpt lat="45.9986150" lon="9.8296100">
    <ele>2102.6</ele>
    <time>2025-11-01T11:43:35Z</time>
    <extensions>
     <power>248</power>
     <gpxtpx:TrackPointExtension>
      <gpxtpx:hr>153</gpxtpx:hr>
      <gpxtpx:cad>73</gpxtpx:cad>
     </gpxtpx:TrackPointExtension>
    </extensions>
   </trkpt>
   <trkpt lat="45.9986260" lon="9.8295400">
    <ele>2104.4</ele>
    <time>2025-11-01T11:43:45Z</time>
    <extensions>
     <power>271</power>
     <gpxtpx:TrackPointExtension>
      <gpxtpx:hr>148</gpxtpx:hr>
      <gpxtpx:cad>70</gpxtpx:cad>
     </gpxtpx:TrackPointExtension>
    </extensions>
   </trkpt>
   <trkpt lat="45.9986820" lon="9.8294440">
    <ele>2106.0</ele>
    <time>2025-11-01T11:43:55Z</time>
    <extensions>
     <power>193</power>
     <gpxtpx:TrackPointExtension>
      <gpxtpx:hr>146</gpxtpx:hr>
      <gpxtpx:cad>43</gpxtpx:cad>
     </gpxtpx:TrackPointExtension>
    </extensions>
   </trkpt>
   <trkpt lat="45.9988020" lon="9.8294330">
    <ele>2105.4</ele>
    <time>2025-11-01T11:44:05Z</time>
    <extensions>
     <power>235</power>
     <gpxtpx:TrackPointExtension>
      <gpxtpx:hr>141</gpxtpx:hr>
      <gpxtpx:cad>52</gpxtpx:cad>
     </gpxtpx:TrackPointExtension>
    </extensions>
   </trkpt>
   <trkpt lat="45.9988850" lon="9.8294170">
    <ele>2105.6</ele>
    <time>2025-11-01T11:44:15Z</time>
    <extensions>
     <power>154</power>
     <gpxtpx:TrackPointExtension>
      <gpxtpx:hr>142</gpxtpx:hr>
      <gpxtpx:cad>51</gpxtpx:cad>
     </gpxtpx:TrackPointExtension>
    </extensions>
   </trkpt>
   <trkpt lat="45.9989580" lon="9.8293500">
    <ele>2107.6</ele>
    <time>2025-11-01T11:44:25Z</time>
    <extensions>
     <power>214</power>
     <gpxtpx:TrackPointExtension>
      <gpxtpx:hr>140</gpxtpx:hr>
      <gpxtpx:cad>48</gpxtpx:cad>
     </gpxtpx:TrackPointExtension>
    </extensions>
   </trkpt>
   <trkpt lat="45.9990680" lon="9.8293680">
    <ele>2107.8</ele>
    <time>2025-11-01T11:44:35Z</time>
    <extensions>
     <power>279</power>
     <gpxtpx:TrackPointExtension>
      <gpxtpx:hr>137</gpxtpx:hr>
      <gpxtpx:cad>101</gpxtpx:cad>
     </gpxtpx:TrackPointExtension>
    </extensions>
   </trkpt>
   <trkpt lat="45.9991800" lon="9.8293770">
    <ele>2108.2</ele>
    <time>2025-11-01T11:44:45Z</time>
    <extensions>
     <power>158</power>
     <gpxtpx:TrackPointExtension>
      <gpxtpx:hr>135</gpxtpx:hr>
      <gpxtpx:cad>53</gpxtpx:cad>
     </gpxtpx:TrackPointExtension>
    </extensions>
   </trkpt>
   <trkpt lat="45.9991960" lon="9.8295180">
    <ele>2109.2</ele>
    <time>2025-11-01T11:44:55Z</time>
    <extensions>
     <power>185</power>
     <gpxtpx:TrackPointExtension>
      <gpxtpx:hr>135</gpxtpx:hr>
      <gpxtpx:cad>52</gpxtpx:cad>
     </gpxtpx:TrackPointExtension>
    </extensions>
   </trkpt>
   <trkpt lat="45.9992120" lon="9.8296740">
    <ele>2109.4</ele>
    <time>2025-11-01T11:45:05Z</time>
    <extensions>
     <power>98</power>
     <gpxtpx:TrackPointExtension>
      <gpxtpx:hr>136</gpxtpx:hr>
      <gpxtpx:cad>43</gpxtpx:cad>
     </gpxtpx:TrackPointExtension>
    </extensions>
   </trkpt>
   <trkpt lat="45.9992760" lon="9.8297810">
    <ele>2109.0</ele>
    <time>2025-11-01T11:45:15Z</time>
    <extensions>
     <power>0</power>
     <gpxtpx:TrackPointExtension>
      <gpxtpx:hr>134</gpxtpx:hr>
      <gpxtpx:cad>0</gpxtpx:cad>
     </gpxtpx:TrackPointExtension>
    </extensions>
   </trkpt>
   <trkpt lat="45.9993550" lon="9.8298830">
    <ele>2110.0</ele>
    <time>2025-11-01T11:45:25Z</time>
    <extensions>
     <power>121</power>
     <gpxtpx:TrackPointExtension>
      <gpxtpx:hr>130</gpxtpx:hr>
      <gpxtpx:cad>48</gpxtpx:cad>
     </gpxtpx:TrackPointExtension>
    </extensions>
   </trkpt>
   <trkpt lat="45.9993170" lon="9.8300040">
    <ele>2112.4</ele>
    <time>2025-11-01T11:45:35Z</time>
    <extensions>
     <power>0</power>
     <gpxtpx:TrackPointExtension>
      <gpxtpx:hr>131</gpxtpx:hr>
      <gpxtpx:cad>48</gpxtpx:cad>
     </gpxtpx:TrackPointExtension>
    </extensions>
   </trkpt>
   <trkpt lat="45.9993340" lon="9.8301230">
    <ele>2114.0</ele>
    <time>2025-11-01T11:45:45Z</time>
    <extensions>
     <power>0</power>
     <gpxtpx:TrackPointExtension>
      <gpxtpx:hr>133</gpxtpx:hr>
      <gpxtpx:cad>0</gpxtpx:cad>
     </gpxtpx:TrackPointExtension>
    </extensions>
   </trkpt>
   <trkpt lat="45.9993690" lon="9.8302440">
    <ele>2115.2</ele>
    <time>2025-11-01T11:45:55Z</time>
    <extensions>
     <power>0</power>
     <gpxtpx:TrackPointExtension>
      <gpxtpx:hr>135</gpxtpx:hr>
      <gpxtpx:cad>0</gpxtpx:cad>
     </gpxtpx:TrackPointExtension>
    </extensions>
   </trkpt>
   <trkpt lat="45.9993880" lon="9.8303670">
    <ele>2116.0</ele>
    <time>2025-11-01T11:46:05Z</time>
    <extensions>
     <power>190</power>
     <gpxtpx:TrackPointExtension>
      <gpxtpx:hr>135</gpxtpx:hr>
      <gpxtpx:cad>41</gpxtpx:cad>
     </gpxtpx:TrackPointExtension>
    </extensions>
   </trkpt>
   <trkpt lat="45.9994050" lon="9.8304680">
    <ele>2118.2</ele>
    <time>2025-11-01T11:46:15Z</time>
    <extensions>
     <power>0</power>
     <gpxtpx:TrackPointExtension>
      <gpxtpx:hr>135</gpxtpx:hr>
      <gpxtpx:cad>0</gpxtpx:cad>
     </gpxtpx:TrackPointExtension>
    </extensions>
   </trkpt>
   <trkpt lat="45.9994730" lon="9.8305160">
    <ele>2119.4</ele>
    <time>2025-11-01T11:46:25Z</time>
    <extensions>
     <power>0</power>
     <gpxtpx:TrackPointExtension>
      <gpxtpx:hr>136</gpxtpx:hr>
      <gpxtpx:cad>0</gpxtpx:cad>
     </gpxtpx:TrackPointExtension>
    </extensions>
   </trkpt>
   <trkpt lat="45.9995470" lon="9.8304840">
    <ele>2121.6</ele>
    <time>2025-11-01T11:46:35Z</time>
    <extensions>
     <power>0</power>
     <gpxtpx:TrackPointExtension>
      <gpxtpx:hr>139</gpxtpx:hr>
      <gpxtpx:cad>0</gpxtpx:cad>
     </gpxtpx:TrackPointExtension>
    </extensions>
   </trkpt>
   <trkpt lat="45.9995870" lon="9.8304020">
    <ele>2123.0</ele>
    <time>2025-11-01T11:46:45Z</time>
    <extensions>
     <power>0</power>
     <gpxtpx:TrackPointExtension>
      <gpxtpx:hr>140</gpxtpx:hr>
      <gpxtpx:cad>0</gpxtpx:cad>
     </gpxtpx:TrackPointExtension>
    </extensions>
   </trkpt>
   <trkpt lat="45.9996640" lon="9.8303570">
    <ele>2124.6</ele>
    <time>2025-11-01T11:46:55Z</time>
    <extensions>
     <power>0</power>
     <gpxtpx:TrackPointExtension>
      <gpxtpx:hr>140</gpxtpx:hr>
      <gpxtpx:cad>0</gpxtpx:cad>
     </gpxtpx:TrackPointExtension>
    </extensions>
   </trkpt>
   <trkpt lat="45.9997290" lon="9.8304460">
    <ele>2126.4</ele>
    <time>2025-11-01T11:47:05Z</time>
    <extensions>
     <power>0</power>
     <gpxtpx:TrackPointExtension>
      <gpxtpx:hr>143</gpxtpx:hr>
      <gpxtpx:cad>0</gpxtpx:cad>
     </gpxtpx:TrackPointExtension>
    </extensions>
   </trkpt>
   <trkpt lat="45.9997870" lon="9.8305060">
    <ele>2127.4</ele>
    <time>2025-11-01T11:47:15Z</time>
    <extensions>
     <power>0</power>
     <gpxtpx:TrackPointExtension>
      <gpxtpx:hr>144</gpxtpx:hr>
      <gpxtpx:cad>0</gpxtpx:cad>
     </gpxtpx:TrackPointExtension>
    </extensions>
   </trkpt>
   <trkpt lat="45.9998400" lon="9.8305670">
    <ele>2129.4</ele>
    <time>2025-11-01T11:47:25Z</time>
    <extensions>
     <power>0</power>
     <gpxtpx:TrackPointExtension>
      <gpxtpx:hr>143</gpxtpx:hr>
      <gpxtpx:cad>0</gpxtpx:cad>
     </gpxtpx:TrackPointExtension>
    </extensions>
   </trkpt>
   <trkpt lat="45.9998880" lon="9.8306390">
    <ele>2131.4</ele>
    <time>2025-11-01T11:47:35Z</time>
    <extensions>
     <power>0</power>
     <gpxtpx:TrackPointExtension>
      <gpxtpx:hr>144</gpxtpx:hr>
      <gpxtpx:cad>0</gpxtpx:cad>
     </gpxtpx:TrackPointExtension>
    </extensions>
   </trkpt>
   <trkpt lat="45.9999310" lon="9.8307410">
    <ele>2132.8</ele>
    <time>2025-11-01T11:47:45Z</time>
    <extensions>
     <power>0</power>
     <gpxtpx:TrackPointExtension>
      <gpxtpx:hr>144</gpxtpx:hr>
      <gpxtpx:cad>0</gpxtpx:cad>
     </gpxtpx:TrackPointExtension>
    </extensions>
   </trkpt>
   <trkpt lat="45.9999900" lon="9.8308130">
    <ele>2134.4</ele>
    <time>2025-11-01T11:47:55Z</time>
    <extensions>
     <power>0</power>
     <gpxtpx:TrackPointExtension>
      <gpxtpx:hr>145</gpxtpx:hr>
      <gpxtpx:cad>0</gpxtpx:cad>
     </gpxtpx:TrackPointExtension>
    </extensions>
   </trkpt>
   <trkpt lat="46.0000520" lon="9.8309240">
    <ele>2135.2</ele>
    <time>2025-11-01T11:48:05Z</time>
    <extensions>
     <power>0</power>
     <gpxtpx:TrackPointExtension>
      <gpxtpx:hr>144</gpxtpx:hr>
      <gpxtpx:cad>0</gpxtpx:cad>
     </gpxtpx:TrackPointExtension>
    </extensions>
   </trkpt>
   <trkpt lat="46.0000950" lon="9.8310600">
    <ele>2135.6</ele>
    <time>2025-11-01T11:48:14Z</time>
    <extensions>
     <power>336</power>
     <gpxtpx:TrackPointExtension>
      <gpxtpx:hr>142</gpxtpx:hr>
      <gpxtpx:cad>51</gpxtpx:cad>
     </gpxtpx:TrackPointExtension>
    </extensions>
   </trkpt>
   <trkpt lat="46.0001410" lon="9.8312100">
    <ele>2135.6</ele>
    <time>2025-11-01T11:48:24Z</time>
    <extensions>
     <power>452</power>
     <gpxtpx:TrackPointExtension>
      <gpxtpx:hr>141</gpxtpx:hr>
      <gpxtpx:cad>52</gpxtpx:cad>
     </gpxtpx:TrackPointExtension>
    </extensions>
   </trkpt>
   <trkpt lat="46.0001980" lon="9.8313410">
    <ele>2136.8</ele>
    <time>2025-11-01T11:48:34Z</time>
    <extensions>
     <power>349</power>
     <gpxtpx:TrackPointExtension>
      <gpxtpx:hr>140</gpxtpx:hr>
      <gpxtpx:cad>46</gpxtpx:cad>
     </gpxtpx:TrackPointExtension>
    </extensions>
   </trkpt>
   <trkpt lat="46.0002420" lon="9.8314640">
    <ele>2138.6</ele>
    <time>2025-11-01T11:48:44Z</time>
    <extensions>
     <power>0</power>
     <gpxtpx:TrackPointExtension>
      <gpxtpx:hr>134</gpxtpx:hr>
      <gpxtpx:cad>0</gpxtpx:cad>
     </gpxtpx:TrackPointExtension>
    </extensions>
   </trkpt>
   <trkpt lat="46.0002920" lon="9.8315670">
    <ele>2140.0</ele>
    <time>2025-11-01T11:48:54Z</time>
    <extensions>
     <power>0</power>
     <gpxtpx:TrackPointExtension>
      <gpxtpx:hr>133</gpxtpx:hr>
      <gpxtpx:cad>0</gpxtpx:cad>
     </gpxtpx:TrackPointExtension>
    </extensions>
   </trkpt>
   <trkpt lat="46.0004000" lon="9.8316300">
    <ele>2138.4</ele>
    <time>2025-11-01T11:49:04Z</time>
    <extensions>
     <power>0</power>
     <gpxtpx:TrackPointExtension>
      <gpxtpx:hr>134</gpxtpx:hr>
      <gpxtpx:cad>0</gpxtpx:cad>
     </gpxtpx:TrackPointExtension>
    </extensions>
   </trkpt>
   <trkpt lat="46.0004250" lon="9.8317090">
    <ele>2138.2</ele>
    <time>2025-11-01T11:49:14Z</time>
    <extensions>
     <power>0</power>
     <gpxtpx:TrackPointExtension>
      <gpxtpx:hr>129</gpxtpx:hr>
      <gpxtpx:cad>0</gpxtpx:cad>
     </gpxtpx:TrackPointExtension>
    </extensions>
   </trkpt>
   <trkpt lat="46.0004090" lon="9.8317880">
    <ele>2140.6</ele>
    <time>2025-11-01T11:49:24Z</time>
    <extensions>
     <power>0</power>
     <gpxtpx:TrackPointExtension>
      <gpxtpx:hr>129</gpxtpx:hr>
      <gpxtpx:cad>0</gpxtpx:cad>
     </gpxtpx:TrackPointExtension>
    </extensions>
   </trkpt>
   <trkpt lat="46.0004620" lon="9.8319090">
    <ele>2142.0</ele>
    <time>2025-11-01T11:49:34Z</time>
    <extensions>
     <power>0</power>
     <gpxtpx:TrackPointExtension>
      <gpxtpx:hr>133</gpxtpx:hr>
      <gpxtpx:cad>0</gpxtpx:cad>
     </gpxtpx:TrackPointExtension>
    </extensions>
   </trkpt>
   <trkpt lat="46.0005330" lon="9.8320500">
    <ele>2142.4</ele>
    <time>2025-11-01T11:49:44Z</time>
    <extensions>
     <power>283</power>
     <gpxtpx:TrackPointExtension>
      <gpxtpx:hr>139</gpxtpx:hr>
      <gpxtpx:cad>50</gpxtpx:cad>
     </gpxtpx:TrackPointExtension>
    </extensions>
   </trkpt>
   <trkpt lat="46.0005900" lon="9.8321510">
    <ele>2143.8</ele>
    <time>2025-11-01T11:49:54Z</time>
    <extensions>
     <power>262</power>
     <gpxtpx:TrackPointExtension>
      <gpxtpx:hr>142</gpxtpx:hr>
      <gpxtpx:cad>45</gpxtpx:cad>
     </gpxtpx:TrackPointExtension>
    </extensions>
   </trkpt>
   <trkpt lat="46.0006150" lon="9.8320560">
    <ele>2145.6</ele>
    <time>2025-11-01T11:50:04Z</time>
    <extensions>
     <power>0</power>
     <gpxtpx:TrackPointExtension>
      <gpxtpx:hr>138</gpxtpx:hr>
      <gpxtpx:cad>0</gpxtpx:cad>
     </gpxtpx:TrackPointExtension>
    </extensions>
   </trkpt>
   <trkpt lat="46.0006230" lon="9.8319740">
    <ele>2147.4</ele>
    <time>2025-11-01T11:50:14Z</time>
    <extensions>
     <power>0</power>
     <gpxtpx:TrackPointExtension>
      <gpxtpx:hr>136</gpxtpx:hr>
      <gpxtpx:cad>0</gpxtpx:cad>
     </gpxtpx:TrackPointExtension>
    </extensions>
   </trkpt>
   <trkpt lat="46.0006290" lon="9.8319130">
    <ele>2150.2</ele>
    <time>2025-11-01T11:50:24Z</time>
    <extensions>
     <power>0</power>
     <gpxtpx:TrackPointExtension>
      <gpxtpx:hr>140</gpxtpx:hr>
      <gpxtpx:cad>0</gpxtpx:cad>
     </gpxtpx:TrackPointExtension>
    </extensions>
   </trkpt>
   <trkpt lat="46.0006810" lon="9.8319350">
    <ele>2151.4</ele>
    <time>2025-11-01T11:50:34Z</time>
    <extensions>
     <power>0</power>
     <gpxtpx:TrackPointExtension>
      <gpxtpx:hr>144</gpxtpx:hr>
      <gpxtpx:cad>0</gpxtpx:cad>
     </gpxtpx:TrackPointExtension>
    </extensions>
   </trkpt>
   <trkpt lat="46.0007180" lon="9.8320330">
    <ele>2152.8</ele>
    <time>2025-11-01T11:50:44Z</time>
    <extensions>
     <power>0</power>
     <gpxtpx:TrackPointExtension>
      <gpxtpx:hr>144</gpxtpx:hr>
      <gpxtpx:cad>79</gpxtpx:cad>
     </gpxtpx:TrackPointExtension>
    </extensions>
   </trkpt>
   <trkpt lat="46.0007520" lon="9.8321730">
    <ele>2153.4</ele>
    <time>2025-11-01T11:50:54Z</time>
    <extensions>
     <power>0</power>
     <gpxtpx:TrackPointExtension>
      <gpxtpx:hr>145</gpxtpx:hr>
      <gpxtpx:cad>0</gpxtpx:cad>
     </gpxtpx:TrackPointExtension>
    </extensions>
   </trkpt>
   <trkpt lat="46.0008090" lon="9.8322480">
    <ele>2155.0</ele>
    <time>2025-11-01T11:51:04Z</time>
    <extensions>
     <power>0</power>
     <gpxtpx:TrackPointExtension>
      <gpxtpx:hr>145</gpxtpx:hr>
      <gpxtpx:cad>0</gpxtpx:cad>
     </gpxtpx:TrackPointExtension>
    </extensions>
   </trkpt>
   <trkpt lat="46.0008680" lon="9.8323420">
    <ele>2155.6</ele>
    <time>2025-11-01T11:51:14Z</time>
    <extensions>
     <power>0</power>
     <gpxtpx:TrackPointExtension>
      <gpxtpx:hr>144</gpxtpx:hr>
      <gpxtpx:cad>47</gpxtpx:cad>
     </gpxtpx:TrackPointExtension>
    </extensions>
   </trkpt>
   <trkpt lat="46.0008740" lon="9.8324600">
    <ele>2157.6</ele>
    <time>2025-11-01T11:51:24Z</time>
    <extensions>
     <power>0</power>
     <gpxtpx:TrackPointExtension>
      <gpxtpx:hr>144</gpxtpx:hr>
      <gpxtpx:cad>0</gpxtpx:cad>
     </gpxtpx:TrackPointExtension>
    </extensions>
   </trkpt>
   <trkpt lat="46.0009170" lon="9.8326230">
    <ele>2157.0</ele>
    <time>2025-11-01T11:51:34Z</time>
    <extensions>
     <power>0</power>
     <gpxtpx:TrackPointExtension>
      <gpxtpx:hr>141</gpxtpx:hr>
      <gpxtpx:cad>59</gpxtpx:cad>
     </gpxtpx:TrackPointExtension>
    </extensions>
   </trkpt>
   <trkpt lat="46.0009480" lon="9.8327660">
    <ele>2157.2</ele>
    <time>2025-11-01T11:51:44Z</time>
    <extensions>
     <power>271</power>
     <gpxtpx:TrackPointExtension>
      <gpxtpx:hr>141</gpxtpx:hr>
      <gpxtpx:cad>45</gpxtpx:cad>
     </gpxtpx:TrackPointExtension>
    </extensions>
   </trkpt>
   <trkpt lat="46.0009800" lon="9.8328980">
    <ele>2159.0</ele>
    <time>2025-11-01T11:51:54Z</time>
    <extensions>
     <power>0</power>
     <gpxtpx:TrackPointExtension>
      <gpxtpx:hr>138</gpxtpx:hr>
      <gpxtpx:cad>0</gpxtpx:cad>
     </gpxtpx:TrackPointExtension>
    </extensions>
   </trkpt>
   <trkpt lat="46.0010080" lon="9.8330410">
    <ele>2158.8</ele>
    <time>2025-11-01T11:52:04Z</time>
    <extensions>
     <power>0</power>
     <gpxtpx:TrackPointExtension>
      <gpxtpx:hr>137</gpxtpx:hr>
      <gpxtpx:cad>0</gpxtpx:cad>
     </gpxtpx:TrackPointExtension>
    </extensions>
   </trkpt>
   <trkpt lat="46.0010350" lon="9.8331900">
    <ele>2158.2</ele>
    <time>2025-11-01T11:52:14Z</time>
    <extensions>
     <power>0</power>
     <gpxtpx:TrackPointExtension>
      <gpxtpx:hr>135</gpxtpx:hr>
      <gpxtpx:cad>0</gpxtpx:cad>
     </gpxtpx:TrackPointExtension>
    </extensions>
   </trkpt>
   <trkpt lat="46.0010860" lon="9.8333350">
    <ele>2159.8</ele>
    <time>2025-11-01T11:52:24Z</time>
    <extensions>
     <power>278</power>
     <gpxtpx:TrackPointExtension>
      <gpxtpx:hr>134</gpxtpx:hr>
      <gpxtpx:cad>48</gpxtpx:cad>
     </gpxtpx:TrackPointExtension>
    </extensions>
   </trkpt>
   <trkpt lat="46.0011500" lon="9.8334840">
    <ele>2160.8</ele>
    <time>2025-11-01T11:52:34Z</time>
    <extensions>
     <power>287</power>
     <gpxtpx:TrackPointExtension>
      <gpxtpx:hr>134</gpxtpx:hr>
      <gpxtpx:cad>47</gpxtpx:cad>
     </gpxtpx:TrackPointExtension>
    </extensions>
   </trkpt>
   <trkpt lat="46.0012000" lon="9.8336540">
    <ele>2161.4</ele>
    <time>2025-11-01T11:52:44Z</time>
    <extensions>
     <power>141</power>
     <gpxtpx:TrackPointExtension>
      <gpxtpx:hr>135</gpxtpx:hr>
      <gpxtpx:cad>0</gpxtpx:cad>
     </gpxtpx:TrackPointExtension>
    </extensions>
   </trkpt>
   <trkpt lat="46.0012660" lon="9.8337390">
    <ele>2161.8</ele>
    <time>2025-11-01T11:52:54Z</time>
    <extensions>
     <power>0</power>
     <gpxtpx:TrackPointExtension>
      <gpxtpx:hr>135</gpxtpx:hr>
      <gpxtpx:cad>0</gpxtpx:cad>
     </gpxtpx:TrackPointExtension>
    </extensions>
   </trkpt>
   <trkpt lat="46.0012890" lon="9.8338240">
    <ele>2161.6</ele>
    <time>2025-11-01T11:53:04Z</time>
    <extensions>
     <power>52</power>
     <gpxtpx:TrackPointExtension>
      <gpxtpx:hr>132</gpxtpx:hr>
      <gpxtpx:cad>47</gpxtpx:cad>
     </gpxtpx:TrackPointExtension>
    </extensions>
   </trkpt>
   <trkpt lat="46.0012600" lon="9.8339240">
    <ele>2163.4</ele>
    <time>2025-11-01T11:53:14Z</time>
    <extensions>
     <power>0</power>
     <gpxtpx:TrackPointExtension>
      <gpxtpx:hr>128</gpxtpx:hr>
      <gpxtpx:cad>0</gpxtpx:cad>
     </gpxtpx:TrackPointExtension>
    </extensions>
   </trkpt>
   <trkpt lat="46.0012930" lon="9.8339920">
    <ele>2165.2</ele>
    <time>2025-11-01T11:53:24Z</time>
    <extensions>
     <power>0</power>
     <gpxtpx:TrackPointExtension>
      <gpxtpx:hr>133</gpxtpx:hr>
      <gpxtpx:cad>0</gpxtpx:cad>
     </gpxtpx:TrackPointExtension>
    </extensions>
   </trkpt>
   <trkpt lat="46.0013360" lon="9.8340080">
    <ele>2166.6</ele>
    <time>2025-11-01T11:53:33Z</time>
    <extensions>
     <power>0</power>
     <gpxtpx:TrackPointExtension>
      <gpxtpx:hr>135</gpxtpx:hr>
      <gpxtpx:cad>0</gpxtpx:cad>
     </gpxtpx:TrackPointExtension>
    </extensions>
   </trkpt>
   <trkpt lat="46.0013790" lon="9.8340500">
    <ele>2169.0</ele>
    <time>2025-11-01T11:53:43Z</time>
    <extensions>
     <power>0</power>
     <gpxtpx:TrackPointExtension>
      <gpxtpx:hr>139</gpxtpx:hr>
      <gpxtpx:cad>0</gpxtpx:cad>
     </gpxtpx:TrackPointExtension>
    </extensions>
   </trkpt>
   <trkpt lat="46.0014200" lon="9.8340800">
    <ele>2171.0</ele>
    <time>2025-11-01T11:53:53Z</time>
    <extensions>
     <power>0</power>
     <gpxtpx:TrackPointExtension>
      <gpxtpx:hr>140</gpxtpx:hr>
      <gpxtpx:cad>0</gpxtpx:cad>
     </gpxtpx:TrackPointExtension>
    </extensions>
   </trkpt>
   <trkpt lat="46.0014290" lon="9.8341090">
    <ele>2171.8</ele>
    <time>2025-11-01T11:54:03Z</time>
    <extensions>
     <power>0</power>
     <gpxtpx:TrackPointExtension>
      <gpxtpx:hr>142</gpxtpx:hr>
      <gpxtpx:cad>0</gpxtpx:cad>
     </gpxtpx:TrackPointExtension>
    </extensions>
   </trkpt>
   <trkpt lat="46.0014620" lon="9.8341660">
    <ele>2174.6</ele>
    <time>2025-11-01T11:54:13Z</time>
    <extensions>
     <power>0</power>
     <gpxtpx:TrackPointExtension>
      <gpxtpx:hr>142</gpxtpx:hr>
      <gpxtpx:cad>0</gpxtpx:cad>
     </gpxtpx:TrackPointExtension>
    </extensions>
   </trkpt>
   <trkpt lat="46.0014780" lon="9.8342560">
    <ele>2175.2</ele>
    <time>2025-11-01T11:54:23Z</time>
    <extensions>
     <power>0</power>
     <gpxtpx:TrackPointExtension>
      <gpxtpx:hr>143</gpxtpx:hr>
      <gpxtpx:cad>0</gpxtpx:cad>
     </gpxtpx:TrackPointExtension>
    </extensions>
   </trkpt>
   <trkpt lat="46.0014850" lon="9.8343440">
    <ele>2176.8</ele>
    <time>2025-11-01T11:54:33Z</time>
    <extensions>
     <power>0</power>
     <gpxtpx:TrackPointExtension>
      <gpxtpx:hr>143</gpxtpx:hr>
      <gpxtpx:cad>0</gpxtpx:cad>
     </gpxtpx:TrackPointExtension>
    </extensions>
   </trkpt>
   <trkpt lat="46.0015050" lon="9.8344650">
    <ele>2178.0</ele>
    <time>2025-11-01T11:54:43Z</time>
    <extensions>
     <power>269</power>
     <gpxtpx:TrackPointExtension>
      <gpxtpx:hr>146</gpxtpx:hr>
      <gpxtpx:cad>43</gpxtpx:cad>
     </gpxtpx:TrackPointExtension>
    </extensions>
   </trkpt>
   <trkpt lat="46.0015420" lon="9.8346020">
    <ele>2179.0</ele>
    <time>2025-11-01T11:54:53Z</time>
    <extensions>
     <power>0</power>
     <gpxtpx:TrackPointExtension>
      <gpxtpx:hr>146</gpxtpx:hr>
      <gpxtpx:cad>0</gpxtpx:cad>
     </gpxtpx:TrackPointExtension>
    </extensions>
   </trkpt>
   <trkpt lat="46.0015550" lon="9.8347280">
    <ele>2180.6</ele>
    <time>2025-11-01T11:55:03Z</time>
    <extensions>
     <power>0</power>
     <gpxtpx:TrackPointExtension>
      <gpxtpx:hr>143</gpxtpx:hr>
      <gpxtpx:cad>0</gpxtpx:cad>
     </gpxtpx:TrackPointExtension>
    </extensions>
   </trkpt>
   <trkpt lat="46.0015920" lon="9.8348380">
    <ele>2182.2</ele>
    <time>2025-11-01T11:55:13Z</time>
    <extensions>
     <power>0</power>
     <gpxtpx:TrackPointExtension>
      <gpxtpx:hr>142</gpxtpx:hr>
      <gpxtpx:cad>0</gpxtpx:cad>
     </gpxtpx:TrackPointExtension>
    </extensions>
   </trkpt>
   <trkpt lat="46.0016010" lon="9.8349880">
    <ele>2183.4</ele>
    <time>2025-11-01T11:55:23Z</time>
    <extensions>
     <power>381</power>
     <gpxtpx:TrackPointExtension>
      <gpxtpx:hr>142</gpxtpx:hr>
      <gpxtpx:cad>44</gpxtpx:cad>
     </gpxtpx:TrackPointExtension>
    </extensions>
   </trkpt>
   <trkpt lat="46.0016090" lon="9.8350720">
    <ele>2185.2</ele>
    <time>2025-11-01T11:55:33Z</time>
    <extensions>
     <power>0</power>
     <gpxtpx:TrackPointExtension>
      <gpxtpx:hr>142</gpxtpx:hr>
      <gpxtpx:cad>0</gpxtpx:cad>
     </gpxtpx:TrackPointExtension>
    </extensions>
   </trkpt>
   <trkpt lat="46.0016150" lon="9.8351740">
    <ele>2186.2</ele>
    <time>2025-11-01T11:55:43Z</time>
    <extensions>
     <power>0</power>
     <gpxtpx:TrackPointExtension>
      <gpxtpx:hr>142</gpxtpx:hr>
      <gpxtpx:cad>0</gpxtpx:cad>
     </gpxtpx:TrackPointExtension>
    </extensions>
   </trkpt>
   <trkpt lat="46.0016400" lon="9.8352750">
    <ele>2187.4</ele>
    <time>2025-11-01T11:55:53Z</time>
    <extensions>
     <power>0</power>
     <gpxtpx:TrackPointExtension>
      <gpxtpx:hr>142</gpxtpx:hr>
      <gpxtpx:cad>0</gpxtpx:cad>
     </gpxtpx:TrackPointExtension>
    </extensions>
   </trkpt>
   <trkpt lat="46.0016850" lon="9.8353660">
    <ele>2189.2</ele>
    <time>2025-11-01T11:56:03Z</time>
    <extensions>
     <power>345</power>
     <gpxtpx:TrackPointExtension>
      <gpxtpx:hr>143</gpxtpx:hr>
      <gpxtpx:cad>79</gpxtpx:cad>
     </gpxtpx:TrackPointExtension>
    </extensions>
   </trkpt>
   <trkpt lat="46.0017100" lon="9.8354430">
    <ele>2190.4</ele>
    <time>2025-11-01T11:56:13Z</time>
    <extensions>
     <power>0</power>
     <gpxtpx:TrackPointExtension>
      <gpxtpx:hr>142</gpxtpx:hr>
      <gpxtpx:cad>0</gpxtpx:cad>
     </gpxtpx:TrackPointExtension>
    </extensions>
   </trkpt>
   <trkpt lat="46.0017370" lon="9.8355380">
    <ele>2192.2</ele>
    <time>2025-11-01T11:56:23Z</time>
    <extensions>
     <power>0</power>
     <gpxtpx:TrackPointExtension>
      <gpxtpx:hr>142</gpxtpx:hr>
      <gpxtpx:cad>0</gpxtpx:cad>
     </gpxtpx:TrackPointExtension>
    </extensions>
   </trkpt>
   <trkpt lat="46.0017450" lon="9.8356540">
    <ele>2193.2</ele>
    <time>2025-11-01T11:56:33Z</time>
    <extensions>
     <power>0</power>
     <gpxtpx:TrackPointExtension>
      <gpxtpx:hr>142</gpxtpx:hr>
      <gpxtpx:cad>0</gpxtpx:cad>
     </gpxtpx:TrackPointExtension>
    </extensions>
   </trkpt>
   <trkpt lat="46.0017660" lon="9.8357220">
    <ele>2195.4</ele>
    <time>2025-11-01T11:56:43Z</time>
    <extensions>
     <power>0</power>
     <gpxtpx:TrackPointExtension>
      <gpxtpx:hr>145</gpxtpx:hr>
      <gpxtpx:cad>0</gpxtpx:cad>
     </gpxtpx:TrackPointExtension>
    </extensions>
   </trkpt>
   <trkpt lat="46.0017680" lon="9.8357880">
    <ele>2197.0</ele>
    <time>2025-11-01T11:56:53Z</time>
    <extensions>
     <power>0</power>
     <gpxtpx:TrackPointExtension>
      <gpxtpx:hr>139</gpxtpx:hr>
      <gpxtpx:cad>0</gpxtpx:cad>
     </gpxtpx:TrackPointExtension>
    </extensions>
   </trkpt>
   <trkpt lat="46.0018120" lon="9.8358190">
    <ele>2198.0</ele>
    <time>2025-11-01T11:57:03Z</time>
    <extensions>
     <power>0</power>
     <gpxtpx:TrackPointExtension>
      <gpxtpx:hr>140</gpxtpx:hr>
      <gpxtpx:cad>0</gpxtpx:cad>
     </gpxtpx:TrackPointExtension>
    </extensions>
   </trkpt>
   <trkpt lat="46.0018550" lon="9.8358990">
    <ele>2199.8</ele>
    <time>2025-11-01T11:57:13Z</time>
    <extensions>
     <power>0</power>
     <gpxtpx:TrackPointExtension>
      <gpxtpx:hr>143</gpxtpx:hr>
      <gpxtpx:cad>0</gpxtpx:cad>
     </gpxtpx:TrackPointExtension>
    </extensions>
   </trkpt>
   <trkpt lat="46.0018950" lon="9.8359440">
    <ele>2201.4</ele>
    <time>2025-11-01T11:57:23Z</time>
    <extensions>
     <power>0</power>
     <gpxtpx:TrackPointExtension>
      <gpxtpx:hr>144</gpxtpx:hr>
      <gpxtpx:cad>0</gpxtpx:cad>
     </gpxtpx:TrackPointExtension>
    </extensions>
   </trkpt>
   <trkpt lat="46.0019250" lon="9.8359890">
    <ele>2203.0</ele>
    <time>2025-11-01T11:57:33Z</time>
    <extensions>
     <power>0</power>
     <gpxtpx:TrackPointExtension>
      <gpxtpx:hr>143</gpxtpx:hr>
      <gpxtpx:cad>0</gpxtpx:cad>
     </gpxtpx:TrackPointExtension>
    </extensions>
   </trkpt>
   <trkpt lat="46.0019450" lon="9.8360410">
    <ele>2203.4</ele>
    <time>2025-11-01T11:57:43Z</time>
    <extensions>
     <power>0</power>
     <gpxtpx:TrackPointExtension>
      <gpxtpx:hr>141</gpxtpx:hr>
      <gpxtpx:cad>0</gpxtpx:cad>
     </gpxtpx:TrackPointExtension>
    </extensions>
   </trkpt>
   <trkpt lat="46.0019640" lon="9.8360940">
    <ele>2204.6</ele>
    <time>2025-11-01T11:57:53Z</time>
    <extensions>
     <power>0</power>
     <gpxtpx:TrackPointExtension>
      <gpxtpx:hr>138</gpxtpx:hr>
      <gpxtpx:cad>0</gpxtpx:cad>
     </gpxtpx:TrackPointExtension>
    </extensions>
   </trkpt>
   <trkpt lat="46.0019710" lon="9.8361790">
    <ele>2206.2</ele>
    <time>2025-11-01T11:58:03Z</time>
    <extensions>
     <power>291</power>
     <gpxtpx:TrackPointExtension>
      <gpxtpx:hr>140</gpxtpx:hr>
      <gpxtpx:cad>47</gpxtpx:cad>
     </gpxtpx:TrackPointExtension>
    </extensions>
   </trkpt>
   <trkpt lat="46.0019780" lon="9.8362100">
    <ele>2206.6</ele>
    <time>2025-11-01T11:58:13Z</time>
    <extensions>
     <power>0</power>
     <gpxtpx:TrackPointExtension>
      <gpxtpx:hr>139</gpxtpx:hr>
      <gpxtpx:cad>0</gpxtpx:cad>
     </gpxtpx:TrackPointExtension>
    </extensions>
   </trkpt>
   <trkpt lat="46.0020070" lon="9.8362410">
    <ele>2208.2</ele>
    <time>2025-11-01T11:58:23Z</time>
    <extensions>
     <power>0</power>
     <gpxtpx:TrackPointExtension>
      <gpxtpx:hr>139</gpxtpx:hr>
      <gpxtpx:cad>0</gpxtpx:cad>
     </gpxtpx:TrackPointExtension>
    </extensions>
   </trkpt>
   <trkpt lat="46.0020500" lon="9.8362840">
    <ele>2209.4</ele>
    <time>2025-11-01T11:58:33Z</time>
    <extensions>
     <power>0</power>
     <gpxtpx:TrackPointExtension>
      <gpxtpx:hr>139</gpxtpx:hr>
      <gpxtpx:cad>0</gpxtpx:cad>
     </gpxtpx:TrackPointExtension>
    </extensions>
   </trkpt>
   <trkpt lat="46.0020800" lon="9.8363600">
    <ele>2210.8</ele>
    <time>2025-11-01T11:58:43Z</time>
    <extensions>
     <power>0</power>
     <gpxtpx:TrackPointExtension>
      <gpxtpx:hr>139</gpxtpx:hr>
      <gpxtpx:cad>0</gpxtpx:cad>
     </gpxtpx:TrackPointExtension>
    </extensions>
   </trkpt>
   <trkpt lat="46.0021120" lon="9.8364230">
    <ele>2212.2</ele>
    <time>2025-11-01T11:58:52Z</time>
    <extensions>
     <power>225</power>
     <gpxtpx:TrackPointExtension>
      <gpxtpx:hr>137</gpxtpx:hr>
      <gpxtpx:cad>0</gpxtpx:cad>
     </gpxtpx:TrackPointExtension>
    </extensions>
   </trkpt>
   <trkpt lat="46.0021460" lon="9.8365150">
    <ele>2213.4</ele>
    <time>2025-11-01T11:59:02Z</time>
    <extensions>
     <power>0</power>
     <gpxtpx:TrackPointExtension>
      <gpxtpx:hr>139</gpxtpx:hr>
      <gpxtpx:cad>0</gpxtpx:cad>
     </gpxtpx:TrackPointExtension>
    </extensions>
   </trkpt>
   <trkpt lat="46.0021800" lon="9.8366060">
    <ele>2215.0</ele>
    <time>2025-11-01T11:59:12Z</time>
    <extensions>
     <power>0</power>
     <gpxtpx:TrackPointExtension>
      <gpxtpx:hr>138</gpxtpx:hr>
      <gpxtpx:cad>0</gpxtpx:cad>
     </gpxtpx:TrackPointExtension>
    </extensions>
   </trkpt>
   <trkpt lat="46.0022230" lon="9.8366790">
    <ele>2215.4</ele>
    <time>2025-11-01T11:59:22Z</time>
    <extensions>
     <power>0</power>
     <gpxtpx:TrackPointExtension>
      <gpxtpx:hr>138</gpxtpx:hr>
      <gpxtpx:cad>0</gpxtpx:cad>
     </gpxtpx:TrackPointExtension>
    </extensions>
   </trkpt>
   <trkpt lat="46.0022910" lon="9.8366720">
    <ele>2217.0</ele>
    <time>2025-11-01T11:59:32Z</time>
    <extensions>
     <power>0</power>
     <gpxtpx:TrackPointExtension>
      <gpxtpx:hr>138</gpxtpx:hr>
      <gpxtpx:cad>0</gpxtpx:cad>
     </gpxtpx:TrackPointExtension>
    </extensions>
   </trkpt>
   <trkpt lat="46.0023160" lon="9.8366750">
    <ele>2217.6</ele>
    <time>2025-11-01T11:59:42Z</time>
    <extensions>
     <power>0</power>
     <gpxtpx:TrackPointExtension>
      <gpxtpx:hr>137</gpxtpx:hr>
      <gpxtpx:cad>0</gpxtpx:cad>
     </gpxtpx:TrackPointExtension>
    </extensions>
   </trkpt>
   <trkpt lat="46.0023440" lon="9.8367260">
    <ele>2219.0</ele>
    <time>2025-11-01T11:59:52Z</time>
    <extensions>
     <power>0</power>
     <gpxtpx:TrackPointExtension>
      <gpxtpx:hr>137</gpxtpx:hr>
      <gpxtpx:cad>0</gpxtpx:cad>
     </gpxtpx:TrackPointExtension>
    </extensions>
   </trkpt>
   <trkpt lat="46.0024080" lon="9.8367350">
    <ele>2220.8</ele>
    <time>2025-11-01T12:00:02Z</time>
    <extensions>
     <power>0</power>
     <gpxtpx:TrackPointExtension>
      <gpxtpx:hr>141</gpxtpx:hr>
      <gpxtpx:cad>0</gpxtpx:cad>
     </gpxtpx:TrackPointExtension>
    </extensions>
   </trkpt>
   <trkpt lat="46.0024220" lon="9.8368410">
    <ele>2222.4</ele>
    <time>2025-11-01T12:00:12Z</time>
    <extensions>
     <power>0</power>
     <gpxtpx:TrackPointExtension>
      <gpxtpx:hr>142</gpxtpx:hr>
      <gpxtpx:cad>0</gpxtpx:cad>
     </gpxtpx:TrackPointExtension>
    </extensions>
   </trkpt>
   <trkpt lat="46.0024360" lon="9.8369480">
    <ele>2224.2</ele>
    <time>2025-11-01T12:00:22Z</time>
    <extensions>
     <power>390</power>
     <gpxtpx:TrackPointExtension>
      <gpxtpx:hr>144</gpxtpx:hr>
      <gpxtpx:cad>0</gpxtpx:cad>
     </gpxtpx:TrackPointExtension>
    </extensions>
   </trkpt>
   <trkpt lat="46.0024660" lon="9.8370740">
    <ele>2225.2</ele>
    <time>2025-11-01T12:00:32Z</time>
    <extensions>
     <power>405</power>
     <gpxtpx:TrackPointExtension>
      <gpxtpx:hr>148</gpxtpx:hr>
      <gpxtpx:cad>80</gpxtpx:cad>
     </gpxtpx:TrackPointExtension>
    </extensions>
   </trkpt>
   <trkpt lat="46.0024770" lon="9.8371630">
    <ele>2226.6</ele>
    <time>2025-11-01T12:00:42Z</time>
    <extensions>
     <power>0</power>
     <gpxtpx:TrackPointExtension>
      <gpxtpx:hr>140</gpxtpx:hr>
      <gpxtpx:cad>0</gpxtpx:cad>
     </gpxtpx:TrackPointExtension>
    </extensions>
   </trkpt>
   <trkpt lat="46.0024830" lon="9.8372400">
    <ele>2228.6</ele>
    <time>2025-11-01T12:00:52Z</time>
    <extensions>
     <power>80</power>
     <gpxtpx:TrackPointExtension>
      <gpxtpx:hr>141</gpxtpx:hr>
      <gpxtpx:cad>71</gpxtpx:cad>
     </gpxtpx:TrackPointExtension>
    </extensions>
   </trkpt>
   <trkpt lat="46.0024860" lon="9.8373170">
    <ele>2230.2</ele>
    <time>2025-11-01T12:01:02Z</time>
    <extensions>
     <power>0</power>
     <gpxtpx:TrackPointExtension>
      <gpxtpx:hr>143</gpxtpx:hr>
      <gpxtpx:cad>0</gpxtpx:cad>
     </gpxtpx:TrackPointExtension>
    </extensions>
   </trkpt>
   <trkpt lat="46.0025220" lon="9.8373860">
    <ele>2231.8</ele>
    <time>2025-11-01T12:01:12Z</time>
    <extensions>
     <power>0</power>
     <gpxtpx:TrackPointExtension>
      <gpxtpx:hr>143</gpxtpx:hr>
      <gpxtpx:cad>0</gpxtpx:cad>
     </gpxtpx:TrackPointExtension>
    </extensions>
   </trkpt>
   <trkpt lat="46.0025500" lon="9.8374630">
    <ele>2233.2</ele>
    <time>2025-11-01T12:01:22Z</time>
    <extensions>
     <power>0</power>
     <gpxtpx:TrackPointExtension>
      <gpxtpx:hr>145</gpxtpx:hr>
      <gpxtpx:cad>0</gpxtpx:cad>
     </gpxtpx:TrackPointExtension>
    </extensions>
   </trkpt>
   <trkpt lat="46.0025790" lon="9.8375040">
    <ele>2234.2</ele>
    <time>2025-11-01T12:01:32Z</time>
    <extensions>
     <power>0</power>
     <gpxtpx:TrackPointExtension>
      <gpxtpx:hr>144</gpxtpx:hr>
      <gpxtpx:cad>0</gpxtpx:cad>
     </gpxtpx:TrackPointExtension>
    </extensions>
   </trkpt>
   <trkpt lat="46.0026140" lon="9.8375330">
    <ele>2236.2</ele>
    <time>2025-11-01T12:01:42Z</time>
    <extensions>
     <power>0</power>
     <gpxtpx:TrackPointExtension>
      <gpxtpx:hr>142</gpxtpx:hr>
      <gpxtpx:cad>0</gpxtpx:cad>
     </gpxtpx:TrackPointExtension>
    </extensions>
   </trkpt>
   <trkpt lat="46.0026520" lon="9.8375790">
    <ele>2236.6</ele>
    <time>2025-11-01T12:01:52Z</time>
    <extensions>
     <power>0</power>
     <gpxtpx:TrackPointExtension>
      <gpxtpx:hr>141</gpxtpx:hr>
      <gpxtpx:cad>0</gpxtpx:cad>
     </gpxtpx:TrackPointExtension>
    </extensions>
   </trkpt>
   <trkpt lat="46.0026790" lon="9.8376360">
    <ele>2238.8</ele>
    <time>2025-11-01T12:02:02Z</time>
    <extensions>
     <power>0</power>
     <gpxtpx:TrackPointExtension>
      <gpxtpx:hr>141</gpxtpx:hr>
      <gpxtpx:cad>0</gpxtpx:cad>
     </gpxtpx:TrackPointExtension>
    </extensions>
   </trkpt>
   <trkpt lat="46.0026990" lon="9.8376740">
    <ele>2240.4</ele>
    <time>2025-11-01T12:02:12Z</time>
    <extensions>
     <power>0</power>
     <gpxtpx:TrackPointExtension>
      <gpxtpx:hr>143</gpxtpx:hr>
      <gpxtpx:cad>0</gpxtpx:cad>
     </gpxtpx:TrackPointExtension>
    </extensions>
   </trkpt>
   <trkpt lat="46.0027400" lon="9.8377200">
    <ele>2242.2</ele>
    <time>2025-11-01T12:02:22Z</time>
    <extensions>
     <power>167</power>
     <gpxtpx:TrackPointExtension>
      <gpxtpx:hr>143</gpxtpx:hr>
      <gpxtpx:cad>69</gpxtpx:cad>
     </gpxtpx:TrackPointExtension>
    </extensions>
   </trkpt>
   <trkpt lat="46.0027790" lon="9.8378040">
    <ele>2244.0</ele>
    <time>2025-11-01T12:02:32Z</time>
    <extensions>
     <power>0</power>
     <gpxtpx:TrackPointExtension>
      <gpxtpx:hr>144</gpxtpx:hr>
      <gpxtpx:cad>0</gpxtpx:cad>
     </gpxtpx:TrackPointExtension>
    </extensions>
   </trkpt>
   <trkpt lat="46.0028170" lon="9.8378630">
    <ele>2245.6</ele>
    <time>2025-11-01T12:02:42Z</time>
    <extensions>
     <power>0</power>
     <gpxtpx:TrackPointExtension>
      <gpxtpx:hr>143</gpxtpx:hr>
      <gpxtpx:cad>0</gpxtpx:cad>
     </gpxtpx:TrackPointExtension>
    </extensions>
   </trkpt>
   <trkpt lat="46.0028390" lon="9.8379110">
    <ele>2247.2</ele>
    <time>2025-11-01T12:02:52Z</time>
    <extensions>
     <power>0</power>
     <gpxtpx:TrackPointExtension>
      <gpxtpx:hr>143</gpxtpx:hr>
      <gpxtpx:cad>0</gpxtpx:cad>
     </gpxtpx:TrackPointExtension>
    </extensions>
   </trkpt>
   <trkpt lat="46.0028850" lon="9.8379680">
    <ele>2248.6</ele>
    <time>2025-11-01T12:03:02Z</time>
    <extensions>
     <power>0</power>
     <gpxtpx:TrackPointExtension>
      <gpxtpx:hr>143</gpxtpx:hr>
      <gpxtpx:cad>0</gpxtpx:cad>
     </gpxtpx:TrackPointExtension>
    </extensions>
   </trkpt>
   <trkpt lat="46.0029130" lon="9.8380190">
    <ele>2250.0</ele>
    <time>2025-11-01T12:03:12Z</time>
    <extensions>
     <power>0</power>
     <gpxtpx:TrackPointExtension>
      <gpxtpx:hr>144</gpxtpx:hr>
      <gpxtpx:cad>0</gpxtpx:cad>
     </gpxtpx:TrackPointExtension>
    </extensions>
   </trkpt>
   <trkpt lat="46.0029680" lon="9.8380450">
    <ele>2252.4</ele>
    <time>2025-11-01T12:03:22Z</time>
    <extensions>
     <power>0</power>
     <gpxtpx:TrackPointExtension>
      <gpxtpx:hr>146</gpxtpx:hr>
      <gpxtpx:cad>0</gpxtpx:cad>
     </gpxtpx:TrackPointExtension>
    </extensions>
   </trkpt>
   <trkpt lat="46.0030050" lon="9.8380950">
    <ele>2254.0</ele>
    <time>2025-11-01T12:03:32Z</time>
    <extensions>
     <power>0</power>
     <gpxtpx:TrackPointExtension>
      <gpxtpx:hr>144</gpxtpx:hr>
      <gpxtpx:cad>0</gpxtpx:cad>
     </gpxtpx:TrackPointExtension>
    </extensions>
   </trkpt>
   <trkpt lat="46.0030450" lon="9.8381330">
    <ele>2255.8</ele>
    <time>2025-11-01T12:03:42Z</time>
    <extensions>
     <power>0</power>
     <gpxtpx:TrackPointExtension>
      <gpxtpx:hr>147</gpxtpx:hr>
      <gpxtpx:cad>0</gpxtpx:cad>
     </gpxtpx:TrackPointExtension>
    </extensions>
   </trkpt>
   <trkpt lat="46.0030900" lon="9.8381820">
    <ele>2257.2</ele>
    <time>2025-11-01T12:03:52Z</time>
    <extensions>
     <power>0</power>
     <gpxtpx:TrackPointExtension>
      <gpxtpx:hr>148</gpxtpx:hr>
      <gpxtpx:cad>0</gpxtpx:cad>
     </gpxtpx:TrackPointExtension>
    </extensions>
   </trkpt>
   <trkpt lat="46.0030990" lon="9.8382440">
    <ele>2258.0</ele>
    <time>2025-11-01T12:04:02Z</time>
    <extensions>
     <power>0</power>
     <gpxtpx:TrackPointExtension>
      <gpxtpx:hr>147</gpxtpx:hr>
      <gpxtpx:cad>0</gpxtpx:cad>
     </gpxtpx:TrackPointExtension>
    </extensions>
   </trkpt>
   <trkpt lat="46.0031070" lon="9.8382880">
    <ele>2259.6</ele>
    <time>2025-11-01T12:04:11Z</time>
    <extensions>
     <power>0</power>
     <gpxtpx:TrackPointExtension>
      <gpxtpx:hr>145</gpxtpx:hr>
      <gpxtpx:cad>0</gpxtpx:cad>
     </gpxtpx:TrackPointExtension>
    </extensions>
   </trkpt>
   <trkpt lat="46.0031200" lon="9.8383550">
    <ele>2261.4</ele>
    <time>2025-11-01T12:04:21Z</time>
    <extensions>
     <power>0</power>
     <gpxtpx:TrackPointExtension>
      <gpxtpx:hr>144</gpxtpx:hr>
      <gpxtpx:cad>0</gpxtpx:cad>
     </gpxtpx:TrackPointExtension>
    </extensions>
   </trkpt>
   <trkpt lat="46.0031330" lon="9.8384180">
    <ele>2263.2</ele>
    <time>2025-11-01T12:04:31Z</time>
    <extensions>
     <power>0</power>
     <gpxtpx:TrackPointExtension>
      <gpxtpx:hr>143</gpxtpx:hr>
      <gpxtpx:cad>0</gpxtpx:cad>
     </gpxtpx:TrackPointExtension>
    </extensions>
   </trkpt>
   <trkpt lat="46.0031270" lon="9.8384840">
    <ele>2264.8</ele>
    <time>2025-11-01T12:04:41Z</time>
    <extensions>
     <power>0</power>
     <gpxtpx:TrackPointExtension>
      <gpxtpx:hr>144</gpxtpx:hr>
      <gpxtpx:cad>0</gpxtpx:cad>
     </gpxtpx:TrackPointExtension>
    </extensions>
   </trkpt>
   <trkpt lat="46.0031200" lon="9.8385490">
    <ele>2267.0</ele>
    <time>2025-11-01T12:04:51Z</time>
    <extensions>
     <power>0</power>
     <gpxtpx:TrackPointExtension>
      <gpxtpx:hr>146</gpxtpx:hr>
      <gpxtpx:cad>0</gpxtpx:cad>
     </gpxtpx:TrackPointExtension>
    </extensions>
   </trkpt>
   <trkpt lat="46.0031380" lon="9.8385940">
    <ele>2268.8</ele>
    <time>2025-11-01T12:05:01Z</time>
    <extensions>
     <power>0</power>
     <gpxtpx:TrackPointExtension>
      <gpxtpx:hr>145</gpxtpx:hr>
      <gpxtpx:cad>0</gpxtpx:cad>
     </gpxtpx:TrackPointExtension>
    </extensions>
   </trkpt>
   <trkpt lat="46.0031960" lon="9.8385720">
    <ele>2269.8</ele>
    <time>2025-11-01T12:05:11Z</time>
    <extensions>
     <power>0</power>
     <gpxtpx:TrackPointExtension>
      <gpxtpx:hr>145</gpxtpx:hr>
      <gpxtpx:cad>0</gpxtpx:cad>
     </gpxtpx:TrackPointExtension>
    </extensions>
   </trkpt>
   <trkpt lat="46.0032530" lon="9.8385800">
    <ele>2271.6</ele>
    <time>2025-11-01T12:05:21Z</time>
    <extensions>
     <power>0</power>
     <gpxtpx:TrackPointExtension>
      <gpxtpx:hr>146</gpxtpx:hr>
      <gpxtpx:cad>0</gpxtpx:cad>
     </gpxtpx:TrackPointExtension>
    </extensions>
   </trkpt>
   <trkpt lat="46.0032410" lon="9.8386600">
    <ele>2272.4</ele>
    <time>2025-11-01T12:05:31Z</time>
    <extensions>
     <power>0</power>
     <gpxtpx:TrackPointExtension>
      <gpxtpx:hr>152</gpxtpx:hr>
      <gpxtpx:cad>0</gpxtpx:cad>
     </gpxtpx:TrackPointExtension>
    </extensions>
   </trkpt>
   <trkpt lat="46.0032380" lon="9.8387220">
    <ele>2274.2</ele>
    <time>2025-11-01T12:05:41Z</time>
    <extensions>
     <power>0</power>
     <gpxtpx:TrackPointExtension>
      <gpxtpx:hr>145</gpxtpx:hr>
      <gpxtpx:cad>0</gpxtpx:cad>
     </gpxtpx:TrackPointExtension>
    </extensions>
   </trkpt>
   <trkpt lat="46.0032680" lon="9.8387230">
    <ele>2275.6</ele>
    <time>2025-11-01T12:05:51Z</time>
    <extensions>
     <power>0</power>
     <gpxtpx:TrackPointExtension>
      <gpxtpx:hr>145</gpxtpx:hr>
      <gpxtpx:cad>0</gpxtpx:cad>
     </gpxtpx:TrackPointExtension>
    </extensions>
   </trkpt>
   <trkpt lat="46.0033280" lon="9.8387060">
    <ele>2277.2</ele>
    <time>2025-11-01T12:06:01Z</time>
    <extensions>
     <power>0</power>
     <gpxtpx:TrackPointExtension>
      <gpxtpx:hr>145</gpxtpx:hr>
      <gpxtpx:cad>0</gpxtpx:cad>
     </gpxtpx:TrackPointExtension>
    </extensions>
   </trkpt>
   <trkpt lat="46.0033530" lon="9.8387570">
    <ele>2279.2</ele>
    <time>2025-11-01T12:06:11Z</time>
    <extensions>
     <power>0</power>
     <gpxtpx:TrackPointExtension>
      <gpxtpx:hr>146</gpxtpx:hr>
      <gpxtpx:cad>0</gpxtpx:cad>
     </gpxtpx:TrackPointExtension>
    </extensions>
   </trkpt>
   <trkpt lat="46.0033540" lon="9.8388120">
    <ele>2280.2</ele>
    <time>2025-11-01T12:06:21Z</time>
    <extensions>
     <power>0</power>
     <gpxtpx:TrackPointExtension>
      <gpxtpx:hr>146</gpxtpx:hr>
      <gpxtpx:cad>0</gpxtpx:cad>
     </gpxtpx:TrackPointExtension>
    </extensions>
   </trkpt>
   <trkpt lat="46.0033300" lon="9.8388640">
    <ele>2281.8</ele>
    <time>2025-11-01T12:06:31Z</time>
    <extensions>
     <power>0</power>
     <gpxtpx:TrackPointExtension>
      <gpxtpx:hr>145</gpxtpx:hr>
      <gpxtpx:cad>0</gpxtpx:cad>
     </gpxtpx:TrackPointExtension>
    </extensions>
   </trkpt>
   <trkpt lat="46.0033430" lon="9.8389160">
    <ele>2283.0</ele>
    <time>2025-11-01T12:06:41Z</time>
    <extensions>
     <power>0</power>
     <gpxtpx:TrackPointExtension>
      <gpxtpx:hr>145</gpxtpx:hr>
      <gpxtpx:cad>0</gpxtpx:cad>
     </gpxtpx:TrackPointExtension>
    </extensions>
   </trkpt>
   <trkpt lat="46.0033350" lon="9.8389730">
    <ele>2284.6</ele>
    <time>2025-11-01T12:06:51Z</time>
    <extensions>
     <power>0</power>
     <gpxtpx:TrackPointExtension>
      <gpxtpx:hr>146</gpxtpx:hr>
      <gpxtpx:cad>0</gpxtpx:cad>
     </gpxtpx:TrackPointExtension>
    </extensions>
   </trkpt>
   <trkpt lat="46.0033680" lon="9.8389850">
    <ele>2285.6</ele>
    <time>2025-11-01T12:07:01Z</time>
    <extensions>
     <power>0</power>
     <gpxtpx:TrackPointExtension>
      <gpxtpx:hr>145</gpxtpx:hr>
      <gpxtpx:cad>0</gpxtpx:cad>
     </gpxtpx:TrackPointExtension>
    </extensions>
   </trkpt>
   <trkpt lat="46.0034050" lon="9.8389870">
    <ele>2287.4</ele>
    <time>2025-11-01T12:07:11Z</time>
    <extensions>
     <power>0</power>
     <gpxtpx:TrackPointExtension>
      <gpxtpx:hr>143</gpxtpx:hr>
      <gpxtpx:cad>0</gpxtpx:cad>
     </gpxtpx:TrackPointExtension>
    </extensions>
   </trkpt>
   <trkpt lat="46.0034530" lon="9.8390110">
    <ele>2289.2</ele>
    <time>2025-11-01T12:07:21Z</time>
    <extensions>
     <power>0</power>
     <gpxtpx:TrackPointExtension>
      <gpxtpx:hr>144</gpxtpx:hr>
      <gpxtpx:cad>0</gpxtpx:cad>
     </gpxtpx:TrackPointExtension>
    </extensions>
   </trkpt>
   <trkpt lat="46.0034440" lon="9.8390670">
    <ele>2291.2</ele>
    <time>2025-11-01T12:07:31Z</time>
    <extensions>
     <power>0</power>
     <gpxtpx:TrackPointExtension>
      <gpxtpx:hr>143</gpxtpx:hr>
      <gpxtpx:cad>0</gpxtpx:cad>
     </gpxtpx:TrackPointExtension>
    </extensions>
   </trkpt>
   <trkpt lat="46.0034340" lon="9.8390980">
    <ele>2292.6</ele>
    <time>2025-11-01T12:07:41Z</time>
    <extensions>
     <power>0</power>
     <gpxtpx:TrackPointExtension>
      <gpxtpx:hr>143</gpxtpx:hr>
      <gpxtpx:cad>0</gpxtpx:cad>
     </gpxtpx:TrackPointExtension>
    </extensions>
   </trkpt>
   <trkpt lat="46.0034200" lon="9.8391480">
    <ele>2293.2</ele>
    <time>2025-11-01T12:07:51Z</time>
    <extensions>
     <power>0</power>
     <gpxtpx:TrackPointExtension>
      <gpxtpx:hr>143</gpxtpx:hr>
      <gpxtpx:cad>0</gpxtpx:cad>
     </gpxtpx:TrackPointExtension>
    </extensions>
   </trkpt>
   <trkpt lat="46.0034170" lon="9.8392090">
    <ele>2294.8</ele>
    <time>2025-11-01T12:08:01Z</time>
    <extensions>
     <power>0</power>
     <gpxtpx:TrackPointExtension>
      <gpxtpx:hr>143</gpxtpx:hr>
      <gpxtpx:cad>0</gpxtpx:cad>
     </gpxtpx:TrackPointExtension>
    </extensions>
   </trkpt>
   <trkpt lat="46.0033980" lon="9.8392970">
    <ele>2297.0</ele>
    <time>2025-11-01T12:08:11Z</time>
    <extensions>
     <power>0</power>
     <gpxtpx:TrackPointExtension>
      <gpxtpx:hr>143</gpxtpx:hr>
      <gpxtpx:cad>0</gpxtpx:cad>
     </gpxtpx:TrackPointExtension>
    </extensions>
   </trkpt>
   <trkpt lat="46.0034090" lon="9.8393040">
    <ele>2299.0</ele>
    <time>2025-11-01T12:08:21Z</time>
    <extensions>
     <power>0</power>
     <gpxtpx:TrackPointExtension>
      <gpxtpx:hr>148</gpxtpx:hr>
      <gpxtpx:cad>0</gpxtpx:cad>
     </gpxtpx:TrackPointExtension>
    </extensions>
   </trkpt>
   <trkpt lat="46.0034630" lon="9.8393390">
    <ele>2300.2</ele>
    <time>2025-11-01T12:08:31Z</time>
    <extensions>
     <power>0</power>
     <gpxtpx:TrackPointExtension>
      <gpxtpx:hr>146</gpxtpx:hr>
      <gpxtpx:cad>0</gpxtpx:cad>
     </gpxtpx:TrackPointExtension>
    </extensions>
   </trkpt>
   <trkpt lat="46.0034760" lon="9.8394160">
    <ele>2302.6</ele>
    <time>2025-11-01T12:08:41Z</time>
    <extensions>
     <power>0</power>
     <gpxtpx:TrackPointExtension>
      <gpxtpx:hr>147</gpxtpx:hr>
      <gpxtpx:cad>0</gpxtpx:cad>
     </gpxtpx:TrackPointExtension>
    </extensions>
   </trkpt>
   <trkpt lat="46.0034840" lon="9.8394810">
    <ele>2304.2</ele>
    <time>2025-11-01T12:08:51Z</time>
    <extensions>
     <power>0</power>
     <gpxtpx:TrackPointExtension>
      <gpxtpx:hr>145</gpxtpx:hr>
      <gpxtpx:cad>0</gpxtpx:cad>
     </gpxtpx:TrackPointExtension>
    </extensions>
   </trkpt>
   <trkpt lat="46.0034860" lon="9.8395460">
    <ele>2305.6</ele>
    <time>2025-11-01T12:09:01Z</time>
    <extensions>
     <power>0</power>
     <gpxtpx:TrackPointExtension>
      <gpxtpx:hr>146</gpxtpx:hr>
      <gpxtpx:cad>0</gpxtpx:cad>
     </gpxtpx:TrackPointExtension>
    </extensions>
   </trkpt>
   <trkpt lat="46.0035230" lon="9.8395850">
    <ele>2308.2</ele>
    <time>2025-11-01T12:09:11Z</time>
    <extensions>
     <power>0</power>
     <gpxtpx:TrackPointExtension>
      <gpxtpx:hr>143</gpxtpx:hr>
      <gpxtpx:cad>0</gpxtpx:cad>
     </gpxtpx:TrackPointExtension>
    </extensions>
   </trkpt>
   <trkpt lat="46.0035550" lon="9.8396300">
    <ele>2309.6</ele>
    <time>2025-11-01T12:09:21Z</time>
    <extensions>
     <power>0</power>
     <gpxtpx:TrackPointExtension>
      <gpxtpx:hr>145</gpxtpx:hr>
      <gpxtpx:cad>0</gpxtpx:cad>
     </gpxtpx:TrackPointExtension>
    </extensions>
   </trkpt>
   <trkpt lat="46.0035840" lon="9.8397310">
    <ele>2310.6</ele>
    <time>2025-11-01T12:09:31Z</time>
    <extensions>
     <power>0</power>
     <gpxtpx:TrackPointExtension>
      <gpxtpx:hr>146</gpxtpx:hr>
      <gpxtpx:cad>0</gpxtpx:cad>
     </gpxtpx:TrackPointExtension>
    </extensions>
   </trkpt>
   <trkpt lat="46.0036000" lon="9.8398270">
    <ele>2311.4</ele>
    <time>2025-11-01T12:09:40Z</time>
    <extensions>
     <power>0</power>
     <gpxtpx:TrackPointExtension>
      <gpxtpx:hr>147</gpxtpx:hr>
      <gpxtpx:cad>0</gpxtpx:cad>
     </gpxtpx:TrackPointExtension>
    </extensions>
   </trkpt>
   <trkpt lat="46.0036140" lon="9.8399240">
    <ele>2311.0</ele>
    <time>2025-11-01T12:09:50Z</time>
    <extensions>
     <power>0</power>
     <gpxtpx:TrackPointExtension>
      <gpxtpx:hr>143</gpxtpx:hr>
      <gpxtpx:cad>0</gpxtpx:cad>
     </gpxtpx:TrackPointExtension>
    </extensions>
   </trkpt>
   <trkpt lat="46.0036570" lon="9.8400080">
    <ele>2310.0</ele>
    <time>2025-11-01T12:10:00Z</time>
    <extensions>
     <power>357</power>
     <gpxtpx:TrackPointExtension>
      <gpxtpx:hr>142</gpxtpx:hr>
      <gpxtpx:cad>50</gpxtpx:cad>
     </gpxtpx:TrackPointExtension>
    </extensions>
   </trkpt>
   <trkpt lat="46.0036550" lon="9.8400220">
    <ele>2310.2</ele>
    <time>2025-11-01T12:10:10Z</time>
    <extensions>
     <power>0</power>
     <gpxtpx:TrackPointExtension>
      <gpxtpx:hr>139</gpxtpx:hr>
      <gpxtpx:cad>0</gpxtpx:cad>
     </gpxtpx:TrackPointExtension>
    </extensions>
   </trkpt>
   <trkpt lat="46.0036570" lon="9.8400280">
    <ele>2310.0</ele>
    <time>2025-11-01T12:10:20Z</time>
    <extensions>
     <power>0</power>
     <gpxtpx:TrackPointExtension>
      <gpxtpx:hr>138</gpxtpx:hr>
      <gpxtpx:cad>0</gpxtpx:cad>
     </gpxtpx:TrackPointExtension>
    </extensions>
   </trkpt>
   <trkpt lat="46.0036660" lon="9.8400550">
    <ele>2309.2</ele>
    <time>2025-11-01T12:10:30Z</time>
    <extensions>
     <power>0</power>
     <gpxtpx:TrackPointExtension>
      <gpxtpx:hr>139</gpxtpx:hr>
      <gpxtpx:cad>0</gpxtpx:cad>
     </gpxtpx:TrackPointExtension>
    </extensions>
   </trkpt>
   <trkpt lat="46.0036720" lon="9.8400620">
    <ele>2309.2</ele>
    <time>2025-11-01T12:10:40Z</time>
    <extensions>
     <power>0</power>
     <gpxtpx:TrackPointExtension>
      <gpxtpx:hr>128</gpxtpx:hr>
      <gpxtpx:cad>0</gpxtpx:cad>
     </gpxtpx:TrackPointExtension>
    </extensions>
   </trkpt>
   <trkpt lat="46.0037290" lon="9.8401140">
    <ele>2307.2</ele>
    <time>2025-11-01T12:10:50Z</time>
    <extensions>
     <power>0</power>
     <gpxtpx:TrackPointExtension>
      <gpxtpx:hr>125</gpxtpx:hr>
      <gpxtpx:cad>0</gpxtpx:cad>
     </gpxtpx:TrackPointExtension>
    </extensions>
   </trkpt>
   <trkpt lat="46.0038090" lon="9.8401300">
    <ele>2304.6</ele>
    <time>2025-11-01T12:11:00Z</time>
    <extensions>
     <power>0</power>
     <gpxtpx:TrackPointExtension>
      <gpxtpx:hr>124</gpxtpx:hr>
      <gpxtpx:cad>41</gpxtpx:cad>
     </gpxtpx:TrackPointExtension>
    </extensions>
   </trkpt>
   <trkpt lat="46.0038100" lon="9.8401480">
    <ele>2303.0</ele>
    <time>2025-11-01T12:11:10Z</time>
    <extensions>
     <power>0</power>
     <gpxtpx:TrackPointExtension>
      <gpxtpx:hr>124</gpxtpx:hr>
      <gpxtpx:cad>0</gpxtpx:cad>
     </gpxtpx:TrackPointExtension>
    </extensions>
   </trkpt>
   <trkpt lat="46.0038090" lon="9.8401490">
    <ele>2303.0</ele>
    <time>2025-11-01T12:11:20Z</time>
    <extensions>
     <power>0</power>
     <gpxtpx:TrackPointExtension>
      <gpxtpx:hr>122</gpxtpx:hr>
      <gpxtpx:cad>0</gpxtpx:cad>
     </gpxtpx:TrackPointExtension>
    </extensions>
   </trkpt>
   <trkpt lat="46.0038060" lon="9.8401520">
    <ele>2303.4</ele>
    <time>2025-11-01T12:11:30Z</time>
    <extensions>
     <power>0</power>
     <gpxtpx:TrackPointExtension>
      <gpxtpx:hr>120</gpxtpx:hr>
      <gpxtpx:cad>0</gpxtpx:cad>
     </gpxtpx:TrackPointExtension>
    </extensions>
   </trkpt>
   <trkpt lat="46.0038030" lon="9.8401550">
    <ele>2303.8</ele>
    <time>2025-11-01T12:11:40Z</time>
    <extensions>
     <power>0</power>
     <gpxtpx:TrackPointExtension>
      <gpxtpx:hr>124</gpxtpx:hr>
      <gpxtpx:cad>0</gpxtpx:cad>
     </gpxtpx:TrackPointExtension>
    </extensions>
   </trkpt>
   <trkpt lat="46.0037990" lon="9.8402280">
    <ele>2302.8</ele>
    <time>2025-11-01T12:11:50Z</time>
    <extensions>
     <power>0</power>
     <gpxtpx:TrackPointExtension>
      <gpxtpx:hr>123</gpxtpx:hr>
      <gpxtpx:cad>0</gpxtpx:cad>
     </gpxtpx:TrackPointExtension>
    </extensions>
   </trkpt>
   <trkpt lat="46.0038470" lon="9.8402780">
    <ele>2299.4</ele>
    <time>2025-11-01T12:12:00Z</time>
    <extensions>
     <power>0</power>
     <gpxtpx:TrackPointExtension>
      <gpxtpx:hr>123</gpxtpx:hr>
      <gpxtpx:cad>0</gpxtpx:cad>
     </gpxtpx:TrackPointExtension>
    </extensions>
   </trkpt>
   <trkpt lat="46.0038540" lon="9.8403370">
    <ele>2296.8</ele>
    <time>2025-11-01T12:12:10Z</time>
    <extensions>
     <power>0</power>
     <gpxtpx:TrackPointExtension>
      <gpxtpx:hr>123</gpxtpx:hr>
      <gpxtpx:cad>0</gpxtpx:cad>
     </gpxtpx:TrackPointExtension>
    </extensions>
   </trkpt>
   <trkpt lat="46.0038540" lon="9.8403930">
    <ele>2295.2</ele>
    <time>2025-11-01T12:12:20Z</time>
    <extensions>
     <power>0</power>
     <gpxtpx:TrackPointExtension>
      <gpxtpx:hr>118</gpxtpx:hr>
      <gpxtpx:cad>0</gpxtpx:cad>
     </gpxtpx:TrackPointExtension>
    </extensions>
   </trkpt>
   <trkpt lat="46.0038940" lon="9.8404320">
    <ele>2292.6</ele>
    <time>2025-11-01T12:12:30Z</time>
    <extensions>
     <power>0</power>
     <gpxtpx:TrackPointExtension>
      <gpxtpx:hr>120</gpxtpx:hr>
      <gpxtpx:cad>0</gpxtpx:cad>
     </gpxtpx:TrackPointExtension>
    </extensions>
   </trkpt>
   <trkpt lat="46.0039190" lon="9.8405140">
    <ele>2289.8</ele>
    <time>2025-11-01T12:12:40Z</time>
    <extensions>
     <power>0</power>
     <gpxtpx:TrackPointExtension>
      <gpxtpx:hr>116</gpxtpx:hr>
      <gpxtpx:cad>0</gpxtpx:cad>
     </gpxtpx:TrackPointExtension>
    </extensions>
   </trkpt>
   <trkpt lat="46.0039370" lon="9.8406370">
    <ele>2286.4</ele>
    <time>2025-11-01T12:12:50Z</time>
    <extensions>
     <power>0</power>
     <gpxtpx:TrackPointExtension>
      <gpxtpx:hr>115</gpxtpx:hr>
      <gpxtpx:cad>0</gpxtpx:cad>
     </gpxtpx:TrackPointExtension>
    </extensions>
   </trkpt>
   <trkpt lat="46.0039780" lon="9.8407420">
    <ele>2283.4</ele>
    <time>2025-11-01T12:13:00Z</time>
    <extensions>
     <power>0</power>
     <gpxtpx:TrackPointExtension>
      <gpxtpx:hr>112</gpxtpx:hr>
      <gpxtpx:cad>0</gpxtpx:cad>
     </gpxtpx:TrackPointExtension>
    </extensions>
   </trkpt>
   <trkpt lat="46.0039830" lon="9.8408610">
    <ele>2280.8</ele>
    <time>2025-11-01T12:13:10Z</time>
    <extensions>
     <power>0</power>
     <gpxtpx:TrackPointExtension>
      <gpxtpx:hr>110</gpxtpx:hr>
      <gpxtpx:cad>0</gpxtpx:cad>
     </gpxtpx:TrackPointExtension>
    </extensions>
   </trkpt>
   <trkpt lat="46.0039850" lon="9.8410070">
    <ele>2277.8</ele>
    <time>2025-11-01T12:13:20Z</time>
    <extensions>
     <power>0</power>
     <gpxtpx:TrackPointExtension>
      <gpxtpx:hr>108</gpxtpx:hr>
      <gpxtpx:cad>0</gpxtpx:cad>
     </gpxtpx:TrackPointExtension>
    </extensions>
   </trkpt>
   <trkpt lat="46.0039830" lon="9.8411690">
    <ele>2274.2</ele>
    <time>2025-11-01T12:13:30Z</time>
    <extensions>
     <power>137</power>
     <gpxtpx:TrackPointExtension>
      <gpxtpx:hr>106</gpxtpx:hr>
      <gpxtpx:cad>80</gpxtpx:cad>
     </gpxtpx:TrackPointExtension>
    </extensions>
   </trkpt>
   <trkpt lat="46.0039670" lon="9.8413360">
    <ele>2271.0</ele>
    <time>2025-11-01T12:13:40Z</time>
    <extensions>
     <power>103</power>
     <gpxtpx:TrackPointExtension>
      <gpxtpx:hr>105</gpxtpx:hr>
      <gpxtpx:cad>69</gpxtpx:cad>
     </gpxtpx:TrackPointExtension>
    </extensions>
   </trkpt>
   <trkpt lat="46.0039620" lon="9.8414920">
    <ele>2268.6</ele>
    <time>2025-11-01T12:13:50Z</time>
    <extensions>
     <power>91</power>
     <gpxtpx:TrackPointExtension>
      <gpxtpx:hr>108</gpxtpx:hr>
      <gpxtpx:cad>69</gpxtpx:cad>
     </gpxtpx:TrackPointExtension>
    </extensions>
   </trkpt>
   <trkpt lat="46.0039400" lon="9.8416270">
    <ele>2266.4</ele>
    <time>2025-11-01T12:14:00Z</time>
    <extensions>
     <power>114</power>
     <gpxtpx:TrackPointExtension>
      <gpxtpx:hr>106</gpxtpx:hr>
      <gpxtpx:cad>71</gpxtpx:cad>
     </gpxtpx:TrackPointExtension>
    </extensions>
   </trkpt>
   <trkpt lat="46.0039350" lon="9.8417210">
    <ele>2265.6</ele>
    <time>2025-11-01T12:14:10Z</time>
    <extensions>
     <power>61</power>
     <gpxtpx:TrackPointExtension>
      <gpxtpx:hr>103</gpxtpx:hr>
      <gpxtpx:cad>0</gpxtpx:cad>
     </gpxtpx:TrackPointExtension>
    </extensions>
   </trkpt>
   <trkpt lat="46.0039930" lon="9.8417920">
    <ele>2262.6</ele>
    <time>2025-11-01T12:14:20Z</time>
    <extensions>
     <power>0</power>
     <gpxtpx:TrackPointExtension>
      <gpxtpx:hr>100</gpxtpx:hr>
      <gpxtpx:cad>0</gpxtpx:cad>
     </gpxtpx:TrackPointExtension>
    </extensions>
   </trkpt>
   <trkpt lat="46.0040120" lon="9.8419140">
    <ele>2261.0</ele>
    <time>2025-11-01T12:14:30Z</time>
    <extensions>
     <power>0</power>
     <gpxtpx:TrackPointExtension>
      <gpxtpx:hr>93</gpxtpx:hr>
      <gpxtpx:cad>0</gpxtpx:cad>
     </gpxtpx:TrackPointExtension>
    </extensions>
   </trkpt>
   <trkpt lat="46.0040440" lon="9.8420190">
    <ele>2259.2</ele>
    <time>2025-11-01T12:14:40Z</time>
    <extensions>
     <power>92</power>
     <gpxtpx:TrackPointExtension>
      <gpxtpx:hr>89</gpxtpx:hr>
      <gpxtpx:cad>68</gpxtpx:cad>
     </gpxtpx:TrackPointExtension>
    </extensions>
   </trkpt>
   <trkpt lat="46.0040870" lon="9.8421950">
    <ele>2256.4</ele>
    <time>2025-11-01T12:14:50Z</time>
    <extensions>
     <power>139</power>
     <gpxtpx:TrackPointExtension>
      <gpxtpx:hr>88</gpxtpx:hr>
      <gpxtpx:cad>74</gpxtpx:cad>
     </gpxtpx:TrackPointExtension>
    </extensions>
   </trkpt>
   <trkpt lat="46.0041390" lon="9.8423390">
    <ele>2254.0</ele>
    <time>2025-11-01T12:14:59Z</time>
    <extensions>
     <power>103</power>
     <gpxtpx:TrackPointExtension>
      <gpxtpx:hr>90</gpxtpx:hr>
      <gpxtpx:cad>73</gpxtpx:cad>
     </gpxtpx:TrackPointExtension>
    </extensions>
   </trkpt>
   <trkpt lat="46.0042490" lon="9.8424540">
    <ele>2251.8</ele>
    <time>2025-11-01T12:15:09Z</time>
    <extensions>
     <power>88</power>
     <gpxtpx:TrackPointExtension>
      <gpxtpx:hr>93</gpxtpx:hr>
      <gpxtpx:cad>63</gpxtpx:cad>
     </gpxtpx:TrackPointExtension>
    </extensions>
   </trkpt>
   <trkpt lat="46.0043110" lon="9.8425470">
    <ele>2250.4</ele>
    <time>2025-11-01T12:15:19Z</time>
    <extensions>
     <power>71</power>
     <gpxtpx:TrackPointExtension>
      <gpxtpx:hr>94</gpxtpx:hr>
      <gpxtpx:cad>58</gpxtpx:cad>
     </gpxtpx:TrackPointExtension>
    </extensions>
   </trkpt>
   <trkpt lat="46.0043750" lon="9.8426530">
    <ele>2249.2</ele>
    <time>2025-11-01T12:15:29Z</time>
    <extensions>
     <power>86</power>
     <gpxtpx:TrackPointExtension>
      <gpxtpx:hr>93</gpxtpx:hr>
      <gpxtpx:cad>57</gpxtpx:cad>
     </gpxtpx:TrackPointExtension>
    </extensions>
   </trkpt>
   <trkpt lat="46.0044400" lon="9.8427670">
    <ele>2249.6</ele>
    <time>2025-11-01T12:15:39Z</time>
    <extensions>
     <power>0</power>
     <gpxtpx:TrackPointExtension>
      <gpxtpx:hr>91</gpxtpx:hr>
      <gpxtpx:cad>0</gpxtpx:cad>
     </gpxtpx:TrackPointExtension>
    </extensions>
   </trkpt>
   <trkpt lat="46.0044780" lon="9.8428470">
    <ele>2251.0</ele>
    <time>2025-11-01T12:15:49Z</time>
    <extensions>
     <power>74</power>
     <gpxtpx:TrackPointExtension>
      <gpxtpx:hr>93</gpxtpx:hr>
      <gpxtpx:cad>46</gpxtpx:cad>
     </gpxtpx:TrackPointExtension>
    </extensions>
   </trkpt>
   <trkpt lat="46.0044990" lon="9.8429540">
    <ele>2250.6</ele>
    <time>2025-11-01T12:15:59Z</time>
    <extensions>
     <power>92</power>
     <gpxtpx:TrackPointExtension>
      <gpxtpx:hr>98</gpxtpx:hr>
      <gpxtpx:cad>0</gpxtpx:cad>
     </gpxtpx:TrackPointExtension>
    </extensions>
   </trkpt>
   <trkpt lat="46.0045570" lon="9.8430280">
    <ele>2250.8</ele>
    <time>2025-11-01T12:16:09Z</time>
    <extensions>
     <power>110</power>
     <gpxtpx:TrackPointExtension>
      <gpxtpx:hr>98</gpxtpx:hr>
      <gpxtpx:cad>48</gpxtpx:cad>
     </gpxtpx:TrackPointExtension>
    </extensions>
   </trkpt>
   <trkpt lat="46.0046020" lon="9.8431760">
    <ele>2251.4</ele>
    <time>2025-11-01T12:16:19Z</time>
    <extensions>
     <power>136</power>
     <gpxtpx:TrackPointExtension>
      <gpxtpx:hr>108</gpxtpx:hr>
      <gpxtpx:cad>53</gpxtpx:cad>
     </gpxtpx:TrackPointExtension>
    </extensions>
   </trkpt>
   <trkpt lat="46.0046600" lon="9.8432550">
    <ele>2251.0</ele>
    <time>2025-11-01T12:16:29Z</time>
    <extensions>
     <power>124</power>
     <gpxtpx:TrackPointExtension>
      <gpxtpx:hr>113</gpxtpx:hr>
      <gpxtpx:cad>61</gpxtpx:cad>
     </gpxtpx:TrackPointExtension>
    </extensions>
   </trkpt>
   <trkpt lat="46.0047520" lon="9.8433500">
    <ele>2251.6</ele>
    <time>2025-11-01T12:16:39Z</time>
    <extensions>
     <power>0</power>
     <gpxtpx:TrackPointExtension>
      <gpxtpx:hr>115</gpxtpx:hr>
      <gpxtpx:cad>0</gpxtpx:cad>
     </gpxtpx:TrackPointExtension>
    </extensions>
   </trkpt>
   <trkpt lat="46.0048610" lon="9.8434010">
    <ele>2250.6</ele>
    <time>2025-11-01T12:16:49Z</time>
    <extensions>
     <power>115</power>
     <gpxtpx:TrackPointExtension>
      <gpxtpx:hr>116</gpxtpx:hr>
      <gpxtpx:cad>53</gpxtpx:cad>
     </gpxtpx:TrackPointExtension>
    </extensions>
   </trkpt>
   <trkpt lat="46.0049790" lon="9.8434360">
    <ele>2251.0</ele>
    <time>2025-11-01T12:16:59Z</time>
    <extensions>
     <power>128</power>
     <gpxtpx:TrackPointExtension>
      <gpxtpx:hr>123</gpxtpx:hr>
      <gpxtpx:cad>55</gpxtpx:cad>
     </gpxtpx:TrackPointExtension>
    </extensions>
   </trkpt>
   <trkpt lat="46.0050910" lon="9.8433910">
    <ele>2251.0</ele>
    <time>2025-11-01T12:17:09Z</time>
    <extensions>
     <power>115</power>
     <gpxtpx:TrackPointExtension>
      <gpxtpx:hr>124</gpxtpx:hr>
      <gpxtpx:cad>0</gpxtpx:cad>
     </gpxtpx:TrackPointExtension>
    </extensions>
   </trkpt>
   <trkpt lat="46.0051810" lon="9.8433490">
    <ele>2250.8</ele>
    <time>2025-11-01T12:17:19Z</time>
    <extensions>
     <power>113</power>
     <gpxtpx:TrackPointExtension>
      <gpxtpx:hr>122</gpxtpx:hr>
      <gpxtpx:cad>52</gpxtpx:cad>
     </gpxtpx:TrackPointExtension>
    </extensions>
   </trkpt>
   <trkpt lat="46.0053050" lon="9.8432800">
    <ele>2250.2</ele>
    <time>2025-11-01T12:17:29Z</time>
    <extensions>
     <power>122</power>
     <gpxtpx:TrackPointExtension>
      <gpxtpx:hr>120</gpxtpx:hr>
      <gpxtpx:cad>56</gpxtpx:cad>
     </gpxtpx:TrackPointExtension>
    </extensions>
   </trkpt>
   <trkpt lat="46.0054170" lon="9.8432790">
    <ele>2250.8</ele>
    <time>2025-11-01T12:17:39Z</time>
    <extensions>
     <power>113</power>
     <gpxtpx:TrackPointExtension>
      <gpxtpx:hr>112</gpxtpx:hr>
      <gpxtpx:cad>50</gpxtpx:cad>
     </gpxtpx:TrackPointExtension>
    </extensions>
   </trkpt>
   <trkpt lat="46.0055080" lon="9.8432650">
    <ele>2252.6</ele>
    <time>2025-11-01T12:17:49Z</time>
    <extensions>
     <power>175</power>
     <gpxtpx:TrackPointExtension>
      <gpxtpx:hr>112</gpxtpx:hr>
      <gpxtpx:cad>45</gpxtpx:cad>
     </gpxtpx:TrackPointExtension>
    </extensions>
   </trkpt>
   <trkpt lat="46.0056020" lon="9.8432080">
    <ele>2253.0</ele>
    <time>2025-11-01T12:17:59Z</time>
    <extensions>
     <power>182</power>
     <gpxtpx:TrackPointExtension>
      <gpxtpx:hr>118</gpxtpx:hr>
      <gpxtpx:cad>48</gpxtpx:cad>
     </gpxtpx:TrackPointExtension>
    </extensions>
   </trkpt>
   <trkpt lat="46.0057250" lon="9.8431930">
    <ele>2252.6</ele>
    <time>2025-11-01T12:18:09Z</time>
    <extensions>
     <power>145</power>
     <gpxtpx:TrackPointExtension>
      <gpxtpx:hr>122</gpxtpx:hr>
      <gpxtpx:cad>51</gpxtpx:cad>
     </gpxtpx:TrackPointExtension>
    </extensions>
   </trkpt>
   <trkpt lat="46.0058290" lon="9.8431750">
    <ele>2253.0</ele>
    <time>2025-11-01T12:18:19Z</time>
    <extensions>
     <power>129</power>
     <gpxtpx:TrackPointExtension>
      <gpxtpx:hr>126</gpxtpx:hr>
      <gpxtpx:cad>51</gpxtpx:cad>
     </gpxtpx:TrackPointExtension>
    </extensions>
   </trkpt>
   <trkpt lat="46.0059450" lon="9.8431750">
    <ele>2252.8</ele>
    <time>2025-11-01T12:18:29Z</time>
    <extensions>
     <power>127</power>
     <gpxtpx:TrackPointExtension>
      <gpxtpx:hr>130</gpxtpx:hr>
      <gpxtpx:cad>53</gpxtpx:cad>
     </gpxtpx:TrackPointExtension>
    </extensions>
   </trkpt>
   <trkpt lat="46.0060510" lon="9.8431600">
    <ele>2253.8</ele>
    <time>2025-11-01T12:18:39Z</time>
    <extensions>
     <power>150</power>
     <gpxtpx:TrackPointExtension>
      <gpxtpx:hr>131</gpxtpx:hr>
      <gpxtpx:cad>52</gpxtpx:cad>
     </gpxtpx:TrackPointExtension>
    </extensions>
   </trkpt>
   <trkpt lat="46.0061600" lon="9.8431440">
    <ele>2255.0</ele>
    <time>2025-11-01T12:18:49Z</time>
    <extensions>
     <power>204</power>
     <gpxtpx:TrackPointExtension>
      <gpxtpx:hr>137</gpxtpx:hr>
      <gpxtpx:cad>53</gpxtpx:cad>
     </gpxtpx:TrackPointExtension>
    </extensions>
   </trkpt>
   <trkpt lat="46.0062640" lon="9.8431150">
    <ele>2252.6</ele>
    <time>2025-11-01T12:18:59Z</time>
    <extensions>
     <power>0</power>
     <gpxtpx:TrackPointExtension>
      <gpxtpx:hr>137</gpxtpx:hr>
      <gpxtpx:cad>0</gpxtpx:cad>
     </gpxtpx:TrackPointExtension>
    </extensions>
   </trkpt>
   <trkpt lat="46.0062940" lon="9.8431120">
    <ele>2252.0</ele>
    <time>2025-11-01T12:19:09Z</time>
    <extensions>
     <power>0</power>
     <gpxtpx:TrackPointExtension>
      <gpxtpx:hr>135</gpxtpx:hr>
      <gpxtpx:cad>0</gpxtpx:cad>
     </gpxtpx:TrackPointExtension>
    </extensions>
   </trkpt>
   <trkpt lat="46.0063360" lon="9.8431110">
    <ele>2249.2</ele>
    <time>2025-11-01T12:19:19Z</time>
    <extensions>
     <power>0</power>
     <gpxtpx:TrackPointExtension>
      <gpxtpx:hr>133</gpxtpx:hr>
      <gpxtpx:cad>0</gpxtpx:cad>
     </gpxtpx:TrackPointExtension>
    </extensions>
   </trkpt>
   <trkpt lat="46.0064760" lon="9.8431590">
    <ele>2245.6</ele>
    <time>2025-11-01T12:19:29Z</time>
    <extensions>
     <power>204</power>
     <gpxtpx:TrackPointExtension>
      <gpxtpx:hr>132</gpxtpx:hr>
      <gpxtpx:cad>88</gpxtpx:cad>
     </gpxtpx:TrackPointExtension>
    </extensions>
   </trkpt>
   <trkpt lat="46.0066490" lon="9.8431500">
    <ele>2245.0</ele>
    <time>2025-11-01T12:19:39Z</time>
    <extensions>
     <power>187</power>
     <gpxtpx:TrackPointExtension>
      <gpxtpx:hr>132</gpxtpx:hr>
      <gpxtpx:cad>85</gpxtpx:cad>
     </gpxtpx:TrackPointExtension>
    </extensions>
   </trkpt>
   <trkpt lat="46.0068000" lon="9.8431420">
    <ele>2243.2</ele>
    <time>2025-11-01T12:19:49Z</time>
    <extensions>
     <power>178</power>
     <gpxtpx:TrackPointExtension>
      <gpxtpx:hr>133</gpxtpx:hr>
      <gpxtpx:cad>79</gpxtpx:cad>
     </gpxtpx:TrackPointExtension>
    </extensions>
   </trkpt>
   <trkpt lat="46.0069020" lon="9.8431010">
    <ele>2242.4</ele>
    <time>2025-11-01T12:19:59Z</time>
    <extensions>
     <power>100</power>
     <gpxtpx:TrackPointExtension>
      <gpxtpx:hr>132</gpxtpx:hr>
      <gpxtpx:cad>63</gpxtpx:cad>
     </gpxtpx:TrackPointExtension>
    </extensions>
   </trkpt>
   <trkpt lat="46.0070110" lon="9.8430360">
    <ele>2239.6</ele>
    <time>2025-11-01T12:20:09Z</time>
    <extensions>
     <power>0</power>
     <gpxtpx:TrackPointExtension>
      <gpxtpx:hr>128</gpxtpx:hr>
      <gpxtpx:cad>0</gpxtpx:cad>
     </gpxtpx:TrackPointExtension>
    </extensions>
   </trkpt>
   <trkpt lat="46.0070970" lon="9.8429990">
    <ele>2239.4</ele>
    <time>2025-11-01T12:20:18Z</time>
    <extensions>
     <power>79</power>
     <gpxtpx:TrackPointExtension>
      <gpxtpx:hr>124</gpxtpx:hr>
      <gpxtpx:cad>52</gpxtpx:cad>
     </gpxtpx:TrackPointExtension>
    </extensions>
   </trkpt>
   <trkpt lat="46.0071930" lon="9.8429290">
    <ele>2240.0</ele>
    <time>2025-11-01T12:20:28Z</time>
    <extensions>
     <power>0</power>
     <gpxtpx:TrackPointExtension>
      <gpxtpx:hr>135</gpxtpx:hr>
      <gpxtpx:cad>0</gpxtpx:cad>
     </gpxtpx:TrackPointExtension>
    </extensions>
   </trkpt>
   <trkpt lat="46.0072860" lon="9.8428530">
    <ele>2239.8</ele>
    <time>2025-11-01T12:20:38Z</time>
    <extensions>
     <power>0</power>
     <gpxtpx:TrackPointExtension>
      <gpxtpx:hr>134</gpxtpx:hr>
      <gpxtpx:cad>0</gpxtpx:cad>
     </gpxtpx:TrackPointExtension>
    </extensions>
   </trkpt>
   <trkpt lat="46.0073790" lon="9.8427780">
    <ele>2241.2</ele>
    <time>2025-11-01T12:20:48Z</time>
    <extensions>
     <power>94</power>
     <gpxtpx:TrackPointExtension>
      <gpxtpx:hr>134</gpxtpx:hr>
      <gpxtpx:cad>45</gpxtpx:cad>
     </gpxtpx:TrackPointExtension>
    </extensions>
   </trkpt>
   <trkpt lat="46.0074090" lon="9.8426630">
    <ele>2240.8</ele>
    <time>2025-11-01T12:20:58Z</time>
    <extensions>
     <power>0</power>
     <gpxtpx:TrackPointExtension>
      <gpxtpx:hr>135</gpxtpx:hr>
      <gpxtpx:cad>0</gpxtpx:cad>
     </gpxtpx:TrackPointExtension>
    </extensions>
   </trkpt>
   <trkpt lat="46.0074480" lon="9.8425230">
    <ele>2241.0</ele>
    <time>2025-11-01T12:21:08Z</time>
    <extensions>
     <power>137</power>
     <gpxtpx:TrackPointExtension>
      <gpxtpx:hr>135</gpxtpx:hr>
      <gpxtpx:cad>52</gpxtpx:cad>
     </gpxtpx:TrackPointExtension>
    </extensions>
   </trkpt>
   <trkpt lat="46.0074720" lon="9.8424160">
    <ele>2241.8</ele>
    <time>2025-11-01T12:21:18Z</time>
    <extensions>
     <power>0</power>
     <gpxtpx:TrackPointExtension>
      <gpxtpx:hr>133</gpxtpx:hr>
      <gpxtpx:cad>0</gpxtpx:cad>
     </gpxtpx:TrackPointExtension>
    </extensions>
   </trkpt>
   <trkpt lat="46.0075160" lon="9.8422260">
    <ele>2241.2</ele>
    <time>2025-11-01T12:21:28Z</time>
    <extensions>
     <power>191</power>
     <gpxtpx:TrackPointExtension>
      <gpxtpx:hr>133</gpxtpx:hr>
      <gpxtpx:cad>0</gpxtpx:cad>
     </gpxtpx:TrackPointExtension>
    </extensions>
   </trkpt>
   <trkpt lat="46.0075850" lon="9.8420100">
    <ele>2241.2</ele>
    <time>2025-11-01T12:21:38Z</time>
    <extensions>
     <power>282</power>
     <gpxtpx:TrackPointExtension>
      <gpxtpx:hr>135</gpxtpx:hr>
      <gpxtpx:cad>81</gpxtpx:cad>
     </gpxtpx:TrackPointExtension>
    </extensions>
   </trkpt>
   <trkpt lat="46.0076250" lon="9.8419150">
    <ele>2240.0</ele>
    <time>2025-11-01T12:21:48Z</time>
    <extensions>
     <power>0</power>
     <gpxtpx:TrackPointExtension>
      <gpxtpx:hr>136</gpxtpx:hr>
      <gpxtpx:cad>0</gpxtpx:cad>
     </gpxtpx:TrackPointExtension>
    </extensions>
   </trkpt>
   <trkpt lat="46.0076760" lon="9.8418060">
    <ele>2236.8</ele>
    <time>2025-11-01T12:21:58Z</time>
    <extensions>
     <power>120</power>
     <gpxtpx:TrackPointExtension>
      <gpxtpx:hr>133</gpxtpx:hr>
      <gpxtpx:cad>64</gpxtpx:cad>
     </gpxtpx:TrackPointExtension>
    </extensions>
   </trkpt>
   <trkpt lat="46.0077500" lon="9.8417570">
    <ele>2234.6</ele>
    <time>2025-11-01T12:22:08Z</time>
    <extensions>
     <power>90</power>
     <gpxtpx:TrackPointExtension>
      <gpxtpx:hr>130</gpxtpx:hr>
      <gpxtpx:cad>64</gpxtpx:cad>
     </gpxtpx:TrackPointExtension>
    </extensions>
   </trkpt>
   <trkpt lat="46.0077980" lon="9.8417270">
    <ele>2232.0</ele>
    <time>2025-11-01T12:22:18Z</time>
    <extensions>
     <power>76</power>
     <gpxtpx:TrackPointExtension>
      <gpxtpx:hr>128</gpxtpx:hr>
      <gpxtpx:cad>59</gpxtpx:cad>
     </gpxtpx:TrackPointExtension>
    </extensions>
   </trkpt>
   <trkpt lat="46.0078720" lon="9.8417170">
    <ele>2229.2</ele>
    <time>2025-11-01T12:22:28Z</time>
    <extensions>
     <power>0</power>
     <gpxtpx:TrackPointExtension>
      <gpxtpx:hr>125</gpxtpx:hr>
      <gpxtpx:cad>0</gpxtpx:cad>
     </gpxtpx:TrackPointExtension>
    </extensions>
   </trkpt>
   <trkpt lat="46.0078740" lon="9.8417160">
    <ele>2227.0</ele>
    <time>2025-11-01T12:22:38Z</time>
    <extensions>
     <power>0</power>
     <gpxtpx:TrackPointExtension>
      <gpxtpx:hr>122</gpxtpx:hr>
      <gpxtpx:cad>0</gpxtpx:cad>
     </gpxtpx:TrackPointExtension>
    </extensions>
   </trkpt>
   <trkpt lat="46.0078690" lon="9.8417130">
    <ele>2227.4</ele>
    <time>2025-11-01T12:22:48Z</time>
    <extensions>
     <power>0</power>
     <gpxtpx:TrackPointExtension>
      <gpxtpx:hr>120</gpxtpx:hr>
      <gpxtpx:cad>0</gpxtpx:cad>
     </gpxtpx:TrackPointExtension>
    </extensions>
   </trkpt>
   <trkpt lat="46.0078690" lon="9.8417010">
    <ele>2227.2</ele>
    <time>2025-11-01T12:22:58Z</time>
    <extensions>
     <power>0</power>
     <gpxtpx:TrackPointExtension>
      <gpxtpx:hr>120</gpxtpx:hr>
      <gpxtpx:cad>0</gpxtpx:cad>
     </gpxtpx:TrackPointExtension>
    </extensions>
   </trkpt>
   <trkpt lat="46.0078670" lon="9.8416930">
    <ele>2227.6</ele>
    <time>2025-11-01T12:23:08Z</time>
    <extensions>
     <power>0</power>
     <gpxtpx:TrackPointExtension>
      <gpxtpx:hr>124</gpxtpx:hr>
      <gpxtpx:cad>0</gpxtpx:cad>
     </gpxtpx:TrackPointExtension>
    </extensions>
   </trkpt>
   <trkpt lat="46.0078950" lon="9.8416500">
    <ele>2225.2</ele>
    <time>2025-11-01T12:23:18Z</time>
    <extensions>
     <power>0</power>
     <gpxtpx:TrackPointExtension>
      <gpxtpx:hr>128</gpxtpx:hr>
      <gpxtpx:cad>0</gpxtpx:cad>
     </gpxtpx:TrackPointExtension>
    </extensions>
   </trkpt>
   <trkpt lat="46.0079080" lon="9.8416100">
    <ele>2222.0</ele>
    <time>2025-11-01T12:23:28Z</time>
    <extensions>
     <power>0</power>
     <gpxtpx:TrackPointExtension>
      <gpxtpx:hr>127</gpxtpx:hr>
      <gpxtpx:cad>0</gpxtpx:cad>
     </gpxtpx:TrackPointExtension>
    </extensions>
   </trkpt>
   <trkpt lat="46.0079190" lon="9.8415830">
    <ele>2220.2</ele>
    <time>2025-11-01T12:23:38Z</time>
    <extensions>
     <power>0</power>
     <gpxtpx:TrackPointExtension>
      <gpxtpx:hr>126</gpxtpx:hr>
      <gpxtpx:cad>0</gpxtpx:cad>
     </gpxtpx:TrackPointExtension>
    </extensions>
   </trkpt>
   <trkpt lat="46.0079170" lon="9.8415730">
    <ele>2219.8</ele>
    <time>2025-11-01T12:23:48Z</time>
    <extensions>
     <power>0</power>
     <gpxtpx:TrackPointExtension>
      <gpxtpx:hr>120</gpxtpx:hr>
      <gpxtpx:cad>0</gpxtpx:cad>
     </gpxtpx:TrackPointExtension>
    </extensions>
   </trkpt>
   <trkpt lat="46.0079320" lon="9.8415040">
    <ele>2216.8</ele>
    <time>2025-11-01T12:23:58Z</time>
    <extensions>
     <power>0</power>
     <gpxtpx:TrackPointExtension>
      <gpxtpx:hr>121</gpxtpx:hr>
      <gpxtpx:cad>0</gpxtpx:cad>
     </gpxtpx:TrackPointExtension>
    </extensions>
   </trkpt>
   <trkpt lat="46.0079420" lon="9.8414390">
    <ele>2214.0</ele>
    <time>2025-11-01T12:24:08Z</time>
    <extensions>
     <power>0</power>
     <gpxtpx:TrackPointExtension>
      <gpxtpx:hr>121</gpxtpx:hr>
      <gpxtpx:cad>0</gpxtpx:cad>
     </gpxtpx:TrackPointExtension>
    </extensions>
   </trkpt>
   <trkpt lat="46.0080070" lon="9.8414480">
    <ele>2213.2</ele>
    <time>2025-11-01T12:24:18Z</time>
    <extensions>
     <power>0</power>
     <gpxtpx:TrackPointExtension>
      <gpxtpx:hr>119</gpxtpx:hr>
      <gpxtpx:cad>0</gpxtpx:cad>
     </gpxtpx:TrackPointExtension>
    </extensions>
   </trkpt>
   <trkpt lat="46.0080620" lon="9.8414360">
    <ele>2211.6</ele>
    <time>2025-11-01T12:24:28Z</time>
    <extensions>
     <power>0</power>
     <gpxtpx:TrackPointExtension>
      <gpxtpx:hr>118</gpxtpx:hr>
      <gpxtpx:cad>0</gpxtpx:cad>
     </gpxtpx:TrackPointExtension>
    </extensions>
   </trkpt>
   <trkpt lat="46.0081160" lon="9.8414160">
    <ele>2209.8</ele>
    <time>2025-11-01T12:24:38Z</time>
    <extensions>
     <power>0</power>
     <gpxtpx:TrackPointExtension>
      <gpxtpx:hr>130</gpxtpx:hr>
      <gpxtpx:cad>0</gpxtpx:cad>
     </gpxtpx:TrackPointExtension>
    </extensions>
   </trkpt>
   <trkpt lat="46.0081870" lon="9.8414040">
    <ele>2208.6</ele>
    <time>2025-11-01T12:24:48Z</time>
    <extensions>
     <power>0</power>
     <gpxtpx:TrackPointExtension>
      <gpxtpx:hr>132</gpxtpx:hr>
      <gpxtpx:cad>0</gpxtpx:cad>
     </gpxtpx:TrackPointExtension>
    </extensions>
   </trkpt>
   <trkpt lat="46.0082610" lon="9.8413790">
    <ele>2205.8</ele>
    <time>2025-11-01T12:24:58Z</time>
    <extensions>
     <power>80</power>
     <gpxtpx:TrackPointExtension>
      <gpxtpx:hr>131</gpxtpx:hr>
      <gpxtpx:cad>65</gpxtpx:cad>
     </gpxtpx:TrackPointExtension>
    </extensions>
   </trkpt>
   <trkpt lat="46.0082680" lon="9.8413710">
    <ele>2204.8</ele>
    <time>2025-11-01T12:25:08Z</time>
    <extensions>
     <power>0</power>
     <gpxtpx:TrackPointExtension>
      <gpxtpx:hr>131</gpxtpx:hr>
      <gpxtpx:cad>0</gpxtpx:cad>
     </gpxtpx:TrackPointExtension>
    </extensions>
   </trkpt>
   <trkpt lat="46.0082680" lon="9.8413720">
    <ele>2204.8</ele>
    <time>2025-11-01T12:25:18Z</time>
    <extensions>
     <power>0</power>
     <gpxtpx:TrackPointExtension>
      <gpxtpx:hr>130</gpxtpx:hr>
      <gpxtpx:cad>0</gpxtpx:cad>
     </gpxtpx:TrackPointExtension>
    </extensions>
   </trkpt>
   <trkpt lat="46.0082670" lon="9.8413750">
    <ele>2204.6</ele>
    <time>2025-11-01T12:25:28Z</time>
    <extensions>
     <power>0</power>
     <gpxtpx:TrackPointExtension>
      <gpxtpx:hr>130</gpxtpx:hr>
      <gpxtpx:cad>0</gpxtpx:cad>
     </gpxtpx:TrackPointExtension>
    </extensions>
   </trkpt>
   <trkpt lat="46.0082640" lon="9.8413720">
    <ele>2204.8</ele>
    <time>2025-11-01T12:25:37Z</time>
    <extensions>
     <power>0</power>
     <gpxtpx:TrackPointExtension>
      <gpxtpx:hr>131</gpxtpx:hr>
      <gpxtpx:cad>0</gpxtpx:cad>
     </gpxtpx:TrackPointExtension>
    </extensions>
   </trkpt>
   <trkpt lat="46.0082680" lon="9.8413690">
    <ele>2204.8</ele>
    <time>2025-11-01T12:25:47Z</time>
    <extensions>
     <power>0</power>
     <gpxtpx:TrackPointExtension>
      <gpxtpx:hr>131</gpxtpx:hr>
      <gpxtpx:cad>0</gpxtpx:cad>
     </gpxtpx:TrackPointExtension>
    </extensions>
   </trkpt>
   <trkpt lat="46.0082630" lon="9.8413790">
    <ele>2204.6</ele>
    <time>2025-11-01T12:25:57Z</time>
    <extensions>
     <power>0</power>
     <gpxtpx:TrackPointExtension>
      <gpxtpx:hr>131</gpxtpx:hr>
      <gpxtpx:cad>0</gpxtpx:cad>
     </gpxtpx:TrackPointExtension>
    </extensions>
   </trkpt>
   <trkpt lat="46.0082580" lon="9.8413820">
    <ele>2204.6</ele>
    <time>2025-11-01T12:26:07Z</time>
    <extensions>
     <power>0</power>
     <gpxtpx:TrackPointExtension>
      <gpxtpx:hr>130</gpxtpx:hr>
      <gpxtpx:cad>0</gpxtpx:cad>
     </gpxtpx:TrackPointExtension>
    </extensions>
   </trkpt>
   <trkpt lat="46.0082570" lon="9.8413820">
    <ele>2204.4</ele>
    <time>2025-11-01T12:26:17Z</time>
    <extensions>
     <power>0</power>
     <gpxtpx:TrackPointExtension>
      <gpxtpx:hr>128</gpxtpx:hr>
      <gpxtpx:cad>0</gpxtpx:cad>
     </gpxtpx:TrackPointExtension>
    </extensions>
   </trkpt>
   <trkpt lat="46.0082720" lon="9.8413920">
    <ele>2204.2</ele>
    <time>2025-11-01T12:26:27Z</time>
    <extensions>
     <power>0</power>
     <gpxtpx:TrackPointExtension>
      <gpxtpx:hr>126</gpxtpx:hr>
      <gpxtpx:cad>0</gpxtpx:cad>
     </gpxtpx:TrackPointExtension>
    </extensions>
   </trkpt>
   <trkpt lat="46.0082720" lon="9.8413980">
    <ele>2204.2</ele>
    <time>2025-11-01T12:26:37Z</time>
    <extensions>
     <power>0</power>
     <gpxtpx:TrackPointExtension>
      <gpxtpx:hr>124</gpxtpx:hr>
      <gpxtpx:cad>0</gpxtpx:cad>
     </gpxtpx:TrackPointExtension>
    </extensions>
   </trkpt>
   <trkpt lat="46.0082760" lon="9.8413960">
    <ele>2204.4</ele>
    <time>2025-11-01T12:26:47Z</time>
    <extensions>
     <power>0</power>
     <gpxtpx:TrackPointExtension>
      <gpxtpx:hr>119</gpxtpx:hr>
      <gpxtpx:cad>0</gpxtpx:cad>
     </gpxtpx:TrackPointExtension>
    </extensions>
   </trkpt>
   <trkpt lat="46.0082780" lon="9.8413950">
    <ele>2204.0</ele>
    <time>2025-11-01T12:26:57Z</time>
    <extensions>
     <power>0</power>
     <gpxtpx:TrackPointExtension>
      <gpxtpx:hr>119</gpxtpx:hr>
      <gpxtpx:cad>0</gpxtpx:cad>
     </gpxtpx:TrackPointExtension>
    </extensions>
   </trkpt>
   <trkpt lat="46.0083050" lon="9.8414030">
    <ele>2203.4</ele>
    <time>2025-11-01T12:27:07Z</time>
    <extensions>
     <power>0</power>
     <gpxtpx:TrackPointExtension>
      <gpxtpx:hr>118</gpxtpx:hr>
      <gpxtpx:cad>0</gpxtpx:cad>
     </gpxtpx:TrackPointExtension>
    </extensions>
   </trkpt>
   <trkpt lat="46.0083390" lon="9.8414240">
    <ele>2200.2</ele>
    <time>2025-11-01T12:27:17Z</time>
    <extensions>
     <power>0</power>
     <gpxtpx:TrackPointExtension>
      <gpxtpx:hr>117</gpxtpx:hr>
      <gpxtpx:cad>66</gpxtpx:cad>
     </gpxtpx:TrackPointExtension>
    </extensions>
   </trkpt>
   <trkpt lat="46.0083830" lon="9.8413780">
    <ele>2196.2</ele>
    <time>2025-11-01T12:27:27Z</time>
    <extensions>
     <power>85</power>
     <gpxtpx:TrackPointExtension>
      <gpxtpx:hr>115</gpxtpx:hr>
      <gpxtpx:cad>68</gpxtpx:cad>
     </gpxtpx:TrackPointExtension>
    </extensions>
   </trkpt>
   <trkpt lat="46.0084550" lon="9.8412950">
    <ele>2191.4</ele>
    <time>2025-11-01T12:27:37Z</time>
    <extensions>
     <power>43</power>
     <gpxtpx:TrackPointExtension>
      <gpxtpx:hr>106</gpxtpx:hr>
      <gpxtpx:cad>100</gpxtpx:cad>
     </gpxtpx:TrackPointExtension>
    </extensions>
   </trkpt>
   <trkpt lat="46.0085390" lon="9.8413390">
    <ele>2187.2</ele>
    <time>2025-11-01T12:27:47Z</time>
    <extensions>
     <power>129</power>
     <gpxtpx:TrackPointExtension>
      <gpxtpx:hr>105</gpxtpx:hr>
      <gpxtpx:cad>75</gpxtpx:cad>
     </gpxtpx:TrackPointExtension>
    </extensions>
   </trkpt>
   <trkpt lat="46.0085740" lon="9.8412530">
    <ele>2183.6</ele>
    <time>2025-11-01T12:27:57Z</time>
    <extensions>
     <power>108</power>
     <gpxtpx:TrackPointExtension>
      <gpxtpx:hr>113</gpxtpx:hr>
      <gpxtpx:cad>75</gpxtpx:cad>
     </gpxtpx:TrackPointExtension>
    </extensions>
   </trkpt>
   <trkpt lat="46.0086520" lon="9.8412540">
    <ele>2178.6</ele>
    <time>2025-11-01T12:28:07Z</time>
    <extensions>
     <power>0</power>
     <gpxtpx:TrackPointExtension>
      <gpxtpx:hr>116</gpxtpx:hr>
      <gpxtpx:cad>73</gpxtpx:cad>
     </gpxtpx:TrackPointExtension>
    </extensions>
   </trkpt>
   <trkpt lat="46.0087010" lon="9.8412270">
    <ele>2175.2</ele>
    <time>2025-11-01T12:28:17Z</time>
    <extensions>
     <power>122</power>
     <gpxtpx:TrackPointExtension>
      <gpxtpx:hr>118</gpxtpx:hr>
      <gpxtpx:cad>98</gpxtpx:cad>
     </gpxtpx:TrackPointExtension>
    </extensions>
   </trkpt>
   <trkpt lat="46.0087510" lon="9.8412260">
    <ele>2171.8</ele>
    <time>2025-11-01T12:28:27Z</time>
    <extensions>
     <power>77</power>
     <gpxtpx:TrackPointExtension>
      <gpxtpx:hr>118</gpxtpx:hr>
      <gpxtpx:cad>64</gpxtpx:cad>
     </gpxtpx:TrackPointExtension>
    </extensions>
   </trkpt>
   <trkpt lat="46.0087720" lon="9.8412580">
    <ele>2169.4</ele>
    <time>2025-11-01T12:28:37Z</time>
    <extensions>
     <power>69</power>
     <gpxtpx:TrackPointExtension>
      <gpxtpx:hr>120</gpxtpx:hr>
      <gpxtpx:cad>0</gpxtpx:cad>
     </gpxtpx:TrackPointExtension>
    </extensions>
   </trkpt>
   <trkpt lat="46.0088120" lon="9.8412480">
    <ele>2167.4</ele>
    <time>2025-11-01T12:28:47Z</time>
    <extensions>
     <power>0</power>
     <gpxtpx:TrackPointExtension>
      <gpxtpx:hr>119</gpxtpx:hr>
      <gpxtpx:cad>0</gpxtpx:cad>
     </gpxtpx:TrackPointExtension>
    </extensions>
   </trkpt>
   <trkpt lat="46.0088520" lon="9.8412770">
    <ele>2165.0</ele>
    <time>2025-11-01T12:28:57Z</time>
    <extensions>
     <power>0</power>
     <gpxtpx:TrackPointExtension>
      <gpxtpx:hr>118</gpxtpx:hr>
      <gpxtpx:cad>0</gpxtpx:cad>
     </gpxtpx:TrackPointExtension>
    </extensions>
   </trkpt>
   <trkpt lat="46.0088810" lon="9.8412750">
    <ele>2161.4</ele>
    <time>2025-11-01T12:29:07Z</time>
    <extensions>
     <power>0</power>
     <gpxtpx:TrackPointExtension>
      <gpxtpx:hr>118</gpxtpx:hr>
      <gpxtpx:cad>0</gpxtpx:cad>
     </gpxtpx:TrackPointExtension>
    </extensions>
   </trkpt>
   <trkpt lat="46.0088890" lon="9.8412790">
    <ele>2161.0</ele>
    <time>2025-11-01T12:29:17Z</time>
    <extensions>
     <power>0</power>
     <gpxtpx:TrackPointExtension>
      <gpxtpx:hr>120</gpxtpx:hr>
      <gpxtpx:cad>0</gpxtpx:cad>
     </gpxtpx:TrackPointExtension>
    </extensions>
   </trkpt>
   <trkpt lat="46.0088850" lon="9.8412670">
    <ele>2161.8</ele>
    <time>2025-11-01T12:29:27Z</time>
    <extensions>
     <power>0</power>
     <gpxtpx:TrackPointExtension>
      <gpxtpx:hr>125</gpxtpx:hr>
      <gpxtpx:cad>0</gpxtpx:cad>
     </gpxtpx:TrackPointExtension>
    </extensions>
   </trkpt>
   <trkpt lat="46.0088850" lon="9.8412420">
    <ele>2161.4</ele>
    <time>2025-11-01T12:29:37Z</time>
    <extensions>
     <power>0</power>
     <gpxtpx:TrackPointExtension>
      <gpxtpx:hr>125</gpxtpx:hr>
      <gpxtpx:cad>0</gpxtpx:cad>
     </gpxtpx:TrackPointExtension>
    </extensions>
   </trkpt>
   <trkpt lat="46.0089110" lon="9.8412080">
    <ele>2159.6</ele>
    <time>2025-11-01T12:29:47Z</time>
    <extensions>
     <power>91</power>
     <gpxtpx:TrackPointExtension>
      <gpxtpx:hr>124</gpxtpx:hr>
      <gpxtpx:cad>62</gpxtpx:cad>
     </gpxtpx:TrackPointExtension>
    </extensions>
   </trkpt>
   <trkpt lat="46.0089830" lon="9.8412070">
    <ele>2155.2</ele>
    <time>2025-11-01T12:29:57Z</time>
    <extensions>
     <power>97</power>
     <gpxtpx:TrackPointExtension>
      <gpxtpx:hr>124</gpxtpx:hr>
      <gpxtpx:cad>72</gpxtpx:cad>
     </gpxtpx:TrackPointExtension>
    </extensions>
   </trkpt>
   <trkpt lat="46.0090260" lon="9.8412230">
    <ele>2152.6</ele>
    <time>2025-11-01T12:30:07Z</time>
    <extensions>
     <power>63</power>
     <gpxtpx:TrackPointExtension>
      <gpxtpx:hr>123</gpxtpx:hr>
      <gpxtpx:cad>65</gpxtpx:cad>
     </gpxtpx:TrackPointExtension>
    </extensions>
   </trkpt>
   <trkpt lat="46.0090760" lon="9.8411370">
    <ele>2149.0</ele>
    <time>2025-11-01T12:30:17Z</time>
    <extensions>
     <power>66</power>
     <gpxtpx:TrackPointExtension>
      <gpxtpx:hr>117</gpxtpx:hr>
      <gpxtpx:cad>65</gpxtpx:cad>
     </gpxtpx:TrackPointExtension>
    </extensions>
   </trkpt>
   <trkpt lat="46.0091590" lon="9.8411380">
    <ele>2144.6</ele>
    <time>2025-11-01T12:30:27Z</time>
    <extensions>
     <power>121</power>
     <gpxtpx:TrackPointExtension>
      <gpxtpx:hr>113</gpxtpx:hr>
      <gpxtpx:cad>82</gpxtpx:cad>
     </gpxtpx:TrackPointExtension>
    </extensions>
   </trkpt>
   <trkpt lat="46.0092410" lon="9.8411610">
    <ele>2140.2</ele>
    <time>2025-11-01T12:30:37Z</time>
    <extensions>
     <power>121</power>
     <gpxtpx:TrackPointExtension>
      <gpxtpx:hr>109</gpxtpx:hr>
      <gpxtpx:cad>82</gpxtpx:cad>
     </gpxtpx:TrackPointExtension>
    </extensions>
   </trkpt>
   <trkpt lat="46.0093130" lon="9.8411340">
    <ele>2135.6</ele>
    <time>2025-11-01T12:30:47Z</time>
    <extensions>
     <power>122</power>
     <gpxtpx:TrackPointExtension>
      <gpxtpx:hr>109</gpxtpx:hr>
      <gpxtpx:cad>82</gpxtpx:cad>
     </gpxtpx:TrackPointExtension>
    </extensions>
   </trkpt>
   <trkpt lat="46.0093920" lon="9.8411310">
    <ele>2131.8</ele>
    <time>2025-11-01T12:30:57Z</time>
    <extensions>
     <power>77</power>
     <gpxtpx:TrackPointExtension>
      <gpxtpx:hr>108</gpxtpx:hr>
      <gpxtpx:cad>62</gpxtpx:cad>
     </gpxtpx:TrackPointExtension>
    </extensions>
   </trkpt>
   <trkpt lat="46.0094480" lon="9.8411520">
    <ele>2128.6</ele>
    <time>2025-11-01T12:31:06Z</time>
    <extensions>
     <power>0</power>
     <gpxtpx:TrackPointExtension>
      <gpxtpx:hr>109</gpxtpx:hr>
      <gpxtpx:cad>0</gpxtpx:cad>
     </gpxtpx:TrackPointExtension>
    </extensions>
   </trkpt>
   <trkpt lat="46.0095010" lon="9.8411320">
    <ele>2124.8</ele>
    <time>2025-11-01T12:31:16Z</time>
    <extensions>
     <power>0</power>
     <gpxtpx:TrackPointExtension>
      <gpxtpx:hr>108</gpxtpx:hr>
      <gpxtpx:cad>40</gpxtpx:cad>
     </gpxtpx:TrackPointExtension>
    </extensions>
   </trkpt>
   <trkpt lat="46.0095780" lon="9.8411800">
    <ele>2120.6</ele>
    <time>2025-11-01T12:31:26Z</time>
    <extensions>
     <power>133</power>
     <gpxtpx:TrackPointExtension>
      <gpxtpx:hr>107</gpxtpx:hr>
      <gpxtpx:cad>93</gpxtpx:cad>
     </gpxtpx:TrackPointExtension>
    </extensions>
   </trkpt>
   <trkpt lat="46.0096040" lon="9.8412240">
    <ele>2117.4</ele>
    <time>2025-11-01T12:31:36Z</time>
    <extensions>
     <power>41</power>
     <gpxtpx:TrackPointExtension>
      <gpxtpx:hr>110</gpxtpx:hr>
      <gpxtpx:cad>59</gpxtpx:cad>
     </gpxtpx:TrackPointExtension>
    </extensions>
   </trkpt>
   <trkpt lat="46.0096110" lon="9.8412330">
    <ele>2117.6</ele>
    <time>2025-11-01T12:31:46Z</time>
    <extensions>
     <power>0</power>
     <gpxtpx:TrackPointExtension>
      <gpxtpx:hr>110</gpxtpx:hr>
      <gpxtpx:cad>0</gpxtpx:cad>
     </gpxtpx:TrackPointExtension>
    </extensions>
   </trkpt>
   <trkpt lat="46.0096100" lon="9.8412320">
    <ele>2117.2</ele>
    <time>2025-11-01T12:31:56Z</time>
    <extensions>
     <power>0</power>
     <gpxtpx:TrackPointExtension>
      <gpxtpx:hr>113</gpxtpx:hr>
      <gpxtpx:cad>0</gpxtpx:cad>
     </gpxtpx:TrackPointExtension>
    </extensions>
   </trkpt>
   <trkpt lat="46.0096570" lon="9.8412280">
    <ele>2115.0</ele>
    <time>2025-11-01T12:32:06Z</time>
    <extensions>
     <power>103</power>
     <gpxtpx:TrackPointExtension>
      <gpxtpx:hr>113</gpxtpx:hr>
      <gpxtpx:cad>70</gpxtpx:cad>
     </gpxtpx:TrackPointExtension>
    </extensions>
   </trkpt>
   <trkpt lat="46.0097100" lon="9.8411520">
    <ele>2110.8</ele>
    <time>2025-11-01T12:32:16Z</time>
    <extensions>
     <power>122</power>
     <gpxtpx:TrackPointExtension>
      <gpxtpx:hr>113</gpxtpx:hr>
      <gpxtpx:cad>83</gpxtpx:cad>
     </gpxtpx:TrackPointExtension>
    </extensions>
   </trkpt>
   <trkpt lat="46.0097610" lon="9.8411940">
    <ele>2107.6</ele>
    <time>2025-11-01T12:32:26Z</time>
    <extensions>
     <power>11</power>
     <gpxtpx:TrackPointExtension>
      <gpxtpx:hr>114</gpxtpx:hr>
      <gpxtpx:cad>40</gpxtpx:cad>
     </gpxtpx:TrackPointExtension>
    </extensions>
   </trkpt>
   <trkpt lat="46.0097900" lon="9.8411760">
    <ele>2105.4</ele>
    <time>2025-11-01T12:32:36Z</time>
    <extensions>
     <power>59</power>
     <gpxtpx:TrackPointExtension>
      <gpxtpx:hr>110</gpxtpx:hr>
      <gpxtpx:cad>60</gpxtpx:cad>
     </gpxtpx:TrackPointExtension>
    </extensions>
   </trkpt>
   <trkpt lat="46.0098280" lon="9.8411530">
    <ele>2102.0</ele>
    <time>2025-11-01T12:32:46Z</time>
    <extensions>
     <power>0</power>
     <gpxtpx:TrackPointExtension>
      <gpxtpx:hr>109</gpxtpx:hr>
      <gpxtpx:cad>0</gpxtpx:cad>
     </gpxtpx:TrackPointExtension>
    </extensions>
   </trkpt>
   <trkpt lat="46.0098530" lon="9.8412070">
    <ele>2099.8</ele>
    <time>2025-11-01T12:32:56Z</time>
    <extensions>
     <power>0</power>
     <gpxtpx:TrackPointExtension>
      <gpxtpx:hr>110</gpxtpx:hr>
      <gpxtpx:cad>0</gpxtpx:cad>
     </gpxtpx:TrackPointExtension>
    </extensions>
   </trkpt>
   <trkpt lat="46.0098960" lon="9.8412080">
    <ele>2096.8</ele>
    <time>2025-11-01T12:33:06Z</time>
    <extensions>
     <power>91</power>
     <gpxtpx:TrackPointExtension>
      <gpxtpx:hr>112</gpxtpx:hr>
      <gpxtpx:cad>65</gpxtpx:cad>
     </gpxtpx:TrackPointExtension>
    </extensions>
   </trkpt>
   <trkpt lat="46.0099290" lon="9.8412060">
    <ele>2094.4</ele>
    <time>2025-11-01T12:33:16Z</time>
    <extensions>
     <power>0</power>
     <gpxtpx:TrackPointExtension>
      <gpxtpx:hr>113</gpxtpx:hr>
      <gpxtpx:cad>0</gpxtpx:cad>
     </gpxtpx:TrackPointExtension>
    </extensions>
   </trkpt>
   <trkpt lat="46.0099440" lon="9.8411450">
    <ele>2091.4</ele>
    <time>2025-11-01T12:33:26Z</time>
    <extensions>
     <power>83</power>
     <gpxtpx:TrackPointExtension>
      <gpxtpx:hr>110</gpxtpx:hr>
      <gpxtpx:cad>64</gpxtpx:cad>
     </gpxtpx:TrackPointExtension>
    </extensions>
   </trkpt>
   <trkpt lat="46.0099840" lon="9.8411090">
    <ele>2089.0</ele>
    <time>2025-11-01T12:33:36Z</time>
    <extensions>
     <power>65</power>
     <gpxtpx:TrackPointExtension>
      <gpxtpx:hr>109</gpxtpx:hr>
      <gpxtpx:cad>62</gpxtpx:cad>
     </gpxtpx:TrackPointExtension>
    </extensions>
   </trkpt>
   <trkpt lat="46.0100460" lon="9.8411560">
    <ele>2085.2</ele>
    <time>2025-11-01T12:33:46Z</time>
    <extensions>
     <power>66</power>
     <gpxtpx:TrackPointExtension>
      <gpxtpx:hr>105</gpxtpx:hr>
      <gpxtpx:cad>70</gpxtpx:cad>
     </gpxtpx:TrackPointExtension>
    </extensions>
   </trkpt>
   <trkpt lat="46.0100640" lon="9.8411630">
    <ele>2083.8</ele>
    <time>2025-11-01T12:33:56Z</time>
    <extensions>
     <power>33</power>
     <gpxtpx:TrackPointExtension>
      <gpxtpx:hr>106</gpxtpx:hr>
      <gpxtpx:cad>0</gpxtpx:cad>
     </gpxtpx:TrackPointExtension>
    </extensions>
   </trkpt>
   <trkpt lat="46.0101050" lon="9.8412280">
    <ele>2080.6</ele>
    <time>2025-11-01T12:34:06Z</time>
    <extensions>
     <power>32</power>
     <gpxtpx:TrackPointExtension>
      <gpxtpx:hr>107</gpxtpx:hr>
      <gpxtpx:cad>0</gpxtpx:cad>
     </gpxtpx:TrackPointExtension>
    </extensions>
   </trkpt>
   <trkpt lat="46.0101750" lon="9.8413110">
    <ele>2077.8</ele>
    <time>2025-11-01T12:34:16Z</time>
    <extensions>
     <power>0</power>
     <gpxtpx:TrackPointExtension>
      <gpxtpx:hr>108</gpxtpx:hr>
      <gpxtpx:cad>0</gpxtpx:cad>
     </gpxtpx:TrackPointExtension>
    </extensions>
   </trkpt>
   <trkpt lat="46.0102460" lon="9.8413760">
    <ele>2074.4</ele>
    <time>2025-11-01T12:34:26Z</time>
    <extensions>
     <power>87</power>
     <gpxtpx:TrackPointExtension>
      <gpxtpx:hr>109</gpxtpx:hr>
      <gpxtpx:cad>0</gpxtpx:cad>
     </gpxtpx:TrackPointExtension>
    </extensions>
   </trkpt>
   <trkpt lat="46.0103440" lon="9.8414520">
    <ele>2071.0</ele>
    <time>2025-11-01T12:34:36Z</time>
    <extensions>
     <power>0</power>
     <gpxtpx:TrackPointExtension>
      <gpxtpx:hr>109</gpxtpx:hr>
      <gpxtpx:cad>0</gpxtpx:cad>
     </gpxtpx:TrackPointExtension>
    </extensions>
   </trkpt>
   <trkpt lat="46.0104390" lon="9.8414980">
    <ele>2068.4</ele>
    <time>2025-11-01T12:34:46Z</time>
    <extensions>
     <power>71</power>
     <gpxtpx:TrackPointExtension>
      <gpxtpx:hr>108</gpxtpx:hr>
      <gpxtpx:cad>16</gpxtpx:cad>
     </gpxtpx:TrackPointExtension>
    </extensions>
   </trkpt>
   <trkpt lat="46.0104960" lon="9.8415360">
    <ele>2065.2</ele>
    <time>2025-11-01T12:34:56Z</time>
    <extensions>
     <power>0</power>
     <gpxtpx:TrackPointExtension>
      <gpxtpx:hr>107</gpxtpx:hr>
      <gpxtpx:cad>0</gpxtpx:cad>
     </gpxtpx:TrackPointExtension>
    </extensions>
   </trkpt>
   <trkpt lat="46.0105540" lon="9.8415860">
    <ele>2064.6</ele>
    <time>2025-11-01T12:35:06Z</time>
    <extensions>
     <power>0</power>
     <gpxtpx:TrackPointExtension>
      <gpxtpx:hr>107</gpxtpx:hr>
      <gpxtpx:cad>0</gpxtpx:cad>
     </gpxtpx:TrackPointExtension>
    </extensions>
   </trkpt>
   <trkpt lat="46.0106080" lon="9.8416180">
    <ele>2062.2</ele>
    <time>2025-11-01T12:35:16Z</time>
    <extensions>
     <power>0</power>
     <gpxtpx:TrackPointExtension>
      <gpxtpx:hr>105</gpxtpx:hr>
      <gpxtpx:cad>55</gpxtpx:cad>
     </gpxtpx:TrackPointExtension>
    </extensions>
   </trkpt>
   <trkpt lat="46.0106470" lon="9.8416010">
    <ele>2060.4</ele>
    <time>2025-11-01T12:35:26Z</time>
    <extensions>
     <power>0</power>
     <gpxtpx:TrackPointExtension>
      <gpxtpx:hr>109</gpxtpx:hr>
      <gpxtpx:cad>47</gpxtpx:cad>
     </gpxtpx:TrackPointExtension>
    </extensions>
   </trkpt>
   <trkpt lat="46.0106720" lon="9.8415680">
    <ele>2058.4</ele>
    <time>2025-11-01T12:35:36Z</time>
    <extensions>
     <power>0</power>
     <gpxtpx:TrackPointExtension>
      <gpxtpx:hr>107</gpxtpx:hr>
      <gpxtpx:cad>0</gpxtpx:cad>
     </gpxtpx:TrackPointExtension>
    </extensions>
   </trkpt>
   <trkpt lat="46.0106830" lon="9.8415430">
    <ele>2057.4</ele>
    <time>2025-11-01T12:35:46Z</time>
    <extensions>
     <power>0</power>
     <gpxtpx:TrackPointExtension>
      <gpxtpx:hr>109</gpxtpx:hr>
      <gpxtpx:cad>0</gpxtpx:cad>
     </gpxtpx:TrackPointExtension>
    </extensions>
   </trkpt>
   <trkpt lat="46.0107040" lon="9.8415160">
    <ele>2055.4</ele>
    <time>2025-11-01T12:35:56Z</time>
    <extensions>
     <power>0</power>
     <gpxtpx:TrackPointExtension>
      <gpxtpx:hr>113</gpxtpx:hr>
      <gpxtpx:cad>0</gpxtpx:cad>
     </gpxtpx:TrackPointExtension>
    </extensions>
   </trkpt>
   <trkpt lat="46.0107330" lon="9.8414520">
    <ele>2053.0</ele>
    <time>2025-11-01T12:36:06Z</time>
    <extensions>
     <power>0</power>
     <gpxtpx:TrackPointExtension>
      <gpxtpx:hr>113</gpxtpx:hr>
      <gpxtpx:cad>0</gpxtpx:cad>
     </gpxtpx:TrackPointExtension>
    </extensions>
   </trkpt>
   <trkpt lat="46.0107950" lon="9.8415190">
    <ele>2051.2</ele>
    <time>2025-11-01T12:36:16Z</time>
    <extensions>
     <power>0</power>
     <gpxtpx:TrackPointExtension>
      <gpxtpx:hr>111</gpxtpx:hr>
      <gpxtpx:cad>0</gpxtpx:cad>
     </gpxtpx:TrackPointExtension>
    </extensions>
   </trkpt>
   <trkpt lat="46.0108180" lon="9.8415530">
    <ele>2049.8</ele>
    <time>2025-11-01T12:36:25Z</time>
    <extensions>
     <power>38</power>
     <gpxtpx:TrackPointExtension>
      <gpxtpx:hr>110</gpxtpx:hr>
      <gpxtpx:cad>44</gpxtpx:cad>
     </gpxtpx:TrackPointExtension>
    </extensions>
   </trkpt>
   <trkpt lat="46.0108720" lon="9.8415890">
    <ele>2048.0</ele>
    <time>2025-11-01T12:36:35Z</time>
    <extensions>
     <power>44</power>
     <gpxtpx:TrackPointExtension>
      <gpxtpx:hr>108</gpxtpx:hr>
      <gpxtpx:cad>51</gpxtpx:cad>
     </gpxtpx:TrackPointExtension>
    </extensions>
   </trkpt>
   <trkpt lat="46.0109110" lon="9.8416250">
    <ele>2046.2</ele>
    <time>2025-11-01T12:36:45Z</time>
    <extensions>
     <power>0</power>
     <gpxtpx:TrackPointExtension>
      <gpxtpx:hr>108</gpxtpx:hr>
      <gpxtpx:cad>0</gpxtpx:cad>
     </gpxtpx:TrackPointExtension>
    </extensions>
   </trkpt>
   <trkpt lat="46.0109530" lon="9.8416990">
    <ele>2045.0</ele>
    <time>2025-11-01T12:36:55Z</time>
    <extensions>
     <power>0</power>
     <gpxtpx:TrackPointExtension>
      <gpxtpx:hr>109</gpxtpx:hr>
      <gpxtpx:cad>0</gpxtpx:cad>
     </gpxtpx:TrackPointExtension>
    </extensions>
   </trkpt>
   <trkpt lat="46.0110050" lon="9.8417360">
    <ele>2043.0</ele>
    <time>2025-11-01T12:37:05Z</time>
    <extensions>
     <power>0</power>
     <gpxtpx:TrackPointExtension>
      <gpxtpx:hr>110</gpxtpx:hr>
      <gpxtpx:cad>0</gpxtpx:cad>
     </gpxtpx:TrackPointExtension>
    </extensions>
   </trkpt>
   <trkpt lat="46.0110410" lon="9.8417550">
    <ele>2039.6</ele>
    <time>2025-11-01T12:37:15Z</time>
    <extensions>
     <power>0</power>
     <gpxtpx:TrackPointExtension>
      <gpxtpx:hr>116</gpxtpx:hr>
      <gpxtpx:cad>0</gpxtpx:cad>
     </gpxtpx:TrackPointExtension>
    </extensions>
   </trkpt>
   <trkpt lat="46.0111040" lon="9.8417850">
    <ele>2036.8</ele>
    <time>2025-11-01T12:37:25Z</time>
    <extensions>
     <power>0</power>
     <gpxtpx:TrackPointExtension>
      <gpxtpx:hr>116</gpxtpx:hr>
      <gpxtpx:cad>0</gpxtpx:cad>
     </gpxtpx:TrackPointExtension>
    </extensions>
   </trkpt>
   <trkpt lat="46.0111600" lon="9.8418310">
    <ele>2033.2</ele>
    <time>2025-11-01T12:37:35Z</time>
    <extensions>
     <power>0</power>
     <gpxtpx:TrackPointExtension>
      <gpxtpx:hr>115</gpxtpx:hr>
      <gpxtpx:cad>0</gpxtpx:cad>
     </gpxtpx:TrackPointExtension>
    </extensions>
   </trkpt>
   <trkpt lat="46.0112580" lon="9.8419690">
    <ele>2029.0</ele>
    <time>2025-11-01T12:37:45Z</time>
    <extensions>
     <power>129</power>
     <gpxtpx:TrackPointExtension>
      <gpxtpx:hr>113</gpxtpx:hr>
      <gpxtpx:cad>80</gpxtpx:cad>
     </gpxtpx:TrackPointExtension>
    </extensions>
   </trkpt>
   <trkpt lat="46.0113990" lon="9.8420410">
    <ele>2027.4</ele>
    <time>2025-11-01T12:37:55Z</time>
    <extensions>
     <power>0</power>
     <gpxtpx:TrackPointExtension>
      <gpxtpx:hr>115</gpxtpx:hr>
      <gpxtpx:cad>0</gpxtpx:cad>
     </gpxtpx:TrackPointExtension>
    </extensions>
   </trkpt>
   <trkpt lat="46.0114810" lon="9.8421710">
    <ele>2024.6</ele>
    <time>2025-11-01T12:38:05Z</time>
    <extensions>
     <power>0</power>
     <gpxtpx:TrackPointExtension>
      <gpxtpx:hr>116</gpxtpx:hr>
      <gpxtpx:cad>0</gpxtpx:cad>
     </gpxtpx:TrackPointExtension>
    </extensions>
   </trkpt>
   <trkpt lat="46.0116150" lon="9.8423710">
    <ele>2021.2</ele>
    <time>2025-11-01T12:38:15Z</time>
    <extensions>
     <power>149</power>
     <gpxtpx:TrackPointExtension>
      <gpxtpx:hr>118</gpxtpx:hr>
      <gpxtpx:cad>87</gpxtpx:cad>
     </gpxtpx:TrackPointExtension>
    </extensions>
   </trkpt>
   <trkpt lat="46.0117430" lon="9.8425740">
    <ele>2019.6</ele>
    <time>2025-11-01T12:38:25Z</time>
    <extensions>
     <power>130</power>
     <gpxtpx:TrackPointExtension>
      <gpxtpx:hr>122</gpxtpx:hr>
      <gpxtpx:cad>84</gpxtpx:cad>
     </gpxtpx:TrackPointExtension>
    </extensions>
   </trkpt>
   <trkpt lat="46.0118730" lon="9.8426610">
    <ele>2018.8</ele>
    <time>2025-11-01T12:38:35Z</time>
    <extensions>
     <power>129</power>
     <gpxtpx:TrackPointExtension>
      <gpxtpx:hr>126</gpxtpx:hr>
      <gpxtpx:cad>76</gpxtpx:cad>
     </gpxtpx:TrackPointExtension>
    </extensions>
   </trkpt>
   <trkpt lat="46.0120110" lon="9.8425950">
    <ele>2017.2</ele>
    <time>2025-11-01T12:38:45Z</time>
    <extensions>
     <power>169</power>
     <gpxtpx:TrackPointExtension>
      <gpxtpx:hr>129</gpxtpx:hr>
      <gpxtpx:cad>83</gpxtpx:cad>
     </gpxtpx:TrackPointExtension>
    </extensions>
   </trkpt>
   <trkpt lat="46.0121210" lon="9.8425320">
    <ele>2016.6</ele>
    <time>2025-11-01T12:38:55Z</time>
    <extensions>
     <power>0</power>
     <gpxtpx:TrackPointExtension>
      <gpxtpx:hr>131</gpxtpx:hr>
      <gpxtpx:cad>0</gpxtpx:cad>
     </gpxtpx:TrackPointExtension>
    </extensions>
   </trkpt>
   <trkpt lat="46.0122290" lon="9.8424450">
    <ele>2015.4</ele>
    <time>2025-11-01T12:39:05Z</time>
    <extensions>
     <power>0</power>
     <gpxtpx:TrackPointExtension>
      <gpxtpx:hr>132</gpxtpx:hr>
      <gpxtpx:cad>61</gpxtpx:cad>
     </gpxtpx:TrackPointExtension>
    </extensions>
   </trkpt>
   <trkpt lat="46.0122960" lon="9.8424030">
    <ele>2013.6</ele>
    <time>2025-11-01T12:39:15Z</time>
    <extensions>
     <power>83</power>
     <gpxtpx:TrackPointExtension>
      <gpxtpx:hr>133</gpxtpx:hr>
      <gpxtpx:cad>57</gpxtpx:cad>
     </gpxtpx:TrackPointExtension>
    </extensions>
   </trkpt>
   <trkpt lat="46.0123880" lon="9.8423130">
    <ele>2012.0</ele>
    <time>2025-11-01T12:39:25Z</time>
    <extensions>
     <power>0</power>
     <gpxtpx:TrackPointExtension>
      <gpxtpx:hr>133</gpxtpx:hr>
      <gpxtpx:cad>0</gpxtpx:cad>
     </gpxtpx:TrackPointExtension>
    </extensions>
   </trkpt>
   <trkpt lat="46.0124760" lon="9.8422150">
    <ele>2010.4</ele>
    <time>2025-11-01T12:39:35Z</time>
    <extensions>
     <power>0</power>
     <gpxtpx:TrackPointExtension>
      <gpxtpx:hr>131</gpxtpx:hr>
      <gpxtpx:cad>0</gpxtpx:cad>
     </gpxtpx:TrackPointExtension>
    </extensions>
   </trkpt>
   <trkpt lat="46.0125520" lon="9.8420880">
    <ele>2008.4</ele>
    <time>2025-11-01T12:39:45Z</time>
    <extensions>
     <power>119</power>
     <gpxtpx:TrackPointExtension>
      <gpxtpx:hr>130</gpxtpx:hr>
      <gpxtpx:cad>61</gpxtpx:cad>
     </gpxtpx:TrackPointExtension>
    </extensions>
   </trkpt>
   <trkpt lat="46.0126110" lon="9.8419950">
    <ele>2006.2</ele>
    <time>2025-11-01T12:39:55Z</time>
    <extensions>
     <power>54</power>
     <gpxtpx:TrackPointExtension>
      <gpxtpx:hr>130</gpxtpx:hr>
      <gpxtpx:cad>54</gpxtpx:cad>
     </gpxtpx:TrackPointExtension>
    </extensions>
   </trkpt>
   <trkpt lat="46.0126890" lon="9.8419140">
    <ele>2004.6</ele>
    <time>2025-11-01T12:40:05Z</time>
    <extensions>
     <power>0</power>
     <gpxtpx:TrackPointExtension>
      <gpxtpx:hr>129</gpxtpx:hr>
      <gpxtpx:cad>57</gpxtpx:cad>
     </gpxtpx:TrackPointExtension>
    </extensions>
   </trkpt>
   <trkpt lat="46.0127440" lon="9.8418660">
    <ele>2003.0</ele>
    <time>2025-11-01T12:40:15Z</time>
    <extensions>
     <power>0</power>
     <gpxtpx:TrackPointExtension>
      <gpxtpx:hr>127</gpxtpx:hr>
      <gpxtpx:cad>0</gpxtpx:cad>
     </gpxtpx:TrackPointExtension>
    </extensions>
   </trkpt>
   <trkpt lat="46.0128310" lon="9.8417780">
    <ele>2001.6</ele>
    <time>2025-11-01T12:40:25Z</time>
    <extensions>
     <power>53</power>
     <gpxtpx:TrackPointExtension>
      <gpxtpx:hr>126</gpxtpx:hr>
      <gpxtpx:cad>53</gpxtpx:cad>
     </gpxtpx:TrackPointExtension>
    </extensions>
   </trkpt>
   <trkpt lat="46.0129840" lon="9.8417010">
    <ele>1999.6</ele>
    <time>2025-11-01T12:40:35Z</time>
    <extensions>
     <power>0</power>
     <gpxtpx:TrackPointExtension>
      <gpxtpx:hr>125</gpxtpx:hr>
      <gpxtpx:cad>0</gpxtpx:cad>
     </gpxtpx:TrackPointExtension>
    </extensions>
   </trkpt>
   <trkpt lat="46.0130690" lon="9.8417090">
    <ele>2001.4</ele>
    <time>2025-11-01T12:40:45Z</time>
    <extensions>
     <power>127</power>
     <gpxtpx:TrackPointExtension>
      <gpxtpx:hr>125</gpxtpx:hr>
      <gpxtpx:cad>0</gpxtpx:cad>
     </gpxtpx:TrackPointExtension>
    </extensions>
   </trkpt>
   <trkpt lat="46.0131590" lon="9.8417000">
    <ele>2001.6</ele>
    <time>2025-11-01T12:40:55Z</time>
    <extensions>
     <power>85</power>
     <gpxtpx:TrackPointExtension>
      <gpxtpx:hr>126</gpxtpx:hr>
      <gpxtpx:cad>51</gpxtpx:cad>
     </gpxtpx:TrackPointExtension>
    </extensions>
   </trkpt>
   <trkpt lat="46.0132320" lon="9.8416990">
    <ele>1999.4</ele>
    <time>2025-11-01T12:41:05Z</time>
    <extensions>
     <power>0</power>
     <gpxtpx:TrackPointExtension>
      <gpxtpx:hr>129</gpxtpx:hr>
      <gpxtpx:cad>0</gpxtpx:cad>
     </gpxtpx:TrackPointExtension>
    </extensions>
   </trkpt>
   <trkpt lat="46.0133020" lon="9.8416130">
    <ele>1999.8</ele>
    <time>2025-11-01T12:41:15Z</time>
    <extensions>
     <power>0</power>
     <gpxtpx:TrackPointExtension>
      <gpxtpx:hr>131</gpxtpx:hr>
      <gpxtpx:cad>0</gpxtpx:cad>
     </gpxtpx:TrackPointExtension>
    </extensions>
   </trkpt>
   <trkpt lat="46.0133900" lon="9.8416300">
    <ele>2000.2</ele>
    <time>2025-11-01T12:41:25Z</time>
    <extensions>
     <power>78</power>
     <gpxtpx:TrackPointExtension>
      <gpxtpx:hr>132</gpxtpx:hr>
      <gpxtpx:cad>51</gpxtpx:cad>
     </gpxtpx:TrackPointExtension>
    </extensions>
   </trkpt>
   <trkpt lat="46.0134580" lon="9.8416590">
    <ele>2001.6</ele>
    <time>2025-11-01T12:41:35Z</time>
    <extensions>
     <power>110</power>
     <gpxtpx:TrackPointExtension>
      <gpxtpx:hr>132</gpxtpx:hr>
      <gpxtpx:cad>40</gpxtpx:cad>
     </gpxtpx:TrackPointExtension>
    </extensions>
   </trkpt>
   <trkpt lat="46.0135120" lon="9.8416950">
    <ele>2003.8</ele>
    <time>2025-11-01T12:41:44Z</time>
    <extensions>
     <power>155</power>
     <gpxtpx:TrackPointExtension>
      <gpxtpx:hr>134</gpxtpx:hr>
      <gpxtpx:cad>40</gpxtpx:cad>
     </gpxtpx:TrackPointExtension>
    </extensions>
   </trkpt>
   <trkpt lat="46.0135890" lon="9.8417520">
    <ele>2005.6</ele>
    <time>2025-11-01T12:41:54Z</time>
    <extensions>
     <power>206</power>
     <gpxtpx:TrackPointExtension>
      <gpxtpx:hr>138</gpxtpx:hr>
      <gpxtpx:cad>46</gpxtpx:cad>
     </gpxtpx:TrackPointExtension>
    </extensions>
   </trkpt>
   <trkpt lat="46.0136480" lon="9.8417420">
    <ele>2004.2</ele>
    <time>2025-11-01T12:42:04Z</time>
    <extensions>
     <power>0</power>
     <gpxtpx:TrackPointExtension>
      <gpxtpx:hr>139</gpxtpx:hr>
      <gpxtpx:cad>0</gpxtpx:cad>
     </gpxtpx:TrackPointExtension>
    </extensions>
   </trkpt>
   <trkpt lat="46.0136890" lon="9.8417480">
    <ele>2002.0</ele>
    <time>2025-11-01T12:42:14Z</time>
    <extensions>
     <power>86</power>
     <gpxtpx:TrackPointExtension>
      <gpxtpx:hr>138</gpxtpx:hr>
      <gpxtpx:cad>53</gpxtpx:cad>
     </gpxtpx:TrackPointExtension>
    </extensions>
   </trkpt>
   <trkpt lat="46.0137360" lon="9.8417210">
    <ele>1998.6</ele>
    <time>2025-11-01T12:42:24Z</time>
    <extensions>
     <power>0</power>
     <gpxtpx:TrackPointExtension>
      <gpxtpx:hr>136</gpxtpx:hr>
      <gpxtpx:cad>0</gpxtpx:cad>
     </gpxtpx:TrackPointExtension>
    </extensions>
   </trkpt>
   <trkpt lat="46.0137810" lon="9.8416700">
    <ele>1995.4</ele>
    <time>2025-11-01T12:42:34Z</time>
    <extensions>
     <power>0</power>
     <gpxtpx:TrackPointExtension>
      <gpxtpx:hr>135</gpxtpx:hr>
      <gpxtpx:cad>0</gpxtpx:cad>
     </gpxtpx:TrackPointExtension>
    </extensions>
   </trkpt>
   <trkpt lat="46.0138320" lon="9.8417140">
    <ele>1992.0</ele>
    <time>2025-11-01T12:42:44Z</time>
    <extensions>
     <power>0</power>
     <gpxtpx:TrackPointExtension>
      <gpxtpx:hr>133</gpxtpx:hr>
      <gpxtpx:cad>0</gpxtpx:cad>
     </gpxtpx:TrackPointExtension>
    </extensions>
   </trkpt>
   <trkpt lat="46.0138570" lon="9.8417280">
    <ele>1990.0</ele>
    <time>2025-11-01T12:42:54Z</time>
    <extensions>
     <power>84</power>
     <gpxtpx:TrackPointExtension>
      <gpxtpx:hr>134</gpxtpx:hr>
      <gpxtpx:cad>60</gpxtpx:cad>
     </gpxtpx:TrackPointExtension>
    </extensions>
   </trkpt>
   <trkpt lat="46.0138950" lon="9.8417080">
    <ele>1987.6</ele>
    <time>2025-11-01T12:43:04Z</time>
    <extensions>
     <power>62</power>
     <gpxtpx:TrackPointExtension>
      <gpxtpx:hr>130</gpxtpx:hr>
      <gpxtpx:cad>59</gpxtpx:cad>
     </gpxtpx:TrackPointExtension>
    </extensions>
   </trkpt>
   <trkpt lat="46.0139490" lon="9.8417090">
    <ele>1985.2</ele>
    <time>2025-11-01T12:43:14Z</time>
    <extensions>
     <power>0</power>
     <gpxtpx:TrackPointExtension>
      <gpxtpx:hr>128</gpxtpx:hr>
      <gpxtpx:cad>0</gpxtpx:cad>
     </gpxtpx:TrackPointExtension>
    </extensions>
   </trkpt>
   <trkpt lat="46.0140190" lon="9.8417330">
    <ele>1982.0</ele>
    <time>2025-11-01T12:43:24Z</time>
    <extensions>
     <power>20</power>
     <gpxtpx:TrackPointExtension>
      <gpxtpx:hr>125</gpxtpx:hr>
      <gpxtpx:cad>53</gpxtpx:cad>
     </gpxtpx:TrackPointExtension>
    </extensions>
   </trkpt>
   <trkpt lat="46.0140890" lon="9.8418420">
    <ele>1978.6</ele>
    <time>2025-11-01T12:43:34Z</time>
    <extensions>
     <power>119</power>
     <gpxtpx:TrackPointExtension>
      <gpxtpx:hr>125</gpxtpx:hr>
      <gpxtpx:cad>83</gpxtpx:cad>
     </gpxtpx:TrackPointExtension>
    </extensions>
   </trkpt>
   <trkpt lat="46.0141370" lon="9.8418800">
    <ele>1977.6</ele>
    <time>2025-11-01T12:43:44Z</time>
    <extensions>
     <power>0</power>
     <gpxtpx:TrackPointExtension>
      <gpxtpx:hr>126</gpxtpx:hr>
      <gpxtpx:cad>45</gpxtpx:cad>
     </gpxtpx:TrackPointExtension>
    </extensions>
   </trkpt>
   <trkpt lat="46.0142280" lon="9.8419430">
    <ele>1974.6</ele>
    <time>2025-11-01T12:43:54Z</time>
    <extensions>
     <power>0</power>
     <gpxtpx:TrackPointExtension>
      <gpxtpx:hr>125</gpxtpx:hr>
      <gpxtpx:cad>0</gpxtpx:cad>
     </gpxtpx:TrackPointExtension>
    </extensions>
   </trkpt>
   <trkpt lat="46.0142990" lon="9.8419780">
    <ele>1972.8</ele>
    <time>2025-11-01T12:44:04Z</time>
    <extensions>
     <power>32</power>
     <gpxtpx:TrackPointExtension>
      <gpxtpx:hr>123</gpxtpx:hr>
      <gpxtpx:cad>51</gpxtpx:cad>
     </gpxtpx:TrackPointExtension>
    </extensions>
   </trkpt>
   <trkpt lat="46.0143660" lon="9.8420760">
    <ele>1972.0</ele>
    <time>2025-11-01T12:44:14Z</time>
    <extensions>
     <power>49</power>
     <gpxtpx:TrackPointExtension>
      <gpxtpx:hr>123</gpxtpx:hr>
      <gpxtpx:cad>53</gpxtpx:cad>
     </gpxtpx:TrackPointExtension>
    </extensions>
   </trkpt>
   <trkpt lat="46.0144130" lon="9.8421370">
    <ele>1972.4</ele>
    <time>2025-11-01T12:44:24Z</time>
    <extensions>
     <power>3</power>
     <gpxtpx:TrackPointExtension>
      <gpxtpx:hr>123</gpxtpx:hr>
      <gpxtpx:cad>50</gpxtpx:cad>
     </gpxtpx:TrackPointExtension>
    </extensions>
   </trkpt>
   <trkpt lat="46.0145050" lon="9.8420990">
    <ele>1971.4</ele>
    <time>2025-11-01T12:44:34Z</time>
    <extensions>
     <power>67</power>
     <gpxtpx:TrackPointExtension>
      <gpxtpx:hr>123</gpxtpx:hr>
      <gpxtpx:cad>50</gpxtpx:cad>
     </gpxtpx:TrackPointExtension>
    </extensions>
   </trkpt>
   <trkpt lat="46.0145910" lon="9.8420500">
    <ele>1969.0</ele>
    <time>2025-11-01T12:44:44Z</time>
    <extensions>
     <power>0</power>
     <gpxtpx:TrackPointExtension>
      <gpxtpx:hr>125</gpxtpx:hr>
      <gpxtpx:cad>0</gpxtpx:cad>
     </gpxtpx:TrackPointExtension>
    </extensions>
   </trkpt>
   <trkpt lat="46.0146970" lon="9.8420970">
    <ele>1968.0</ele>
    <time>2025-11-01T12:44:54Z</time>
    <extensions>
     <power>85</power>
     <gpxtpx:TrackPointExtension>
      <gpxtpx:hr>124</gpxtpx:hr>
      <gpxtpx:cad>62</gpxtpx:cad>
     </gpxtpx:TrackPointExtension>
    </extensions>
   </trkpt>
   <trkpt lat="46.0147860" lon="9.8421190">
    <ele>1967.4</ele>
    <time>2025-11-01T12:45:04Z</time>
    <extensions>
     <power>100</power>
     <gpxtpx:TrackPointExtension>
      <gpxtpx:hr>124</gpxtpx:hr>
      <gpxtpx:cad>58</gpxtpx:cad>
     </gpxtpx:TrackPointExtension>
    </extensions>
   </trkpt>
   <trkpt lat="46.0148700" lon="9.8420810">
    <ele>1965.4</ele>
    <time>2025-11-01T12:45:14Z</time>
    <extensions>
     <power>83</power>
     <gpxtpx:TrackPointExtension>
      <gpxtpx:hr>123</gpxtpx:hr>
      <gpxtpx:cad>61</gpxtpx:cad>
     </gpxtpx:TrackPointExtension>
    </extensions>
   </trkpt>
   <trkpt lat="46.0149570" lon="9.8420080">
    <ele>1962.6</ele>
    <time>2025-11-01T12:45:24Z</time>
    <extensions>
     <power>0</power>
     <gpxtpx:TrackPointExtension>
      <gpxtpx:hr>122</gpxtpx:hr>
      <gpxtpx:cad>0</gpxtpx:cad>
     </gpxtpx:TrackPointExtension>
    </extensions>
   </trkpt>
   <trkpt lat="46.0150120" lon="9.8419610">
    <ele>1959.4</ele>
    <time>2025-11-01T12:45:34Z</time>
    <extensions>
     <power>40</power>
     <gpxtpx:TrackPointExtension>
      <gpxtpx:hr>122</gpxtpx:hr>
      <gpxtpx:cad>0</gpxtpx:cad>
     </gpxtpx:TrackPointExtension>
    </extensions>
   </trkpt>
   <trkpt lat="46.0150490" lon="9.8419780">
    <ele>1959.2</ele>
    <time>2025-11-01T12:45:44Z</time>
    <extensions>
     <power>0</power>
     <gpxtpx:TrackPointExtension>
      <gpxtpx:hr>121</gpxtpx:hr>
      <gpxtpx:cad>0</gpxtpx:cad>
     </gpxtpx:TrackPointExtension>
    </extensions>
   </trkpt>
   <trkpt lat="46.0151090" lon="9.8419890">
    <ele>1957.6</ele>
    <time>2025-11-01T12:45:54Z</time>
    <extensions>
     <power>0</power>
     <gpxtpx:TrackPointExtension>
      <gpxtpx:hr>121</gpxtpx:hr>
      <gpxtpx:cad>0</gpxtpx:cad>
     </gpxtpx:TrackPointExtension>
    </extensions>
   </trkpt>
   <trkpt lat="46.0151910" lon="9.8420020">
    <ele>1958.6</ele>
    <time>2025-11-01T12:46:04Z</time>
    <extensions>
     <power>69</power>
     <gpxtpx:TrackPointExtension>
      <gpxtpx:hr>114</gpxtpx:hr>
      <gpxtpx:cad>53</gpxtpx:cad>
     </gpxtpx:TrackPointExtension>
    </extensions>
   </trkpt>
   <trkpt lat="46.0152520" lon="9.8419870">
    <ele>1959.0</ele>
    <time>2025-11-01T12:46:14Z</time>
    <extensions>
     <power>0</power>
     <gpxtpx:TrackPointExtension>
      <gpxtpx:hr>116</gpxtpx:hr>
      <gpxtpx:cad>51</gpxtpx:cad>
     </gpxtpx:TrackPointExtension>
    </extensions>
   </trkpt>
   <trkpt lat="46.0153120" lon="9.8419450">
    <ele>1957.6</ele>
    <time>2025-11-01T12:46:24Z</time>
    <extensions>
     <power>49</power>
     <gpxtpx:TrackPointExtension>
      <gpxtpx:hr>115</gpxtpx:hr>
      <gpxtpx:cad>48</gpxtpx:cad>
     </gpxtpx:TrackPointExtension>
    </extensions>
   </trkpt>
   <trkpt lat="46.0153970" lon="9.8419120">
    <ele>1957.2</ele>
    <time>2025-11-01T12:46:34Z</time>
    <extensions>
     <power>0</power>
     <gpxtpx:TrackPointExtension>
      <gpxtpx:hr>114</gpxtpx:hr>
      <gpxtpx:cad>0</gpxtpx:cad>
     </gpxtpx:TrackPointExtension>
    </extensions>
   </trkpt>
   <trkpt lat="46.0154940" lon="9.8419210">
    <ele>1957.0</ele>
    <time>2025-11-01T12:46:44Z</time>
    <extensions>
     <power>86</power>
     <gpxtpx:TrackPointExtension>
      <gpxtpx:hr>117</gpxtpx:hr>
      <gpxtpx:cad>49</gpxtpx:cad>
     </gpxtpx:TrackPointExtension>
    </extensions>
   </trkpt>
   <trkpt lat="46.0155850" lon="9.8418940">
    <ele>1956.0</ele>
    <time>2025-11-01T12:46:54Z</time>
    <extensions>
     <power>103</power>
     <gpxtpx:TrackPointExtension>
      <gpxtpx:hr>118</gpxtpx:hr>
      <gpxtpx:cad>62</gpxtpx:cad>
     </gpxtpx:TrackPointExtension>
    </extensions>
   </trkpt>
   <trkpt lat="46.0156770" lon="9.8418810">
    <ele>1954.2</ele>
    <time>2025-11-01T12:47:03Z</time>
    <extensions>
     <power>86</power>
     <gpxtpx:TrackPointExtension>
      <gpxtpx:hr>118</gpxtpx:hr>
      <gpxtpx:cad>55</gpxtpx:cad>
     </gpxtpx:TrackPointExtension>
    </extensions>
   </trkpt>
   <trkpt lat="46.0157630" lon="9.8418740">
    <ele>1953.0</ele>
    <time>2025-11-01T12:47:13Z</time>
    <extensions>
     <power>111</power>
     <gpxtpx:TrackPointExtension>
      <gpxtpx:hr>117</gpxtpx:hr>
      <gpxtpx:cad>55</gpxtpx:cad>
     </gpxtpx:TrackPointExtension>
    </extensions>
   </trkpt>
   <trkpt lat="46.0158470" lon="9.8418670">
    <ele>1952.6</ele>
    <time>2025-11-01T12:47:23Z</time>
    <extensions>
     <power>82</power>
     <gpxtpx:TrackPointExtension>
      <gpxtpx:hr>116</gpxtpx:hr>
      <gpxtpx:cad>0</gpxtpx:cad>
     </gpxtpx:TrackPointExtension>
    </extensions>
   </trkpt>
   <trkpt lat="46.0159350" lon="9.8418390">
    <ele>1951.2</ele>
    <time>2025-11-01T12:47:33Z</time>
    <extensions>
     <power>0</power>
     <gpxtpx:TrackPointExtension>
      <gpxtpx:hr>116</gpxtpx:hr>
      <gpxtpx:cad>0</gpxtpx:cad>
     </gpxtpx:TrackPointExtension>
    </extensions>
   </trkpt>
   <trkpt lat="46.0160360" lon="9.8418220">
    <ele>1951.8</ele>
    <time>2025-11-01T12:47:43Z</time>
    <extensions>
     <power>85</power>
     <gpxtpx:TrackPointExtension>
      <gpxtpx:hr>118</gpxtpx:hr>
      <gpxtpx:cad>53</gpxtpx:cad>
     </gpxtpx:TrackPointExtension>
    </extensions>
   </trkpt>
   <trkpt lat="46.0161630" lon="9.8418030">
    <ele>1951.8</ele>
    <time>2025-11-01T12:47:53Z</time>
    <extensions>
     <power>92</power>
     <gpxtpx:TrackPointExtension>
      <gpxtpx:hr>119</gpxtpx:hr>
      <gpxtpx:cad>52</gpxtpx:cad>
     </gpxtpx:TrackPointExtension>
    </extensions>
   </trkpt>
   <trkpt lat="46.0162620" lon="9.8416870">
    <ele>1951.0</ele>
    <time>2025-11-01T12:48:03Z</time>
    <extensions>
     <power>113</power>
     <gpxtpx:TrackPointExtension>
      <gpxtpx:hr>123</gpxtpx:hr>
      <gpxtpx:cad>61</gpxtpx:cad>
     </gpxtpx:TrackPointExtension>
    </extensions>
   </trkpt>
   <trkpt lat="46.0163870" lon="9.8416420">
    <ele>1950.2</ele>
    <time>2025-11-01T12:48:13Z</time>
    <extensions>
     <power>143</power>
     <gpxtpx:TrackPointExtension>
      <gpxtpx:hr>124</gpxtpx:hr>
      <gpxtpx:cad>62</gpxtpx:cad>
     </gpxtpx:TrackPointExtension>
    </extensions>
   </trkpt>
   <trkpt lat="46.0165180" lon="9.8416090">
    <ele>1950.2</ele>
    <time>2025-11-01T12:48:23Z</time>
    <extensions>
     <power>0</power>
     <gpxtpx:TrackPointExtension>
      <gpxtpx:hr>124</gpxtpx:hr>
      <gpxtpx:cad>0</gpxtpx:cad>
     </gpxtpx:TrackPointExtension>
    </extensions>
   </trkpt>
   <trkpt lat="46.0166040" lon="9.8415910">
    <ele>1950.0</ele>
    <time>2025-11-01T12:48:33Z</time>
    <extensions>
     <power>117</power>
     <gpxtpx:TrackPointExtension>
      <gpxtpx:hr>121</gpxtpx:hr>
      <gpxtpx:cad>55</gpxtpx:cad>
     </gpxtpx:TrackPointExtension>
    </extensions>
   </trkpt>
   <trkpt lat="46.0166990" lon="9.8415640">
    <ele>1949.8</ele>
    <time>2025-11-01T12:48:43Z</time>
    <extensions>
     <power>88</power>
     <gpxtpx:TrackPointExtension>
      <gpxtpx:hr>122</gpxtpx:hr>
      <gpxtpx:cad>48</gpxtpx:cad>
     </gpxtpx:TrackPointExtension>
    </extensions>
   </trkpt>
   <trkpt lat="46.0167790" lon="9.8414570">
    <ele>1950.0</ele>
    <time>2025-11-01T12:48:53Z</time>
    <extensions>
     <power>114</power>
     <gpxtpx:TrackPointExtension>
      <gpxtpx:hr>122</gpxtpx:hr>
      <gpxtpx:cad>50</gpxtpx:cad>
     </gpxtpx:TrackPointExtension>
    </extensions>
   </trkpt>
   <trkpt lat="46.0168700" lon="9.8413490">
    <ele>1950.0</ele>
    <time>2025-11-01T12:49:03Z</time>
    <extensions>
     <power>126</power>
     <gpxtpx:TrackPointExtension>
      <gpxtpx:hr>122</gpxtpx:hr>
      <gpxtpx:cad>55</gpxtpx:cad>
     </gpxtpx:TrackPointExtension>
    </extensions>
   </trkpt>
   <trkpt lat="46.0169520" lon="9.8412330">
    <ele>1949.6</ele>
    <time>2025-11-01T12:49:13Z</time>
    <extensions>
     <power>124</power>
     <gpxtpx:TrackPointExtension>
      <gpxtpx:hr>123</gpxtpx:hr>
      <gpxtpx:cad>54</gpxtpx:cad>
     </gpxtpx:TrackPointExtension>
    </extensions>
   </trkpt>
   <trkpt lat="46.0169670" lon="9.8411230">
    <ele>1948.0</ele>
    <time>2025-11-01T12:49:23Z</time>
    <extensions>
     <power>0</power>
     <gpxtpx:TrackPointExtension>
      <gpxtpx:hr>122</gpxtpx:hr>
      <gpxtpx:cad>0</gpxtpx:cad>
     </gpxtpx:TrackPointExtension>
    </extensions>
   </trkpt>
   <trkpt lat="46.0169760" lon="9.8410790">
    <ele>1946.4</ele>
    <time>2025-11-01T12:49:33Z</time>
    <extensions>
     <power>0</power>
     <gpxtpx:TrackPointExtension>
      <gpxtpx:hr>126</gpxtpx:hr>
      <gpxtpx:cad>0</gpxtpx:cad>
     </gpxtpx:TrackPointExtension>
    </extensions>
   </trkpt>
   <trkpt lat="46.0170030" lon="9.8409930">
    <ele>1944.4</ele>
    <time>2025-11-01T12:49:43Z</time>
    <extensions>
     <power>80</power>
     <gpxtpx:TrackPointExtension>
      <gpxtpx:hr>123</gpxtpx:hr>
      <gpxtpx:cad>70</gpxtpx:cad>
     </gpxtpx:TrackPointExtension>
    </extensions>
   </trkpt>
   <trkpt lat="46.0170210" lon="9.8409250">
    <ele>1941.8</ele>
    <time>2025-11-01T12:49:53Z</time>
    <extensions>
     <power>0</power>
     <gpxtpx:TrackPointExtension>
      <gpxtpx:hr>115</gpxtpx:hr>
      <gpxtpx:cad>0</gpxtpx:cad>
     </gpxtpx:TrackPointExtension>
    </extensions>
   </trkpt>
   <trkpt lat="46.0170260" lon="9.8408470">
    <ele>1939.4</ele>
    <time>2025-11-01T12:50:03Z</time>
    <extensions>
     <power>0</power>
     <gpxtpx:TrackPointExtension>
      <gpxtpx:hr>112</gpxtpx:hr>
      <gpxtpx:cad>0</gpxtpx:cad>
     </gpxtpx:TrackPointExtension>
    </extensions>
   </trkpt>
   <trkpt lat="46.0169990" lon="9.8407800">
    <ele>1936.2</ele>
    <time>2025-11-01T12:50:13Z</time>
    <extensions>
     <power>0</power>
     <gpxtpx:TrackPointExtension>
      <gpxtpx:hr>110</gpxtpx:hr>
      <gpxtpx:cad>0</gpxtpx:cad>
     </gpxtpx:TrackPointExtension>
    </extensions>
   </trkpt>
   <trkpt lat="46.0169620" lon="9.8407170">
    <ele>1933.2</ele>
    <time>2025-11-01T12:50:23Z</time>
    <extensions>
     <power>0</power>
     <gpxtpx:TrackPointExtension>
      <gpxtpx:hr>114</gpxtpx:hr>
      <gpxtpx:cad>0</gpxtpx:cad>
     </gpxtpx:TrackPointExtension>
    </extensions>
   </trkpt>
   <trkpt lat="46.0169840" lon="9.8406320">
    <ele>1932.2</ele>
    <time>2025-11-01T12:50:33Z</time>
    <extensions>
     <power>77</power>
     <gpxtpx:TrackPointExtension>
      <gpxtpx:hr>123</gpxtpx:hr>
      <gpxtpx:cad>0</gpxtpx:cad>
     </gpxtpx:TrackPointExtension>
    </extensions>
   </trkpt>
   <trkpt lat="46.0170460" lon="9.8405260">
    <ele>1931.6</ele>
    <time>2025-11-01T12:50:43Z</time>
    <extensions>
     <power>0</power>
     <gpxtpx:TrackPointExtension>
      <gpxtpx:hr>122</gpxtpx:hr>
      <gpxtpx:cad>50</gpxtpx:cad>
     </gpxtpx:TrackPointExtension>
    </extensions>
   </trkpt>
   <trkpt lat="46.0171310" lon="9.8404400">
    <ele>1933.0</ele>
    <time>2025-11-01T12:50:53Z</time>
    <extensions>
     <power>36</power>
     <gpxtpx:TrackPointExtension>
      <gpxtpx:hr>121</gpxtpx:hr>
      <gpxtpx:cad>0</gpxtpx:cad>
     </gpxtpx:TrackPointExtension>
    </extensions>
   </trkpt>
   <trkpt lat="46.0171680" lon="9.8404100">
    <ele>1932.6</ele>
    <time>2025-11-01T12:51:03Z</time>
    <extensions>
     <power>60</power>
     <gpxtpx:TrackPointExtension>
      <gpxtpx:hr>120</gpxtpx:hr>
      <gpxtpx:cad>0</gpxtpx:cad>
     </gpxtpx:TrackPointExtension>
    </extensions>
   </trkpt>
   <trkpt lat="46.0171670" lon="9.8404090">
    <ele>1931.8</ele>
    <time>2025-11-01T12:51:13Z</time>
    <extensions>
     <power>0</power>
     <gpxtpx:TrackPointExtension>
      <gpxtpx:hr>124</gpxtpx:hr>
      <gpxtpx:cad>0</gpxtpx:cad>
     </gpxtpx:TrackPointExtension>
    </extensions>
   </trkpt>
   <trkpt lat="46.0171670" lon="9.8404100">
    <ele>1931.8</ele>
    <time>2025-11-01T12:51:23Z</time>
    <extensions>
     <power>0</power>
     <gpxtpx:TrackPointExtension>
      <gpxtpx:hr>136</gpxtpx:hr>
      <gpxtpx:cad>0</gpxtpx:cad>
     </gpxtpx:TrackPointExtension>
    </extensions>
   </trkpt>
   <trkpt lat="46.0171660" lon="9.8404110">
    <ele>1932.0</ele>
    <time>2025-11-01T12:51:33Z</time>
    <extensions>
     <power>0</power>
     <gpxtpx:TrackPointExtension>
      <gpxtpx:hr>136</gpxtpx:hr>
      <gpxtpx:cad>0</gpxtpx:cad>
     </gpxtpx:TrackPointExtension>
    </extensions>
   </trkpt>
   <trkpt lat="46.0171660" lon="9.8404140">
    <ele>1932.4</ele>
    <time>2025-11-01T12:51:43Z</time>
    <extensions>
     <power>0</power>
     <gpxtpx:TrackPointExtension>
      <gpxtpx:hr>134</gpxtpx:hr>
      <gpxtpx:cad>0</gpxtpx:cad>
     </gpxtpx:TrackPointExtension>
    </extensions>
   </trkpt>
   <trkpt lat="46.0171670" lon="9.8404140">
    <ele>1932.8</ele>
    <time>2025-11-01T12:51:53Z</time>
    <extensions>
     <power>0</power>
     <gpxtpx:TrackPointExtension>
      <gpxtpx:hr>125</gpxtpx:hr>
      <gpxtpx:cad>0</gpxtpx:cad>
     </gpxtpx:TrackPointExtension>
    </extensions>
   </trkpt>
   <trkpt lat="46.0172200" lon="9.8403890">
    <ele>1931.6</ele>
    <time>2025-11-01T12:52:03Z</time>
    <extensions>
     <power>83</power>
     <gpxtpx:TrackPointExtension>
      <gpxtpx:hr>123</gpxtpx:hr>
      <gpxtpx:cad>57</gpxtpx:cad>
     </gpxtpx:TrackPointExtension>
    </extensions>
   </trkpt>
   <trkpt lat="46.0172460" lon="9.8403730">
    <ele>1931.0</ele>
    <time>2025-11-01T12:52:13Z</time>
    <extensions>
     <power>0</power>
     <gpxtpx:TrackPointExtension>
      <gpxtpx:hr>120</gpxtpx:hr>
      <gpxtpx:cad>0</gpxtpx:cad>
     </gpxtpx:TrackPointExtension>
    </extensions>
   </trkpt>
   <trkpt lat="46.0172380" lon="9.8403700">
    <ele>1932.2</ele>
    <time>2025-11-01T12:52:23Z</time>
    <extensions>
     <power>0</power>
     <gpxtpx:TrackPointExtension>
      <gpxtpx:hr>120</gpxtpx:hr>
      <gpxtpx:cad>0</gpxtpx:cad>
     </gpxtpx:TrackPointExtension>
    </extensions>
   </trkpt>
   <trkpt lat="46.0172390" lon="9.8403330">
    <ele>1931.0</ele>
    <time>2025-11-01T12:52:32Z</time>
    <extensions>
     <power>0</power>
     <gpxtpx:TrackPointExtension>
      <gpxtpx:hr>115</gpxtpx:hr>
      <gpxtpx:cad>0</gpxtpx:cad>
     </gpxtpx:TrackPointExtension>
    </extensions>
   </trkpt>
   <trkpt lat="46.0173210" lon="9.8402670">
    <ele>1931.4</ele>
    <time>2025-11-01T12:52:42Z</time>
    <extensions>
     <power>0</power>
     <gpxtpx:TrackPointExtension>
      <gpxtpx:hr>116</gpxtpx:hr>
      <gpxtpx:cad>0</gpxtpx:cad>
     </gpxtpx:TrackPointExtension>
    </extensions>
   </trkpt>
   <trkpt lat="46.0174200" lon="9.8402130">
    <ele>1931.0</ele>
    <time>2025-11-01T12:52:52Z</time>
    <extensions>
     <power>100</power>
     <gpxtpx:TrackPointExtension>
      <gpxtpx:hr>115</gpxtpx:hr>
      <gpxtpx:cad>55</gpxtpx:cad>
     </gpxtpx:TrackPointExtension>
    </extensions>
   </trkpt>
   <trkpt lat="46.0174970" lon="9.8401380">
    <ele>1931.0</ele>
    <time>2025-11-01T12:53:02Z</time>
    <extensions>
     <power>105</power>
     <gpxtpx:TrackPointExtension>
      <gpxtpx:hr>114</gpxtpx:hr>
      <gpxtpx:cad>50</gpxtpx:cad>
     </gpxtpx:TrackPointExtension>
    </extensions>
   </trkpt>
   <trkpt lat="46.0176110" lon="9.8400660">
    <ele>1930.8</ele>
    <time>2025-11-01T12:53:12Z</time>
    <extensions>
     <power>101</power>
     <gpxtpx:TrackPointExtension>
      <gpxtpx:hr>113</gpxtpx:hr>
      <gpxtpx:cad>48</gpxtpx:cad>
     </gpxtpx:TrackPointExtension>
    </extensions>
   </trkpt>
   <trkpt lat="46.0177060" lon="9.8400800">
    <ele>1930.0</ele>
    <time>2025-11-01T12:53:22Z</time>
    <extensions>
     <power>0</power>
     <gpxtpx:TrackPointExtension>
      <gpxtpx:hr>111</gpxtpx:hr>
      <gpxtpx:cad>0</gpxtpx:cad>
     </gpxtpx:TrackPointExtension>
    </extensions>
   </trkpt>
   <trkpt lat="46.0178260" lon="9.8400070">
    <ele>1929.0</ele>
    <time>2025-11-01T12:53:32Z</time>
    <extensions>
     <power>107</power>
     <gpxtpx:TrackPointExtension>
      <gpxtpx:hr>111</gpxtpx:hr>
      <gpxtpx:cad>55</gpxtpx:cad>
     </gpxtpx:TrackPointExtension>
    </extensions>
   </trkpt>
   <trkpt lat="46.0178530" lon="9.8400000">
    <ele>1928.8</ele>
    <time>2025-11-01T12:53:42Z</time>
    <extensions>
     <power>0</power>
     <gpxtpx:TrackPointExtension>
      <gpxtpx:hr>111</gpxtpx:hr>
      <gpxtpx:cad>0</gpxtpx:cad>
     </gpxtpx:TrackPointExtension>
    </extensions>
   </trkpt>
   <trkpt lat="46.0178500" lon="9.8399960">
    <ele>1928.6</ele>
    <time>2025-11-01T12:53:52Z</time>
    <extensions>
     <power>0</power>
     <gpxtpx:TrackPointExtension>
      <gpxtpx:hr>116</gpxtpx:hr>
      <gpxtpx:cad>0</gpxtpx:cad>
     </gpxtpx:TrackPointExtension>
    </extensions>
   </trkpt>
   <trkpt lat="46.0178430" lon="9.8399980">
    <ele>1928.4</ele>
    <time>2025-11-01T12:54:02Z</time>
    <extensions>
     <power>0</power>
     <gpxtpx:TrackPointExtension>
      <gpxtpx:hr>116</gpxtpx:hr>
      <gpxtpx:cad>0</gpxtpx:cad>
     </gpxtpx:TrackPointExtension>
    </extensions>
   </trkpt>
   <trkpt lat="46.0178450" lon="9.8400110">
    <ele>1928.2</ele>
    <time>2025-11-01T12:54:12Z</time>
    <extensions>
     <power>0</power>
     <gpxtpx:TrackPointExtension>
      <gpxtpx:hr>122</gpxtpx:hr>
      <gpxtpx:cad>0</gpxtpx:cad>
     </gpxtpx:TrackPointExtension>
    </extensions>
   </trkpt>
   <trkpt lat="46.0179140" lon="9.8401300">
    <ele>1929.2</ele>
    <time>2025-11-01T12:54:22Z</time>
    <extensions>
     <power>0</power>
     <gpxtpx:TrackPointExtension>
      <gpxtpx:hr>121</gpxtpx:hr>
      <gpxtpx:cad>0</gpxtpx:cad>
     </gpxtpx:TrackPointExtension>
    </extensions>
   </trkpt>
   <trkpt lat="46.0179710" lon="9.8402170">
    <ele>1928.4</ele>
    <time>2025-11-01T12:54:32Z</time>
    <extensions>
     <power>112</power>
     <gpxtpx:TrackPointExtension>
      <gpxtpx:hr>121</gpxtpx:hr>
      <gpxtpx:cad>0</gpxtpx:cad>
     </gpxtpx:TrackPointExtension>
    </extensions>
   </trkpt>
   <trkpt lat="46.0180270" lon="9.8402530">
    <ele>1927.6</ele>
    <time>2025-11-01T12:54:42Z</time>
    <extensions>
     <power>0</power>
     <gpxtpx:TrackPointExtension>
      <gpxtpx:hr>116</gpxtpx:hr>
      <gpxtpx:cad>0</gpxtpx:cad>
     </gpxtpx:TrackPointExtension>
    </extensions>
   </trkpt>
   <trkpt lat="46.0180420" lon="9.8402330">
    <ele>1926.4</ele>
    <time>2025-11-01T12:54:52Z</time>
    <extensions>
     <power>0</power>
     <gpxtpx:TrackPointExtension>
      <gpxtpx:hr>117</gpxtpx:hr>
      <gpxtpx:cad>0</gpxtpx:cad>
     </gpxtpx:TrackPointExtension>
    </extensions>
   </trkpt>
   <trkpt lat="46.0180220" lon="9.8401650">
    <ele>1924.4</ele>
    <time>2025-11-01T12:55:02Z</time>
    <extensions>
     <power>0</power>
     <gpxtpx:TrackPointExtension>
      <gpxtpx:hr>117</gpxtpx:hr>
      <gpxtpx:cad>0</gpxtpx:cad>
     </gpxtpx:TrackPointExtension>
    </extensions>
   </trkpt>
   <trkpt lat="46.0180150" lon="9.8401500">
    <ele>1923.4</ele>
    <time>2025-11-01T12:55:12Z</time>
    <extensions>
     <power>0</power>
     <gpxtpx:TrackPointExtension>
      <gpxtpx:hr>114</gpxtpx:hr>
      <gpxtpx:cad>0</gpxtpx:cad>
     </gpxtpx:TrackPointExtension>
    </extensions>
   </trkpt>
   <trkpt lat="46.0180290" lon="9.8400710">
    <ele>1921.2</ele>
    <time>2025-11-01T12:55:22Z</time>
    <extensions>
     <power>0</power>
     <gpxtpx:TrackPointExtension>
      <gpxtpx:hr>112</gpxtpx:hr>
      <gpxtpx:cad>18</gpxtpx:cad>
     </gpxtpx:TrackPointExtension>
    </extensions>
   </trkpt>
   <trkpt lat="46.0180600" lon="9.8400360">
    <ele>1919.6</ele>
    <time>2025-11-01T12:55:32Z</time>
    <extensions>
     <power>0</power>
     <gpxtpx:TrackPointExtension>
      <gpxtpx:hr>110</gpxtpx:hr>
      <gpxtpx:cad>0</gpxtpx:cad>
     </gpxtpx:TrackPointExtension>
    </extensions>
   </trkpt>
   <trkpt lat="46.0180700" lon="9.8399930">
    <ele>1917.4</ele>
    <time>2025-11-01T12:55:42Z</time>
    <extensions>
     <power>52</power>
     <gpxtpx:TrackPointExtension>
      <gpxtpx:hr>109</gpxtpx:hr>
      <gpxtpx:cad>53</gpxtpx:cad>
     </gpxtpx:TrackPointExtension>
    </extensions>
   </trkpt>
   <trkpt lat="46.0180650" lon="9.8400020">
    <ele>1917.4</ele>
    <time>2025-11-01T12:55:52Z</time>
    <extensions>
     <power>0</power>
     <gpxtpx:TrackPointExtension>
      <gpxtpx:hr>111</gpxtpx:hr>
      <gpxtpx:cad>0</gpxtpx:cad>
     </gpxtpx:TrackPointExtension>
    </extensions>
   </trkpt>
   <trkpt lat="46.0180590" lon="9.8400080">
    <ele>1917.0</ele>
    <time>2025-11-01T12:56:02Z</time>
    <extensions>
     <power>0</power>
     <gpxtpx:TrackPointExtension>
      <gpxtpx:hr>112</gpxtpx:hr>
      <gpxtpx:cad>0</gpxtpx:cad>
     </gpxtpx:TrackPointExtension>
    </extensions>
   </trkpt>
   <trkpt lat="46.0180540" lon="9.8400090">
    <ele>1916.8</ele>
    <time>2025-11-01T12:56:12Z</time>
    <extensions>
     <power>0</power>
     <gpxtpx:TrackPointExtension>
      <gpxtpx:hr>117</gpxtpx:hr>
      <gpxtpx:cad>0</gpxtpx:cad>
     </gpxtpx:TrackPointExtension>
    </extensions>
   </trkpt>
   <trkpt lat="46.0180780" lon="9.8399950">
    <ele>1917.6</ele>
    <time>2025-11-01T12:56:22Z</time>
    <extensions>
     <power>0</power>
     <gpxtpx:TrackPointExtension>
      <gpxtpx:hr>117</gpxtpx:hr>
      <gpxtpx:cad>45</gpxtpx:cad>
     </gpxtpx:TrackPointExtension>
    </extensions>
   </trkpt>
   <trkpt lat="46.0180620" lon="9.8399470">
    <ele>1916.2</ele>
    <time>2025-11-01T12:56:32Z</time>
    <extensions>
     <power>66</power>
     <gpxtpx:TrackPointExtension>
      <gpxtpx:hr>119</gpxtpx:hr>
      <gpxtpx:cad>53</gpxtpx:cad>
     </gpxtpx:TrackPointExtension>
    </extensions>
   </trkpt>
   <trkpt lat="46.0180610" lon="9.8398560">
    <ele>1913.8</ele>
    <time>2025-11-01T12:56:42Z</time>
    <extensions>
     <power>98</power>
     <gpxtpx:TrackPointExtension>
      <gpxtpx:hr>118</gpxtpx:hr>
      <gpxtpx:cad>61</gpxtpx:cad>
     </gpxtpx:TrackPointExtension>
    </extensions>
   </trkpt>
   <trkpt lat="46.0180760" lon="9.8398150">
    <ele>1911.8</ele>
    <time>2025-11-01T12:56:52Z</time>
    <extensions>
     <power>74</power>
     <gpxtpx:TrackPointExtension>
      <gpxtpx:hr>117</gpxtpx:hr>
      <gpxtpx:cad>52</gpxtpx:cad>
     </gpxtpx:TrackPointExtension>
    </extensions>
   </trkpt>
   <trkpt lat="46.0181000" lon="9.8397560">
    <ele>1909.4</ele>
    <time>2025-11-01T12:57:02Z</time>
    <extensions>
     <power>43</power>
     <gpxtpx:TrackPointExtension>
      <gpxtpx:hr>117</gpxtpx:hr>
      <gpxtpx:cad>52</gpxtpx:cad>
     </gpxtpx:TrackPointExtension>
    </extensions>
   </trkpt>
   <trkpt lat="46.0181420" lon="9.8397660">
    <ele>1907.0</ele>
    <time>2025-11-01T12:57:12Z</time>
    <extensions>
     <power>58</power>
     <gpxtpx:TrackPointExtension>
      <gpxtpx:hr>116</gpxtpx:hr>
      <gpxtpx:cad>0</gpxtpx:cad>
     </gpxtpx:TrackPointExtension>
    </extensions>
   </trkpt>
   <trkpt lat="46.0181740" lon="9.8397400">
    <ele>1904.8</ele>
    <time>2025-11-01T12:57:22Z</time>
    <extensions>
     <power>0</power>
     <gpxtpx:TrackPointExtension>
      <gpxtpx:hr>114</gpxtpx:hr>
      <gpxtpx:cad>0</gpxtpx:cad>
     </gpxtpx:TrackPointExtension>
    </extensions>
   </trkpt>
   <trkpt lat="46.0182180" lon="9.8397470">
    <ele>1902.6</ele>
    <time>2025-11-01T12:57:32Z</time>
    <extensions>
     <power>0</power>
     <gpxtpx:TrackPointExtension>
      <gpxtpx:hr>115</gpxtpx:hr>
      <gpxtpx:cad>51</gpxtpx:cad>
     </gpxtpx:TrackPointExtension>
    </extensions>
   </trkpt>
   <trkpt lat="46.0182850" lon="9.8397480">
    <ele>1900.6</ele>
    <time>2025-11-01T12:57:42Z</time>
    <extensions>
     <power>31</power>
     <gpxtpx:TrackPointExtension>
      <gpxtpx:hr>114</gpxtpx:hr>
      <gpxtpx:cad>51</gpxtpx:cad>
     </gpxtpx:TrackPointExtension>
    </extensions>
   </trkpt>
   <trkpt lat="46.0183720" lon="9.8397550">
    <ele>1897.8</ele>
    <time>2025-11-01T12:57:51Z</time>
    <extensions>
     <power>82</power>
     <gpxtpx:TrackPointExtension>
      <gpxtpx:hr>114</gpxtpx:hr>
      <gpxtpx:cad>40</gpxtpx:cad>
     </gpxtpx:TrackPointExtension>
    </extensions>
   </trkpt>
   <trkpt lat="46.0184770" lon="9.8397550">
    <ele>1895.4</ele>
    <time>2025-11-01T12:58:01Z</time>
    <extensions>
     <power>137</power>
     <gpxtpx:TrackPointExtension>
      <gpxtpx:hr>115</gpxtpx:hr>
      <gpxtpx:cad>75</gpxtpx:cad>
     </gpxtpx:TrackPointExtension>
    </extensions>
   </trkpt>
   <trkpt lat="46.0185620" lon="9.8397540">
    <ele>1893.0</ele>
    <time>2025-11-01T12:58:11Z</time>
    <extensions>
     <power>0</power>
     <gpxtpx:TrackPointExtension>
      <gpxtpx:hr>115</gpxtpx:hr>
      <gpxtpx:cad>0</gpxtpx:cad>
     </gpxtpx:TrackPointExtension>
    </extensions>
   </trkpt>
   <trkpt lat="46.0186690" lon="9.8397750">
    <ele>1889.0</ele>
    <time>2025-11-01T12:58:21Z</time>
    <extensions>
     <power>9</power>
     <gpxtpx:TrackPointExtension>
      <gpxtpx:hr>114</gpxtpx:hr>
      <gpxtpx:cad>40</gpxtpx:cad>
     </gpxtpx:TrackPointExtension>
    </extensions>
   </trkpt>
   <trkpt lat="46.0187270" lon="9.8397410">
    <ele>1887.0</ele>
    <time>2025-11-01T12:58:31Z</time>
    <extensions>
     <power>0</power>
     <gpxtpx:TrackPointExtension>
      <gpxtpx:hr>112</gpxtpx:hr>
      <gpxtpx:cad>0</gpxtpx:cad>
     </gpxtpx:TrackPointExtension>
    </extensions>
   </trkpt>
   <trkpt lat="46.0188000" lon="9.8397510">
    <ele>1883.8</ele>
    <time>2025-11-01T12:58:41Z</time>
    <extensions>
     <power>131</power>
     <gpxtpx:TrackPointExtension>
      <gpxtpx:hr>112</gpxtpx:hr>
      <gpxtpx:cad>82</gpxtpx:cad>
     </gpxtpx:TrackPointExtension>
    </extensions>
   </trkpt>
   <trkpt lat="46.0188670" lon="9.8397000">
    <ele>1881.0</ele>
    <time>2025-11-01T12:58:51Z</time>
    <extensions>
     <power>70</power>
     <gpxtpx:TrackPointExtension>
      <gpxtpx:hr>112</gpxtpx:hr>
      <gpxtpx:cad>66</gpxtpx:cad>
     </gpxtpx:TrackPointExtension>
    </extensions>
   </trkpt>
   <trkpt lat="46.0189430" lon="9.8396440">
    <ele>1878.0</ele>
    <time>2025-11-01T12:59:01Z</time>
    <extensions>
     <power>13</power>
     <gpxtpx:TrackPointExtension>
      <gpxtpx:hr>117</gpxtpx:hr>
      <gpxtpx:cad>40</gpxtpx:cad>
     </gpxtpx:TrackPointExtension>
    </extensions>
   </trkpt>
   <trkpt lat="46.0190130" lon="9.8396250">
    <ele>1875.2</ele>
    <time>2025-11-01T12:59:11Z</time>
    <extensions>
     <power>0</power>
     <gpxtpx:TrackPointExtension>
      <gpxtpx:hr>118</gpxtpx:hr>
      <gpxtpx:cad>40</gpxtpx:cad>
     </gpxtpx:TrackPointExtension>
    </extensions>
   </trkpt>
   <trkpt lat="46.0191050" lon="9.8395650">
    <ele>1873.0</ele>
    <time>2025-11-01T12:59:21Z</time>
    <extensions>
     <power>115</power>
     <gpxtpx:TrackPointExtension>
      <gpxtpx:hr>115</gpxtpx:hr>
      <gpxtpx:cad>0</gpxtpx:cad>
     </gpxtpx:TrackPointExtension>
    </extensions>
   </trkpt>
   <trkpt lat="46.0192560" lon="9.8395350">
    <ele>1868.6</ele>
    <time>2025-11-01T12:59:31Z</time>
    <extensions>
     <power>173</power>
     <gpxtpx:TrackPointExtension>
      <gpxtpx:hr>119</gpxtpx:hr>
      <gpxtpx:cad>86</gpxtpx:cad>
     </gpxtpx:TrackPointExtension>
    </extensions>
   </trkpt>
   <trkpt lat="46.0193620" lon="9.8395350">
    <ele>1865.6</ele>
    <time>2025-11-01T12:59:41Z</time>
    <extensions>
     <power>134</power>
     <gpxtpx:TrackPointExtension>
      <gpxtpx:hr>121</gpxtpx:hr>
      <gpxtpx:cad>86</gpxtpx:cad>
     </gpxtpx:TrackPointExtension>
    </extensions>
   </trkpt>
   <trkpt lat="46.0194540" lon="9.8395480">
    <ele>1862.2</ele>
    <time>2025-11-01T12:59:51Z</time>
    <extensions>
     <power>0</power>
     <gpxtpx:TrackPointExtension>
      <gpxtpx:hr>122</gpxtpx:hr>
      <gpxtpx:cad>44</gpxtpx:cad>
     </gpxtpx:TrackPointExtension>
    </extensions>
   </trkpt>
   <trkpt lat="46.0195630" lon="9.8396100">
    <ele>1857.8</ele>
    <time>2025-11-01T13:00:01Z</time>
    <extensions>
     <power>0</power>
     <gpxtpx:TrackPointExtension>
      <gpxtpx:hr>123</gpxtpx:hr>
      <gpxtpx:cad>44</gpxtpx:cad>
     </gpxtpx:TrackPointExtension>
    </extensions>
   </trkpt>
   <trkpt lat="46.0196720" lon="9.8396220">
    <ele>1854.2</ele>
    <time>2025-11-01T13:00:11Z</time>
    <extensions>
     <power>150</power>
     <gpxtpx:TrackPointExtension>
      <gpxtpx:hr>123</gpxtpx:hr>
      <gpxtpx:cad>91</gpxtpx:cad>
     </gpxtpx:TrackPointExtension>
    </extensions>
   </trkpt>
   <trkpt lat="46.0197780" lon="9.8396030">
    <ele>1851.0</ele>
    <time>2025-11-01T13:00:21Z</time>
    <extensions>
     <power>138</power>
     <gpxtpx:TrackPointExtension>
      <gpxtpx:hr>125</gpxtpx:hr>
      <gpxtpx:cad>89</gpxtpx:cad>
     </gpxtpx:TrackPointExtension>
    </extensions>
   </trkpt>
   <trkpt lat="46.0198470" lon="9.8395520">
    <ele>1847.0</ele>
    <time>2025-11-01T13:00:31Z</time>
    <extensions>
     <power>125</power>
     <gpxtpx:TrackPointExtension>
      <gpxtpx:hr>123</gpxtpx:hr>
      <gpxtpx:cad>72</gpxtpx:cad>
     </gpxtpx:TrackPointExtension>
    </extensions>
   </trkpt>
   <trkpt lat="46.0198560" lon="9.8394980">
    <ele>1846.2</ele>
    <time>2025-11-01T13:00:41Z</time>
    <extensions>
     <power>0</power>
     <gpxtpx:TrackPointExtension>
      <gpxtpx:hr>124</gpxtpx:hr>
      <gpxtpx:cad>68</gpxtpx:cad>
     </gpxtpx:TrackPointExtension>
    </extensions>
   </trkpt>
   <trkpt lat="46.0198710" lon="9.8394020">
    <ele>1843.4</ele>
    <time>2025-11-01T13:00:51Z</time>
    <extensions>
     <power>0</power>
     <gpxtpx:TrackPointExtension>
      <gpxtpx:hr>122</gpxtpx:hr>
      <gpxtpx:cad>55</gpxtpx:cad>
     </gpxtpx:TrackPointExtension>
    </extensions>
   </trkpt>
   <trkpt lat="46.0199170" lon="9.8393400">
    <ele>1841.4</ele>
    <time>2025-11-01T13:01:01Z</time>
    <extensions>
     <power>78</power>
     <gpxtpx:TrackPointExtension>
      <gpxtpx:hr>115</gpxtpx:hr>
      <gpxtpx:cad>59</gpxtpx:cad>
     </gpxtpx:TrackPointExtension>
    </extensions>
   </trkpt>
   <trkpt lat="46.0200420" lon="9.8393900">
    <ele>1838.2</ele>
    <time>2025-11-01T13:01:11Z</time>
    <extensions>
     <power>101</power>
     <gpxtpx:TrackPointExtension>
      <gpxtpx:hr>113</gpxtpx:hr>
      <gpxtpx:cad>79</gpxtpx:cad>
     </gpxtpx:TrackPointExtension>
    </extensions>
   </trkpt>
   <trkpt lat="46.0201290" lon="9.8394530">
    <ele>1834.6</ele>
    <time>2025-11-01T13:01:21Z</time>
    <extensions>
     <power>125</power>
     <gpxtpx:TrackPointExtension>
      <gpxtpx:hr>109</gpxtpx:hr>
      <gpxtpx:cad>80</gpxtpx:cad>
     </gpxtpx:TrackPointExtension>
    </extensions>
   </trkpt>
   <trkpt lat="46.0201940" lon="9.8395140">
    <ele>1832.6</ele>
    <time>2025-11-01T13:01:31Z</time>
    <extensions>
     <power>0</power>
     <gpxtpx:TrackPointExtension>
      <gpxtpx:hr>108</gpxtpx:hr>
      <gpxtpx:cad>64</gpxtpx:cad>
     </gpxtpx:TrackPointExtension>
    </extensions>
   </trkpt>
   <trkpt lat="46.0202330" lon="9.8394980">
    <ele>1830.4</ele>
    <time>2025-11-01T13:01:41Z</time>
    <extensions>
     <power>89</power>
     <gpxtpx:TrackPointExtension>
      <gpxtpx:hr>108</gpxtpx:hr>
      <gpxtpx:cad>64</gpxtpx:cad>
     </gpxtpx:TrackPointExtension>
    </extensions>
   </trkpt>
   <trkpt lat="46.0202540" lon="9.8393950">
    <ele>1828.4</ele>
    <time>2025-11-01T13:01:51Z</time>
    <extensions>
     <power>0</power>
     <gpxtpx:TrackPointExtension>
      <gpxtpx:hr>107</gpxtpx:hr>
      <gpxtpx:cad>0</gpxtpx:cad>
     </gpxtpx:TrackPointExtension>
    </extensions>
   </trkpt>
   <trkpt lat="46.0202980" lon="9.8393550">
    <ele>1826.0</ele>
    <time>2025-11-01T13:02:01Z</time>
    <extensions>
     <power>0</power>
     <gpxtpx:TrackPointExtension>
      <gpxtpx:hr>107</gpxtpx:hr>
      <gpxtpx:cad>0</gpxtpx:cad>
     </gpxtpx:TrackPointExtension>
    </extensions>
   </trkpt>
   <trkpt lat="46.0203420" lon="9.8393280">
    <ele>1823.8</ele>
    <time>2025-11-01T13:02:11Z</time>
    <extensions>
     <power>77</power>
     <gpxtpx:TrackPointExtension>
      <gpxtpx:hr>108</gpxtpx:hr>
      <gpxtpx:cad>63</gpxtpx:cad>
     </gpxtpx:TrackPointExtension>
    </extensions>
   </trkpt>
   <trkpt lat="46.0203710" lon="9.8392570">
    <ele>1821.4</ele>
    <time>2025-11-01T13:02:21Z</time>
    <extensions>
     <power>61</power>
     <gpxtpx:TrackPointExtension>
      <gpxtpx:hr>108</gpxtpx:hr>
      <gpxtpx:cad>57</gpxtpx:cad>
     </gpxtpx:TrackPointExtension>
    </extensions>
   </trkpt>
   <trkpt lat="46.0204540" lon="9.8393300">
    <ele>1818.8</ele>
    <time>2025-11-01T13:02:31Z</time>
    <extensions>
     <power>0</power>
     <gpxtpx:TrackPointExtension>
      <gpxtpx:hr>107</gpxtpx:hr>
      <gpxtpx:cad>0</gpxtpx:cad>
     </gpxtpx:TrackPointExtension>
    </extensions>
   </trkpt>
   <trkpt lat="46.0205050" lon="9.8394140">
    <ele>1817.0</ele>
    <time>2025-11-01T13:02:41Z</time>
    <extensions>
     <power>74</power>
     <gpxtpx:TrackPointExtension>
      <gpxtpx:hr>108</gpxtpx:hr>
      <gpxtpx:cad>60</gpxtpx:cad>
     </gpxtpx:TrackPointExtension>
    </extensions>
   </trkpt>
   <trkpt lat="46.0205360" lon="9.8393640">
    <ele>1815.2</ele>
    <time>2025-11-01T13:02:51Z</time>
    <extensions>
     <power>55</power>
     <gpxtpx:TrackPointExtension>
      <gpxtpx:hr>107</gpxtpx:hr>
      <gpxtpx:cad>55</gpxtpx:cad>
     </gpxtpx:TrackPointExtension>
    </extensions>
   </trkpt>
   <trkpt lat="46.0205540" lon="9.8392720">
    <ele>1812.2</ele>
    <time>2025-11-01T13:03:01Z</time>
    <extensions>
     <power>0</power>
     <gpxtpx:TrackPointExtension>
      <gpxtpx:hr>108</gpxtpx:hr>
      <gpxtpx:cad>0</gpxtpx:cad>
     </gpxtpx:TrackPointExtension>
    </extensions>
   </trkpt>
   <trkpt lat="46.0206470" lon="9.8393570">
    <ele>1810.6</ele>
    <time>2025-11-01T13:03:10Z</time>
    <extensions>
     <power>90</power>
     <gpxtpx:TrackPointExtension>
      <gpxtpx:hr>118</gpxtpx:hr>
      <gpxtpx:cad>65</gpxtpx:cad>
     </gpxtpx:TrackPointExtension>
    </extensions>
   </trkpt>
   <trkpt lat="46.0206800" lon="9.8395170">
    <ele>1807.8</ele>
    <time>2025-11-01T13:03:20Z</time>
    <extensions>
     <power>28</power>
     <gpxtpx:TrackPointExtension>
      <gpxtpx:hr>120</gpxtpx:hr>
      <gpxtpx:cad>50</gpxtpx:cad>
     </gpxtpx:TrackPointExtension>
    </extensions>
   </trkpt>
   <trkpt lat="46.0206720" lon="9.8397450">
    <ele>1803.2</ele>
    <time>2025-11-01T13:03:30Z</time>
    <extensions>
     <power>136</power>
     <gpxtpx:TrackPointExtension>
      <gpxtpx:hr>120</gpxtpx:hr>
      <gpxtpx:cad>79</gpxtpx:cad>
     </gpxtpx:TrackPointExtension>
    </extensions>
   </trkpt>
   <trkpt lat="46.0207060" lon="9.8398810">
    <ele>1802.2</ele>
    <time>2025-11-01T13:03:40Z</time>
    <extensions>
     <power>67</power>
     <gpxtpx:TrackPointExtension>
      <gpxtpx:hr>119</gpxtpx:hr>
      <gpxtpx:cad>66</gpxtpx:cad>
     </gpxtpx:TrackPointExtension>
    </extensions>
   </trkpt>
   <trkpt lat="46.0207750" lon="9.8399340">
    <ele>1799.6</ele>
    <time>2025-11-01T13:03:50Z</time>
    <extensions>
     <power>0</power>
     <gpxtpx:TrackPointExtension>
      <gpxtpx:hr>121</gpxtpx:hr>
      <gpxtpx:cad>0</gpxtpx:cad>
     </gpxtpx:TrackPointExtension>
    </extensions>
   </trkpt>
   <trkpt lat="46.0208370" lon="9.8399800">
    <ele>1797.6</ele>
    <time>2025-11-01T13:04:00Z</time>
    <extensions>
     <power>114</power>
     <gpxtpx:TrackPointExtension>
      <gpxtpx:hr>121</gpxtpx:hr>
      <gpxtpx:cad>64</gpxtpx:cad>
     </gpxtpx:TrackPointExtension>
    </extensions>
   </trkpt>
   <trkpt lat="46.0209150" lon="9.8400420">
    <ele>1794.8</ele>
    <time>2025-11-01T13:04:10Z</time>
    <extensions>
     <power>86</power>
     <gpxtpx:TrackPointExtension>
      <gpxtpx:hr>123</gpxtpx:hr>
      <gpxtpx:cad>65</gpxtpx:cad>
     </gpxtpx:TrackPointExtension>
    </extensions>
   </trkpt>
   <trkpt lat="46.0209590" lon="9.8401000">
    <ele>1792.8</ele>
    <time>2025-11-01T13:04:20Z</time>
    <extensions>
     <power>0</power>
     <gpxtpx:TrackPointExtension>
      <gpxtpx:hr>121</gpxtpx:hr>
      <gpxtpx:cad>0</gpxtpx:cad>
     </gpxtpx:TrackPointExtension>
    </extensions>
   </trkpt>
   <trkpt lat="46.0209970" lon="9.8400820">
    <ele>1790.0</ele>
    <time>2025-11-01T13:04:30Z</time>
    <extensions>
     <power>0</power>
     <gpxtpx:TrackPointExtension>
      <gpxtpx:hr>119</gpxtpx:hr>
      <gpxtpx:cad>0</gpxtpx:cad>
     </gpxtpx:TrackPointExtension>
    </extensions>
   </trkpt>
   <trkpt lat="46.0210750" lon="9.8400780">
    <ele>1787.8</ele>
    <time>2025-11-01T13:04:40Z</time>
    <extensions>
     <power>0</power>
     <gpxtpx:TrackPointExtension>
      <gpxtpx:hr>117</gpxtpx:hr>
      <gpxtpx:cad>0</gpxtpx:cad>
     </gpxtpx:TrackPointExtension>
    </extensions>
   </trkpt>
   <trkpt lat="46.0211370" lon="9.8401100">
    <ele>1784.8</ele>
    <time>2025-11-01T13:04:50Z</time>
    <extensions>
     <power>0</power>
     <gpxtpx:TrackPointExtension>
      <gpxtpx:hr>115</gpxtpx:hr>
      <gpxtpx:cad>0</gpxtpx:cad>
     </gpxtpx:TrackPointExtension>
    </extensions>
   </trkpt>
   <trkpt lat="46.0211980" lon="9.8401130">
    <ele>1782.4</ele>
    <time>2025-11-01T13:05:00Z</time>
    <extensions>
     <power>0</power>
     <gpxtpx:TrackPointExtension>
      <gpxtpx:hr>114</gpxtpx:hr>
      <gpxtpx:cad>0</gpxtpx:cad>
     </gpxtpx:TrackPointExtension>
    </extensions>
   </trkpt>
   <trkpt lat="46.0212460" lon="9.8402040">
    <ele>1779.8</ele>
    <time>2025-11-01T13:05:10Z</time>
    <extensions>
     <power>119</power>
     <gpxtpx:TrackPointExtension>
      <gpxtpx:hr>114</gpxtpx:hr>
      <gpxtpx:cad>79</gpxtpx:cad>
     </gpxtpx:TrackPointExtension>
    </extensions>
   </trkpt>
   <trkpt lat="46.0212510" lon="9.8402930">
    <ele>1777.8</ele>
    <time>2025-11-01T13:05:20Z</time>
    <extensions>
     <power>0</power>
     <gpxtpx:TrackPointExtension>
      <gpxtpx:hr>120</gpxtpx:hr>
      <gpxtpx:cad>57</gpxtpx:cad>
     </gpxtpx:TrackPointExtension>
    </extensions>
   </trkpt>
   <trkpt lat="46.0212300" lon="9.8403910">
    <ele>1775.2</ele>
    <time>2025-11-01T13:05:30Z</time>
    <extensions>
     <power>42</power>
     <gpxtpx:TrackPointExtension>
      <gpxtpx:hr>120</gpxtpx:hr>
      <gpxtpx:cad>58</gpxtpx:cad>
     </gpxtpx:TrackPointExtension>
    </extensions>
   </trkpt>
   <trkpt lat="46.0212180" lon="9.8404030">
    <ele>1773.6</ele>
    <time>2025-11-01T13:05:40Z</time>
    <extensions>
     <power>0</power>
     <gpxtpx:TrackPointExtension>
      <gpxtpx:hr>118</gpxtpx:hr>
      <gpxtpx:cad>0</gpxtpx:cad>
     </gpxtpx:TrackPointExtension>
    </extensions>
   </trkpt>
   <trkpt lat="46.0212400" lon="9.8404570">
    <ele>1773.2</ele>
    <time>2025-11-01T13:05:50Z</time>
    <extensions>
     <power>0</power>
     <gpxtpx:TrackPointExtension>
      <gpxtpx:hr>116</gpxtpx:hr>
      <gpxtpx:cad>0</gpxtpx:cad>
     </gpxtpx:TrackPointExtension>
    </extensions>
   </trkpt>
   <trkpt lat="46.0212670" lon="9.8405140">
    <ele>1770.4</ele>
    <time>2025-11-01T13:06:00Z</time>
    <extensions>
     <power>0</power>
     <gpxtpx:TrackPointExtension>
      <gpxtpx:hr>115</gpxtpx:hr>
      <gpxtpx:cad>0</gpxtpx:cad>
     </gpxtpx:TrackPointExtension>
    </extensions>
   </trkpt>
   <trkpt lat="46.0213160" lon="9.8405630">
    <ele>1767.8</ele>
    <time>2025-11-01T13:06:10Z</time>
    <extensions>
     <power>0</power>
     <gpxtpx:TrackPointExtension>
      <gpxtpx:hr>121</gpxtpx:hr>
      <gpxtpx:cad>0</gpxtpx:cad>
     </gpxtpx:TrackPointExtension>
    </extensions>
   </trkpt>
   <trkpt lat="46.0213350" lon="9.8406280">
    <ele>1765.0</ele>
    <time>2025-11-01T13:06:20Z</time>
    <extensions>
     <power>0</power>
     <gpxtpx:TrackPointExtension>
      <gpxtpx:hr>118</gpxtpx:hr>
      <gpxtpx:cad>0</gpxtpx:cad>
     </gpxtpx:TrackPointExtension>
    </extensions>
   </trkpt>
   <trkpt lat="46.0213390" lon="9.8405300">
    <ele>1763.6</ele>
    <time>2025-11-01T13:06:30Z</time>
    <extensions>
     <power>34</power>
     <gpxtpx:TrackPointExtension>
      <gpxtpx:hr>116</gpxtpx:hr>
      <gpxtpx:cad>41</gpxtpx:cad>
     </gpxtpx:TrackPointExtension>
    </extensions>
   </trkpt>
   <trkpt lat="46.0213920" lon="9.8404710">
    <ele>1760.2</ele>
    <time>2025-11-01T13:06:40Z</time>
    <extensions>
     <power>0</power>
     <gpxtpx:TrackPointExtension>
      <gpxtpx:hr>123</gpxtpx:hr>
      <gpxtpx:cad>41</gpxtpx:cad>
     </gpxtpx:TrackPointExtension>
    </extensions>
   </trkpt>
   <trkpt lat="46.0214240" lon="9.8404320">
    <ele>1758.2</ele>
    <time>2025-11-01T13:06:50Z</time>
    <extensions>
     <power>0</power>
     <gpxtpx:TrackPointExtension>
      <gpxtpx:hr>122</gpxtpx:hr>
      <gpxtpx:cad>41</gpxtpx:cad>
     </gpxtpx:TrackPointExtension>
    </extensions>
   </trkpt>
   <trkpt lat="46.0214300" lon="9.8403870">
    <ele>1758.4</ele>
    <time>2025-11-01T13:07:00Z</time>
    <extensions>
     <power>0</power>
     <gpxtpx:TrackPointExtension>
      <gpxtpx:hr>121</gpxtpx:hr>
      <gpxtpx:cad>0</gpxtpx:cad>
     </gpxtpx:TrackPointExtension>
    </extensions>
   </trkpt>
   <trkpt lat="46.0214750" lon="9.8402810">
    <ele>1758.4</ele>
    <time>2025-11-01T13:07:10Z</time>
    <extensions>
     <power>0</power>
     <gpxtpx:TrackPointExtension>
      <gpxtpx:hr>123</gpxtpx:hr>
      <gpxtpx:cad>51</gpxtpx:cad>
     </gpxtpx:TrackPointExtension>
    </extensions>
   </trkpt>
   <trkpt lat="46.0214810" lon="9.8402840">
    <ele>1757.4</ele>
    <time>2025-11-01T13:07:20Z</time>
    <extensions>
     <power>0</power>
     <gpxtpx:TrackPointExtension>
      <gpxtpx:hr>122</gpxtpx:hr>
      <gpxtpx:cad>0</gpxtpx:cad>
     </gpxtpx:TrackPointExtension>
    </extensions>
   </trkpt>
   <trkpt lat="46.0214490" lon="9.8401420">
    <ele>1759.0</ele>
    <time>2025-11-01T13:07:30Z</time>
    <extensions>
     <power>0</power>
     <gpxtpx:TrackPointExtension>
      <gpxtpx:hr>121</gpxtpx:hr>
      <gpxtpx:cad>0</gpxtpx:cad>
     </gpxtpx:TrackPointExtension>
    </extensions>
   </trkpt>
   <trkpt lat="46.0214710" lon="9.8400190">
    <ele>1759.2</ele>
    <time>2025-11-01T13:07:40Z</time>
    <extensions>
     <power>96</power>
     <gpxtpx:TrackPointExtension>
      <gpxtpx:hr>121</gpxtpx:hr>
      <gpxtpx:cad>55</gpxtpx:cad>
     </gpxtpx:TrackPointExtension>
    </extensions>
   </trkpt>
   <trkpt lat="46.0216130" lon="9.8398420">
    <ele>1758.8</ele>
    <time>2025-11-01T13:07:50Z</time>
    <extensions>
     <power>185</power>
     <gpxtpx:TrackPointExtension>
      <gpxtpx:hr>120</gpxtpx:hr>
      <gpxtpx:cad>83</gpxtpx:cad>
     </gpxtpx:TrackPointExtension>
    </extensions>
   </trkpt>
   <trkpt lat="46.0216840" lon="9.8396230">
    <ele>1760.0</ele>
    <time>2025-11-01T13:08:00Z</time>
    <extensions>
     <power>276</power>
     <gpxtpx:TrackPointExtension>
      <gpxtpx:hr>126</gpxtpx:hr>
      <gpxtpx:cad>82</gpxtpx:cad>
     </gpxtpx:TrackPointExtension>
    </extensions>
   </trkpt>
   <trkpt lat="46.0216940" lon="9.8393510">
    <ele>1761.4</ele>
    <time>2025-11-01T13:08:10Z</time>
    <extensions>
     <power>299</power>
     <gpxtpx:TrackPointExtension>
      <gpxtpx:hr>129</gpxtpx:hr>
      <gpxtpx:cad>79</gpxtpx:cad>
     </gpxtpx:TrackPointExtension>
    </extensions>
   </trkpt>
   <trkpt lat="46.0217130" lon="9.8391310">
    <ele>1762.0</ele>
    <time>2025-11-01T13:08:20Z</time>
    <extensions>
     <power>323</power>
     <gpxtpx:TrackPointExtension>
      <gpxtpx:hr>133</gpxtpx:hr>
      <gpxtpx:cad>60</gpxtpx:cad>
     </gpxtpx:TrackPointExtension>
    </extensions>
   </trkpt>
   <trkpt lat="46.0217110" lon="9.8389550">
    <ele>1762.2</ele>
    <time>2025-11-01T13:08:29Z</time>
    <extensions>
     <power>221</power>
     <gpxtpx:TrackPointExtension>
      <gpxtpx:hr>137</gpxtpx:hr>
      <gpxtpx:cad>54</gpxtpx:cad>
     </gpxtpx:TrackPointExtension>
    </extensions>
   </trkpt>
   <trkpt lat="46.0217370" lon="9.8387960">
    <ele>1762.4</ele>
    <time>2025-11-01T13:08:39Z</time>
    <extensions>
     <power>167</power>
     <gpxtpx:TrackPointExtension>
      <gpxtpx:hr>137</gpxtpx:hr>
      <gpxtpx:cad>52</gpxtpx:cad>
     </gpxtpx:TrackPointExtension>
    </extensions>
   </trkpt>
   <trkpt lat="46.0217930" lon="9.8386420">
    <ele>1763.4</ele>
    <time>2025-11-01T13:08:49Z</time>
    <extensions>
     <power>178</power>
     <gpxtpx:TrackPointExtension>
      <gpxtpx:hr>136</gpxtpx:hr>
      <gpxtpx:cad>52</gpxtpx:cad>
     </gpxtpx:TrackPointExtension>
    </extensions>
   </trkpt>
   <trkpt lat="46.0218410" lon="9.8384720">
    <ele>1763.6</ele>
    <time>2025-11-01T13:08:59Z</time>
    <extensions>
     <power>166</power>
     <gpxtpx:TrackPointExtension>
      <gpxtpx:hr>136</gpxtpx:hr>
      <gpxtpx:cad>55</gpxtpx:cad>
     </gpxtpx:TrackPointExtension>
    </extensions>
   </trkpt>
   <trkpt lat="46.0218420" lon="9.8383270">
    <ele>1763.8</ele>
    <time>2025-11-01T13:09:09Z</time>
    <extensions>
     <power>146</power>
     <gpxtpx:TrackPointExtension>
      <gpxtpx:hr>135</gpxtpx:hr>
      <gpxtpx:cad>57</gpxtpx:cad>
     </gpxtpx:TrackPointExtension>
    </extensions>
   </trkpt>
   <trkpt lat="46.0218060" lon="9.8381380">
    <ele>1764.8</ele>
    <time>2025-11-01T13:09:19Z</time>
    <extensions>
     <power>162</power>
     <gpxtpx:TrackPointExtension>
      <gpxtpx:hr>134</gpxtpx:hr>
      <gpxtpx:cad>57</gpxtpx:cad>
     </gpxtpx:TrackPointExtension>
    </extensions>
   </trkpt>
   <trkpt lat="46.0218000" lon="9.8379370">
    <ele>1764.8</ele>
    <time>2025-11-01T13:09:29Z</time>
    <extensions>
     <power>170</power>
     <gpxtpx:TrackPointExtension>
      <gpxtpx:hr>132</gpxtpx:hr>
      <gpxtpx:cad>55</gpxtpx:cad>
     </gpxtpx:TrackPointExtension>
    </extensions>
   </trkpt>
   <trkpt lat="46.0218310" lon="9.8377230">
    <ele>1762.2</ele>
    <time>2025-11-01T13:09:39Z</time>
    <extensions>
     <power>176</power>
     <gpxtpx:TrackPointExtension>
      <gpxtpx:hr>132</gpxtpx:hr>
      <gpxtpx:cad>59</gpxtpx:cad>
     </gpxtpx:TrackPointExtension>
    </extensions>
   </trkpt>
   <trkpt lat="46.0218590" lon="9.8374140">
    <ele>1760.4</ele>
    <time>2025-11-01T13:09:49Z</time>
    <extensions>
     <power>226</power>
     <gpxtpx:TrackPointExtension>
      <gpxtpx:hr>134</gpxtpx:hr>
      <gpxtpx:cad>83</gpxtpx:cad>
     </gpxtpx:TrackPointExtension>
    </extensions>
   </trkpt>
   <trkpt lat="46.0218480" lon="9.8370300">
    <ele>1759.0</ele>
    <time>2025-11-01T13:09:59Z</time>
    <extensions>
     <power>272</power>
     <gpxtpx:TrackPointExtension>
      <gpxtpx:hr>131</gpxtpx:hr>
      <gpxtpx:cad>82</gpxtpx:cad>
     </gpxtpx:TrackPointExtension>
    </extensions>
   </trkpt>
   <trkpt lat="46.0218330" lon="9.8366810">
    <ele>1758.0</ele>
    <time>2025-11-01T13:10:09Z</time>
    <extensions>
     <power>280</power>
     <gpxtpx:TrackPointExtension>
      <gpxtpx:hr>134</gpxtpx:hr>
      <gpxtpx:cad>80</gpxtpx:cad>
     </gpxtpx:TrackPointExtension>
    </extensions>
   </trkpt>
   <trkpt lat="46.0217880" lon="9.8363790">
    <ele>1756.2</ele>
    <time>2025-11-01T13:10:19Z</time>
    <extensions>
     <power>269</power>
     <gpxtpx:TrackPointExtension>
      <gpxtpx:hr>135</gpxtpx:hr>
      <gpxtpx:cad>82</gpxtpx:cad>
     </gpxtpx:TrackPointExtension>
    </extensions>
   </trkpt>
   <trkpt lat="46.0217550" lon="9.8361060">
    <ele>1755.4</ele>
    <time>2025-11-01T13:10:29Z</time>
    <extensions>
     <power>280</power>
     <gpxtpx:TrackPointExtension>
      <gpxtpx:hr>136</gpxtpx:hr>
      <gpxtpx:cad>77</gpxtpx:cad>
     </gpxtpx:TrackPointExtension>
    </extensions>
   </trkpt>
   <trkpt lat="46.0216790" lon="9.8358770">
    <ele>1752.4</ele>
    <time>2025-11-01T13:10:39Z</time>
    <extensions>
     <power>229</power>
     <gpxtpx:TrackPointExtension>
      <gpxtpx:hr>136</gpxtpx:hr>
      <gpxtpx:cad>83</gpxtpx:cad>
     </gpxtpx:TrackPointExtension>
    </extensions>
   </trkpt>
   <trkpt lat="46.0216760" lon="9.8355890">
    <ele>1749.2</ele>
    <time>2025-11-01T13:10:49Z</time>
    <extensions>
     <power>227</power>
     <gpxtpx:TrackPointExtension>
      <gpxtpx:hr>138</gpxtpx:hr>
      <gpxtpx:cad>79</gpxtpx:cad>
     </gpxtpx:TrackPointExtension>
    </extensions>
   </trkpt>
   <trkpt lat="46.0216590" lon="9.8354030">
    <ele>1748.2</ele>
    <time>2025-11-01T13:10:59Z</time>
    <extensions>
     <power>90</power>
     <gpxtpx:TrackPointExtension>
      <gpxtpx:hr>137</gpxtpx:hr>
      <gpxtpx:cad>53</gpxtpx:cad>
     </gpxtpx:TrackPointExtension>
    </extensions>
   </trkpt>
   <trkpt lat="46.0216200" lon="9.8352240">
    <ele>1745.6</ele>
    <time>2025-11-01T13:11:09Z</time>
    <extensions>
     <power>0</power>
     <gpxtpx:TrackPointExtension>
      <gpxtpx:hr>134</gpxtpx:hr>
      <gpxtpx:cad>0</gpxtpx:cad>
     </gpxtpx:TrackPointExtension>
    </extensions>
   </trkpt>
   <trkpt lat="46.0215640" lon="9.8349790">
    <ele>1743.6</ele>
    <time>2025-11-01T13:11:19Z</time>
    <extensions>
     <power>110</power>
     <gpxtpx:TrackPointExtension>
      <gpxtpx:hr>131</gpxtpx:hr>
      <gpxtpx:cad>79</gpxtpx:cad>
     </gpxtpx:TrackPointExtension>
    </extensions>
   </trkpt>
   <trkpt lat="46.0214850" lon="9.8347150">
    <ele>1741.2</ele>
    <time>2025-11-01T13:11:29Z</time>
    <extensions>
     <power>216</power>
     <gpxtpx:TrackPointExtension>
      <gpxtpx:hr>130</gpxtpx:hr>
      <gpxtpx:cad>81</gpxtpx:cad>
     </gpxtpx:TrackPointExtension>
    </extensions>
   </trkpt>
   <trkpt lat="46.0213440" lon="9.8344720">
    <ele>1740.8</ele>
    <time>2025-11-01T13:11:39Z</time>
    <extensions>
     <power>242</power>
     <gpxtpx:TrackPointExtension>
      <gpxtpx:hr>132</gpxtpx:hr>
      <gpxtpx:cad>82</gpxtpx:cad>
     </gpxtpx:TrackPointExtension>
    </extensions>
   </trkpt>
   <trkpt lat="46.0212760" lon="9.8342550">
    <ele>1739.0</ele>
    <time>2025-11-01T13:11:49Z</time>
    <extensions>
     <power>203</power>
     <gpxtpx:TrackPointExtension>
      <gpxtpx:hr>135</gpxtpx:hr>
      <gpxtpx:cad>80</gpxtpx:cad>
     </gpxtpx:TrackPointExtension>
    </extensions>
   </trkpt>
   <trkpt lat="46.0212020" lon="9.8340270">
    <ele>1735.8</ele>
    <time>2025-11-01T13:11:59Z</time>
    <extensions>
     <power>203</power>
     <gpxtpx:TrackPointExtension>
      <gpxtpx:hr>136</gpxtpx:hr>
      <gpxtpx:cad>81</gpxtpx:cad>
     </gpxtpx:TrackPointExtension>
    </extensions>
   </trkpt>
   <trkpt lat="46.0211760" lon="9.8338160">
    <ele>1731.8</ele>
    <time>2025-11-01T13:12:09Z</time>
    <extensions>
     <power>172</power>
     <gpxtpx:TrackPointExtension>
      <gpxtpx:hr>135</gpxtpx:hr>
      <gpxtpx:cad>69</gpxtpx:cad>
     </gpxtpx:TrackPointExtension>
    </extensions>
   </trkpt>
   <trkpt lat="46.0211740" lon="9.8335750">
    <ele>1729.2</ele>
    <time>2025-11-01T13:12:19Z</time>
    <extensions>
     <power>186</power>
     <gpxtpx:TrackPointExtension>
      <gpxtpx:hr>137</gpxtpx:hr>
      <gpxtpx:cad>78</gpxtpx:cad>
     </gpxtpx:TrackPointExtension>
    </extensions>
   </trkpt>
   <trkpt lat="46.0211490" lon="9.8333520">
    <ele>1725.4</ele>
    <time>2025-11-01T13:12:29Z</time>
    <extensions>
     <power>170</power>
     <gpxtpx:TrackPointExtension>
      <gpxtpx:hr>138</gpxtpx:hr>
      <gpxtpx:cad>83</gpxtpx:cad>
     </gpxtpx:TrackPointExtension>
    </extensions>
   </trkpt>
   <trkpt lat="46.0210880" lon="9.8330900">
    <ele>1724.2</ele>
    <time>2025-11-01T13:12:39Z</time>
    <extensions>
     <power>190</power>
     <gpxtpx:TrackPointExtension>
      <gpxtpx:hr>137</gpxtpx:hr>
      <gpxtpx:cad>74</gpxtpx:cad>
     </gpxtpx:TrackPointExtension>
    </extensions>
   </trkpt>
   <trkpt lat="46.0210650" lon="9.8329440">
    <ele>1721.8</ele>
    <time>2025-11-01T13:12:49Z</time>
    <extensions>
     <power>0</power>
     <gpxtpx:TrackPointExtension>
      <gpxtpx:hr>135</gpxtpx:hr>
      <gpxtpx:cad>0</gpxtpx:cad>
     </gpxtpx:TrackPointExtension>
    </extensions>
   </trkpt>
   <trkpt lat="46.0210660" lon="9.8328740">
    <ele>1721.6</ele>
    <time>2025-11-01T13:12:59Z</time>
    <extensions>
     <power>0</power>
     <gpxtpx:TrackPointExtension>
      <gpxtpx:hr>134</gpxtpx:hr>
      <gpxtpx:cad>0</gpxtpx:cad>
     </gpxtpx:TrackPointExtension>
    </extensions>
   </trkpt>
   <trkpt lat="46.0210280" lon="9.8327190">
    <ele>1718.2</ele>
    <time>2025-11-01T13:13:09Z</time>
    <extensions>
     <power>114</power>
     <gpxtpx:TrackPointExtension>
      <gpxtpx:hr>131</gpxtpx:hr>
      <gpxtpx:cad>66</gpxtpx:cad>
     </gpxtpx:TrackPointExtension>
    </extensions>
   </trkpt>
   <trkpt lat="46.0209850" lon="9.8325930">
    <ele>1716.4</ele>
    <time>2025-11-01T13:13:19Z</time>
    <extensions>
     <power>83</power>
     <gpxtpx:TrackPointExtension>
      <gpxtpx:hr>130</gpxtpx:hr>
      <gpxtpx:cad>61</gpxtpx:cad>
     </gpxtpx:TrackPointExtension>
    </extensions>
   </trkpt>
   <trkpt lat="46.0209780" lon="9.8324650">
    <ele>1713.6</ele>
    <time>2025-11-01T13:13:29Z</time>
    <extensions>
     <power>36</power>
     <gpxtpx:TrackPointExtension>
      <gpxtpx:hr>128</gpxtpx:hr>
      <gpxtpx:cad>51</gpxtpx:cad>
     </gpxtpx:TrackPointExtension>
    </extensions>
   </trkpt>
   <trkpt lat="46.0209310" lon="9.8323600">
    <ele>1711.8</ele>
    <time>2025-11-01T13:13:39Z</time>
    <extensions>
     <power>0</power>
     <gpxtpx:TrackPointExtension>
      <gpxtpx:hr>123</gpxtpx:hr>
      <gpxtpx:cad>61</gpxtpx:cad>
     </gpxtpx:TrackPointExtension>
    </extensions>
   </trkpt>
   <trkpt lat="46.0208930" lon="9.8322490">
    <ele>1709.4</ele>
    <time>2025-11-01T13:13:49Z</time>
    <extensions>
     <power>75</power>
     <gpxtpx:TrackPointExtension>
      <gpxtpx:hr>119</gpxtpx:hr>
      <gpxtpx:cad>59</gpxtpx:cad>
     </gpxtpx:TrackPointExtension>
    </extensions>
   </trkpt>
   <trkpt lat="46.0208980" lon="9.8322430">
    <ele>1709.6</ele>
    <time>2025-11-01T13:13:58Z</time>
    <extensions>
     <power>0</power>
     <gpxtpx:TrackPointExtension>
      <gpxtpx:hr>118</gpxtpx:hr>
      <gpxtpx:cad>0</gpxtpx:cad>
     </gpxtpx:TrackPointExtension>
    </extensions>
   </trkpt>
   <trkpt lat="46.0208840" lon="9.8322580">
    <ele>1709.6</ele>
    <time>2025-11-01T13:14:08Z</time>
    <extensions>
     <power>0</power>
     <gpxtpx:TrackPointExtension>
      <gpxtpx:hr>118</gpxtpx:hr>
      <gpxtpx:cad>0</gpxtpx:cad>
     </gpxtpx:TrackPointExtension>
    </extensions>
   </trkpt>
   <trkpt lat="46.0208570" lon="9.8322620">
    <ele>1709.4</ele>
    <time>2025-11-01T13:14:18Z</time>
    <extensions>
     <power>0</power>
     <gpxtpx:TrackPointExtension>
      <gpxtpx:hr>118</gpxtpx:hr>
      <gpxtpx:cad>0</gpxtpx:cad>
     </gpxtpx:TrackPointExtension>
    </extensions>
   </trkpt>
   <trkpt lat="46.0208540" lon="9.8321930">
    <ele>1709.2</ele>
    <time>2025-11-01T13:14:28Z</time>
    <extensions>
     <power>0</power>
     <gpxtpx:TrackPointExtension>
      <gpxtpx:hr>118</gpxtpx:hr>
      <gpxtpx:cad>0</gpxtpx:cad>
     </gpxtpx:TrackPointExtension>
    </extensions>
   </trkpt>
   <trkpt lat="46.0208860" lon="9.8320700">
    <ele>1707.2</ele>
    <time>2025-11-01T13:14:38Z</time>
    <extensions>
     <power>0</power>
     <gpxtpx:TrackPointExtension>
      <gpxtpx:hr>118</gpxtpx:hr>
      <gpxtpx:cad>0</gpxtpx:cad>
     </gpxtpx:TrackPointExtension>
    </extensions>
   </trkpt>
   <trkpt lat="46.0208070" lon="9.8319700">
    <ele>1704.6</ele>
    <time>2025-11-01T13:14:48Z</time>
    <extensions>
     <power>0</power>
     <gpxtpx:TrackPointExtension>
      <gpxtpx:hr>117</gpxtpx:hr>
      <gpxtpx:cad>0</gpxtpx:cad>
     </gpxtpx:TrackPointExtension>
    </extensions>
   </trkpt>
   <trkpt lat="46.0208070" lon="9.8318430">
    <ele>1703.6</ele>
    <time>2025-11-01T13:14:58Z</time>
    <extensions>
     <power>0</power>
     <gpxtpx:TrackPointExtension>
      <gpxtpx:hr>115</gpxtpx:hr>
      <gpxtpx:cad>0</gpxtpx:cad>
     </gpxtpx:TrackPointExtension>
    </extensions>
   </trkpt>
   <trkpt lat="46.0208170" lon="9.8316980">
    <ele>1700.8</ele>
    <time>2025-11-01T13:15:08Z</time>
    <extensions>
     <power>124</power>
     <gpxtpx:TrackPointExtension>
      <gpxtpx:hr>112</gpxtpx:hr>
      <gpxtpx:cad>72</gpxtpx:cad>
     </gpxtpx:TrackPointExtension>
    </extensions>
   </trkpt>
   <trkpt lat="46.0207980" lon="9.8315210">
    <ele>1699.2</ele>
    <time>2025-11-01T13:15:18Z</time>
    <extensions>
     <power>0</power>
     <gpxtpx:TrackPointExtension>
      <gpxtpx:hr>112</gpxtpx:hr>
      <gpxtpx:cad>60</gpxtpx:cad>
     </gpxtpx:TrackPointExtension>
    </extensions>
   </trkpt>
   <trkpt lat="46.0207750" lon="9.8313580">
    <ele>1698.8</ele>
    <time>2025-11-01T13:15:28Z</time>
    <extensions>
     <power>56</power>
     <gpxtpx:TrackPointExtension>
      <gpxtpx:hr>111</gpxtpx:hr>
      <gpxtpx:cad>55</gpxtpx:cad>
     </gpxtpx:TrackPointExtension>
    </extensions>
   </trkpt>
   <trkpt lat="46.0207620" lon="9.8311790">
    <ele>1697.6</ele>
    <time>2025-11-01T13:15:38Z</time>
    <extensions>
     <power>86</power>
     <gpxtpx:TrackPointExtension>
      <gpxtpx:hr>110</gpxtpx:hr>
      <gpxtpx:cad>61</gpxtpx:cad>
     </gpxtpx:TrackPointExtension>
    </extensions>
   </trkpt>
   <trkpt lat="46.0207810" lon="9.8310280">
    <ele>1696.0</ele>
    <time>2025-11-01T13:15:48Z</time>
    <extensions>
     <power>47</power>
     <gpxtpx:TrackPointExtension>
      <gpxtpx:hr>111</gpxtpx:hr>
      <gpxtpx:cad>0</gpxtpx:cad>
     </gpxtpx:TrackPointExtension>
    </extensions>
   </trkpt>
   <trkpt lat="46.0207950" lon="9.8308450">
    <ele>1697.0</ele>
    <time>2025-11-01T13:15:58Z</time>
    <extensions>
     <power>122</power>
     <gpxtpx:TrackPointExtension>
      <gpxtpx:hr>111</gpxtpx:hr>
      <gpxtpx:cad>59</gpxtpx:cad>
     </gpxtpx:TrackPointExtension>
    </extensions>
   </trkpt>
   <trkpt lat="46.0208150" lon="9.8307010">
    <ele>1695.0</ele>
    <time>2025-11-01T13:16:08Z</time>
    <extensions>
     <power>102</power>
     <gpxtpx:TrackPointExtension>
      <gpxtpx:hr>110</gpxtpx:hr>
      <gpxtpx:cad>59</gpxtpx:cad>
     </gpxtpx:TrackPointExtension>
    </extensions>
   </trkpt>
   <trkpt lat="46.0208270" lon="9.8305380">
    <ele>1693.6</ele>
    <time>2025-11-01T13:16:18Z</time>
    <extensions>
     <power>0</power>
     <gpxtpx:TrackPointExtension>
      <gpxtpx:hr>107</gpxtpx:hr>
      <gpxtpx:cad>0</gpxtpx:cad>
     </gpxtpx:TrackPointExtension>
    </extensions>
   </trkpt>
   <trkpt lat="46.0208310" lon="9.8304870">
    <ele>1693.6</ele>
    <time>2025-11-01T13:16:28Z</time>
    <extensions>
     <power>0</power>
     <gpxtpx:TrackPointExtension>
      <gpxtpx:hr>106</gpxtpx:hr>
      <gpxtpx:cad>0</gpxtpx:cad>
     </gpxtpx:TrackPointExtension>
    </extensions>
   </trkpt>
   <trkpt lat="46.0208180" lon="9.8303370">
    <ele>1693.0</ele>
    <time>2025-11-01T13:16:38Z</time>
    <extensions>
     <power>0</power>
     <gpxtpx:TrackPointExtension>
      <gpxtpx:hr>106</gpxtpx:hr>
      <gpxtpx:cad>0</gpxtpx:cad>
     </gpxtpx:TrackPointExtension>
    </extensions>
   </trkpt>
   <trkpt lat="46.0208550" lon="9.8301400">
    <ele>1691.8</ele>
    <time>2025-11-01T13:16:48Z</time>
    <extensions>
     <power>143</power>
     <gpxtpx:TrackPointExtension>
      <gpxtpx:hr>107</gpxtpx:hr>
      <gpxtpx:cad>68</gpxtpx:cad>
     </gpxtpx:TrackPointExtension>
    </extensions>
   </trkpt>
   <trkpt lat="46.0208550" lon="9.8300060">
    <ele>1691.8</ele>
    <time>2025-11-01T13:16:58Z</time>
    <extensions>
     <power>159</power>
     <gpxtpx:TrackPointExtension>
      <gpxtpx:hr>111</gpxtpx:hr>
      <gpxtpx:cad>97</gpxtpx:cad>
     </gpxtpx:TrackPointExtension>
    </extensions>
   </trkpt>
   <trkpt lat="46.0209330" lon="9.8299250">
    <ele>1688.0</ele>
    <time>2025-11-01T13:17:08Z</time>
    <extensions>
     <power>0</power>
     <gpxtpx:TrackPointExtension>
      <gpxtpx:hr>109</gpxtpx:hr>
      <gpxtpx:cad>0</gpxtpx:cad>
     </gpxtpx:TrackPointExtension>
    </extensions>
   </trkpt>
   <trkpt lat="46.0209690" lon="9.8297790">
    <ele>1685.8</ele>
    <time>2025-11-01T13:17:18Z</time>
    <extensions>
     <power>117</power>
     <gpxtpx:TrackPointExtension>
      <gpxtpx:hr>111</gpxtpx:hr>
      <gpxtpx:cad>63</gpxtpx:cad>
     </gpxtpx:TrackPointExtension>
    </extensions>
   </trkpt>
   <trkpt lat="46.0210160" lon="9.8296590">
    <ele>1683.0</ele>
    <time>2025-11-01T13:17:28Z</time>
    <extensions>
     <power>0</power>
     <gpxtpx:TrackPointExtension>
      <gpxtpx:hr>108</gpxtpx:hr>
      <gpxtpx:cad>0</gpxtpx:cad>
     </gpxtpx:TrackPointExtension>
    </extensions>
   </trkpt>
   <trkpt lat="46.0210940" lon="9.8295560">
    <ele>1681.6</ele>
    <time>2025-11-01T13:17:38Z</time>
    <extensions>
     <power>78</power>
     <gpxtpx:TrackPointExtension>
      <gpxtpx:hr>108</gpxtpx:hr>
      <gpxtpx:cad>60</gpxtpx:cad>
     </gpxtpx:TrackPointExtension>
    </extensions>
   </trkpt>
   <trkpt lat="46.0211510" lon="9.8294990">
    <ele>1679.2</ele>
    <time>2025-11-01T13:17:48Z</time>
    <extensions>
     <power>89</power>
     <gpxtpx:TrackPointExtension>
      <gpxtpx:hr>109</gpxtpx:hr>
      <gpxtpx:cad>64</gpxtpx:cad>
     </gpxtpx:TrackPointExtension>
    </extensions>
   </trkpt>
   <trkpt lat="46.0212130" lon="9.8293420">
    <ele>1677.6</ele>
    <time>2025-11-01T13:17:58Z</time>
    <extensions>
     <power>65</power>
     <gpxtpx:TrackPointExtension>
      <gpxtpx:hr>112</gpxtpx:hr>
      <gpxtpx:cad>0</gpxtpx:cad>
     </gpxtpx:TrackPointExtension>
    </extensions>
   </trkpt>
   <trkpt lat="46.0212680" lon="9.8292760">
    <ele>1675.8</ele>
    <time>2025-11-01T13:18:08Z</time>
    <extensions>
     <power>94</power>
     <gpxtpx:TrackPointExtension>
      <gpxtpx:hr>110</gpxtpx:hr>
      <gpxtpx:cad>64</gpxtpx:cad>
     </gpxtpx:TrackPointExtension>
    </extensions>
   </trkpt>
   <trkpt lat="46.0213060" lon="9.8291900">
    <ele>1674.0</ele>
    <time>2025-11-01T13:18:18Z</time>
    <extensions>
     <power>79</power>
     <gpxtpx:TrackPointExtension>
      <gpxtpx:hr>108</gpxtpx:hr>
      <gpxtpx:cad>61</gpxtpx:cad>
     </gpxtpx:TrackPointExtension>
    </extensions>
   </trkpt>
   <trkpt lat="46.0213370" lon="9.8291410">
    <ele>1671.6</ele>
    <time>2025-11-01T13:18:28Z</time>
    <extensions>
     <power>38</power>
     <gpxtpx:TrackPointExtension>
      <gpxtpx:hr>107</gpxtpx:hr>
      <gpxtpx:cad>49</gpxtpx:cad>
     </gpxtpx:TrackPointExtension>
    </extensions>
   </trkpt>
   <trkpt lat="46.0213730" lon="9.8290970">
    <ele>1669.4</ele>
    <time>2025-11-01T13:18:38Z</time>
    <extensions>
     <power>71</power>
     <gpxtpx:TrackPointExtension>
      <gpxtpx:hr>107</gpxtpx:hr>
      <gpxtpx:cad>59</gpxtpx:cad>
     </gpxtpx:TrackPointExtension>
    </extensions>
   </trkpt>
   <trkpt lat="46.0213800" lon="9.8290410">
    <ele>1667.4</ele>
    <time>2025-11-01T13:18:48Z</time>
    <extensions>
     <power>0</power>
     <gpxtpx:TrackPointExtension>
      <gpxtpx:hr>107</gpxtpx:hr>
      <gpxtpx:cad>0</gpxtpx:cad>
     </gpxtpx:TrackPointExtension>
    </extensions>
   </trkpt>
   <trkpt lat="46.0213590" lon="9.8288770">
    <ele>1665.2</ele>
    <time>2025-11-01T13:18:58Z</time>
    <extensions>
     <power>104</power>
     <gpxtpx:TrackPointExtension>
      <gpxtpx:hr>107</gpxtpx:hr>
      <gpxtpx:cad>64</gpxtpx:cad>
     </gpxtpx:TrackPointExtension>
    </extensions>
   </trkpt>
   <trkpt lat="46.0214040" lon="9.8288570">
    <ele>1663.0</ele>
    <time>2025-11-01T13:19:08Z</time>
    <extensions>
     <power>0</power>
     <gpxtpx:TrackPointExtension>
      <gpxtpx:hr>108</gpxtpx:hr>
      <gpxtpx:cad>0</gpxtpx:cad>
     </gpxtpx:TrackPointExtension>
    </extensions>
   </trkpt>
   <trkpt lat="46.0214420" lon="9.8288740">
    <ele>1661.2</ele>
    <time>2025-11-01T13:19:17Z</time>
    <extensions>
     <power>0</power>
     <gpxtpx:TrackPointExtension>
      <gpxtpx:hr>108</gpxtpx:hr>
      <gpxtpx:cad>0</gpxtpx:cad>
     </gpxtpx:TrackPointExtension>
    </extensions>
   </trkpt>
   <trkpt lat="46.0214730" lon="9.8288810">
    <ele>1660.0</ele>
    <time>2025-11-01T13:19:27Z</time>
    <extensions>
     <power>0</power>
     <gpxtpx:TrackPointExtension>
      <gpxtpx:hr>112</gpxtpx:hr>
      <gpxtpx:cad>0</gpxtpx:cad>
     </gpxtpx:TrackPointExtension>
    </extensions>
   </trkpt>
   <trkpt lat="46.0215330" lon="9.8288330">
    <ele>1657.6</ele>
    <time>2025-11-01T13:19:37Z</time>
    <extensions>
     <power>70</power>
     <gpxtpx:TrackPointExtension>
      <gpxtpx:hr>115</gpxtpx:hr>
      <gpxtpx:cad>61</gpxtpx:cad>
     </gpxtpx:TrackPointExtension>
    </extensions>
   </trkpt>
   <trkpt lat="46.0215580" lon="9.8288330">
    <ele>1655.4</ele>
    <time>2025-11-01T13:19:47Z</time>
    <extensions>
     <power>0</power>
     <gpxtpx:TrackPointExtension>
      <gpxtpx:hr>112</gpxtpx:hr>
      <gpxtpx:cad>0</gpxtpx:cad>
     </gpxtpx:TrackPointExtension>
    </extensions>
   </trkpt>
   <trkpt lat="46.0215710" lon="9.8288260">
    <ele>1653.6</ele>
    <time>2025-11-01T13:19:57Z</time>
    <extensions>
     <power>0</power>
     <gpxtpx:TrackPointExtension>
      <gpxtpx:hr>109</gpxtpx:hr>
      <gpxtpx:cad>18</gpxtpx:cad>
     </gpxtpx:TrackPointExtension>
    </extensions>
   </trkpt>
   <trkpt lat="46.0216060" lon="9.8287750">
    <ele>1651.2</ele>
    <time>2025-11-01T13:20:07Z</time>
    <extensions>
     <power>45</power>
     <gpxtpx:TrackPointExtension>
      <gpxtpx:hr>104</gpxtpx:hr>
      <gpxtpx:cad>56</gpxtpx:cad>
     </gpxtpx:TrackPointExtension>
    </extensions>
   </trkpt>
   <trkpt lat="46.0216730" lon="9.8287310">
    <ele>1649.0</ele>
    <time>2025-11-01T13:20:17Z</time>
    <extensions>
     <power>93</power>
     <gpxtpx:TrackPointExtension>
      <gpxtpx:hr>103</gpxtpx:hr>
      <gpxtpx:cad>70</gpxtpx:cad>
     </gpxtpx:TrackPointExtension>
    </extensions>
   </trkpt>
   <trkpt lat="46.0217570" lon="9.8286630">
    <ele>1646.6</ele>
    <time>2025-11-01T13:20:27Z</time>
    <extensions>
     <power>85</power>
     <gpxtpx:TrackPointExtension>
      <gpxtpx:hr>104</gpxtpx:hr>
      <gpxtpx:cad>65</gpxtpx:cad>
     </gpxtpx:TrackPointExtension>
    </extensions>
   </trkpt>
   <trkpt lat="46.0217850" lon="9.8285960">
    <ele>1644.8</ele>
    <time>2025-11-01T13:20:37Z</time>
    <extensions>
     <power>80</power>
     <gpxtpx:TrackPointExtension>
      <gpxtpx:hr>104</gpxtpx:hr>
      <gpxtpx:cad>57</gpxtpx:cad>
     </gpxtpx:TrackPointExtension>
    </extensions>
   </trkpt>
   <trkpt lat="46.0218170" lon="9.8285430">
    <ele>1644.4</ele>
    <time>2025-11-01T13:20:47Z</time>
    <extensions>
     <power>0</power>
     <gpxtpx:TrackPointExtension>
      <gpxtpx:hr>107</gpxtpx:hr>
      <gpxtpx:cad>0</gpxtpx:cad>
     </gpxtpx:TrackPointExtension>
    </extensions>
   </trkpt>
   <trkpt lat="46.0218780" lon="9.8284740">
    <ele>1641.2</ele>
    <time>2025-11-01T13:20:57Z</time>
    <extensions>
     <power>0</power>
     <gpxtpx:TrackPointExtension>
      <gpxtpx:hr>119</gpxtpx:hr>
      <gpxtpx:cad>0</gpxtpx:cad>
     </gpxtpx:TrackPointExtension>
    </extensions>
   </trkpt>
   <trkpt lat="46.0219020" lon="9.8284910">
    <ele>1638.4</ele>
    <time>2025-11-01T13:21:07Z</time>
    <extensions>
     <power>81</power>
     <gpxtpx:TrackPointExtension>
      <gpxtpx:hr>121</gpxtpx:hr>
      <gpxtpx:cad>70</gpxtpx:cad>
     </gpxtpx:TrackPointExtension>
    </extensions>
   </trkpt>
   <trkpt lat="46.0219370" lon="9.8284430">
    <ele>1637.0</ele>
    <time>2025-11-01T13:21:17Z</time>
    <extensions>
     <power>0</power>
     <gpxtpx:TrackPointExtension>
      <gpxtpx:hr>122</gpxtpx:hr>
      <gpxtpx:cad>59</gpxtpx:cad>
     </gpxtpx:TrackPointExtension>
    </extensions>
   </trkpt>
   <trkpt lat="46.0219860" lon="9.8284720">
    <ele>1635.2</ele>
    <time>2025-11-01T13:21:27Z</time>
    <extensions>
     <power>87</power>
     <gpxtpx:TrackPointExtension>
      <gpxtpx:hr>119</gpxtpx:hr>
      <gpxtpx:cad>71</gpxtpx:cad>
     </gpxtpx:TrackPointExtension>
    </extensions>
   </trkpt>
   <trkpt lat="46.0220140" lon="9.8285650">
    <ele>1632.4</ele>
    <time>2025-11-01T13:21:37Z</time>
    <extensions>
     <power>0</power>
     <gpxtpx:TrackPointExtension>
      <gpxtpx:hr>117</gpxtpx:hr>
      <gpxtpx:cad>64</gpxtpx:cad>
     </gpxtpx:TrackPointExtension>
    </extensions>
   </trkpt>
   <trkpt lat="46.0220410" lon="9.8286410">
    <ele>1629.6</ele>
    <time>2025-11-01T13:21:47Z</time>
    <extensions>
     <power>0</power>
     <gpxtpx:TrackPointExtension>
      <gpxtpx:hr>120</gpxtpx:hr>
      <gpxtpx:cad>55</gpxtpx:cad>
     </gpxtpx:TrackPointExtension>
    </extensions>
   </trkpt>
   <trkpt lat="46.0220480" lon="9.8286600">
    <ele>1629.4</ele>
    <time>2025-11-01T13:21:57Z</time>
    <extensions>
     <power>0</power>
     <gpxtpx:TrackPointExtension>
      <gpxtpx:hr>122</gpxtpx:hr>
      <gpxtpx:cad>0</gpxtpx:cad>
     </gpxtpx:TrackPointExtension>
    </extensions>
   </trkpt>
   <trkpt lat="46.0220680" lon="9.8286770">
    <ele>1629.4</ele>
    <time>2025-11-01T13:23:51Z</time>
    <extensions>
     <power>0</power>
     <gpxtpx:TrackPointExtension>
      <gpxtpx:hr>113</gpxtpx:hr>
      <gpxtpx:cad>0</gpxtpx:cad>
     </gpxtpx:TrackPointExtension>
    </extensions>
   </trkpt>
   <trkpt lat="46.0221210" lon="9.8287120">
    <ele>1626.8</ele>
    <time>2025-11-01T13:24:01Z</time>
    <extensions>
     <power>0</power>
     <gpxtpx:TrackPointExtension>
      <gpxtpx:hr>113</gpxtpx:hr>
      <gpxtpx:cad>0</gpxtpx:cad>
     </gpxtpx:TrackPointExtension>
    </extensions>
   </trkpt>
   <trkpt lat="46.0221750" lon="9.8285810">
    <ele>1624.6</ele>
    <time>2025-11-01T13:24:11Z</time>
    <extensions>
     <power>0</power>
     <gpxtpx:TrackPointExtension>
      <gpxtpx:hr>112</gpxtpx:hr>
      <gpxtpx:cad>0</gpxtpx:cad>
     </gpxtpx:TrackPointExtension>
    </extensions>
   </trkpt>
   <trkpt lat="46.0222000" lon="9.8284270">
    <ele>1626.4</ele>
    <time>2025-11-01T13:24:21Z</time>
    <extensions>
     <power>0</power>
     <gpxtpx:TrackPointExtension>
      <gpxtpx:hr>112</gpxtpx:hr>
      <gpxtpx:cad>0</gpxtpx:cad>
     </gpxtpx:TrackPointExtension>
    </extensions>
   </trkpt>
   <trkpt lat="46.0222390" lon="9.8282990">
    <ele>1628.0</ele>
    <time>2025-11-01T13:24:31Z</time>
    <extensions>
     <power>62</power>
     <gpxtpx:TrackPointExtension>
      <gpxtpx:hr>112</gpxtpx:hr>
      <gpxtpx:cad>50</gpxtpx:cad>
     </gpxtpx:TrackPointExtension>
    </extensions>
   </trkpt>
   <trkpt lat="46.0222940" lon="9.8281800">
    <ele>1629.8</ele>
    <time>2025-11-01T13:24:41Z</time>
    <extensions>
     <power>76</power>
     <gpxtpx:TrackPointExtension>
      <gpxtpx:hr>120</gpxtpx:hr>
      <gpxtpx:cad>47</gpxtpx:cad>
     </gpxtpx:TrackPointExtension>
    </extensions>
   </trkpt>
   <trkpt lat="46.0223230" lon="9.8281250">
    <ele>1631.4</ele>
    <time>2025-11-01T13:24:51Z</time>
    <extensions>
     <power>141</power>
     <gpxtpx:TrackPointExtension>
      <gpxtpx:hr>129</gpxtpx:hr>
      <gpxtpx:cad>0</gpxtpx:cad>
     </gpxtpx:TrackPointExtension>
    </extensions>
   </trkpt>
   <trkpt lat="46.0223180" lon="9.8279800">
    <ele>1632.8</ele>
    <time>2025-11-01T13:25:01Z</time>
    <extensions>
     <power>198</power>
     <gpxtpx:TrackPointExtension>
      <gpxtpx:hr>133</gpxtpx:hr>
      <gpxtpx:cad>48</gpxtpx:cad>
     </gpxtpx:TrackPointExtension>
    </extensions>
   </trkpt>
   <trkpt lat="46.0223390" lon="9.8278340">
    <ele>1633.0</ele>
    <time>2025-11-01T13:25:11Z</time>
    <extensions>
     <power>0</power>
     <gpxtpx:TrackPointExtension>
      <gpxtpx:hr>137</gpxtpx:hr>
      <gpxtpx:cad>0</gpxtpx:cad>
     </gpxtpx:TrackPointExtension>
    </extensions>
   </trkpt>
   <trkpt lat="46.0223660" lon="9.8277240">
    <ele>1633.6</ele>
    <time>2025-11-01T13:25:21Z</time>
    <extensions>
     <power>213</power>
     <gpxtpx:TrackPointExtension>
      <gpxtpx:hr>135</gpxtpx:hr>
      <gpxtpx:cad>51</gpxtpx:cad>
     </gpxtpx:TrackPointExtension>
    </extensions>
   </trkpt>
   <trkpt lat="46.0223610" lon="9.8275890">
    <ele>1635.6</ele>
    <time>2025-11-01T13:25:31Z</time>
    <extensions>
     <power>208</power>
     <gpxtpx:TrackPointExtension>
      <gpxtpx:hr>136</gpxtpx:hr>
      <gpxtpx:cad>49</gpxtpx:cad>
     </gpxtpx:TrackPointExtension>
    </extensions>
   </trkpt>
   <trkpt lat="46.0223560" lon="9.8274400">
    <ele>1637.0</ele>
    <time>2025-11-01T13:25:41Z</time>
    <extensions>
     <power>213</power>
     <gpxtpx:TrackPointExtension>
      <gpxtpx:hr>142</gpxtpx:hr>
      <gpxtpx:cad>50</gpxtpx:cad>
     </gpxtpx:TrackPointExtension>
    </extensions>
   </trkpt>
   <trkpt lat="46.0223610" lon="9.8273290">
    <ele>1635.6</ele>
    <time>2025-11-01T13:25:51Z</time>
    <extensions>
     <power>193</power>
     <gpxtpx:TrackPointExtension>
      <gpxtpx:hr>143</gpxtpx:hr>
      <gpxtpx:cad>55</gpxtpx:cad>
     </gpxtpx:TrackPointExtension>
    </extensions>
   </trkpt>
   <trkpt lat="46.0223250" lon="9.8271560">
    <ele>1635.4</ele>
    <time>2025-11-01T13:26:01Z</time>
    <extensions>
     <power>118</power>
     <gpxtpx:TrackPointExtension>
      <gpxtpx:hr>134</gpxtpx:hr>
      <gpxtpx:cad>54</gpxtpx:cad>
     </gpxtpx:TrackPointExtension>
    </extensions>
   </trkpt>
   <trkpt lat="46.0223510" lon="9.8269890">
    <ele>1636.0</ele>
    <time>2025-11-01T13:26:11Z</time>
    <extensions>
     <power>104</power>
     <gpxtpx:TrackPointExtension>
      <gpxtpx:hr>131</gpxtpx:hr>
      <gpxtpx:cad>49</gpxtpx:cad>
     </gpxtpx:TrackPointExtension>
    </extensions>
   </trkpt>
   <trkpt lat="46.0223950" lon="9.8268660">
    <ele>1635.8</ele>
    <time>2025-11-01T13:26:20Z</time>
    <extensions>
     <power>46</power>
     <gpxtpx:TrackPointExtension>
      <gpxtpx:hr>129</gpxtpx:hr>
      <gpxtpx:cad>0</gpxtpx:cad>
     </gpxtpx:TrackPointExtension>
    </extensions>
   </trkpt>
   <trkpt lat="46.0224130" lon="9.8267510">
    <ele>1636.6</ele>
    <time>2025-11-01T13:26:30Z</time>
    <extensions>
     <power>128</power>
     <gpxtpx:TrackPointExtension>
      <gpxtpx:hr>124</gpxtpx:hr>
      <gpxtpx:cad>53</gpxtpx:cad>
     </gpxtpx:TrackPointExtension>
    </extensions>
   </trkpt>
   <trkpt lat="46.0224160" lon="9.8266400">
    <ele>1638.8</ele>
    <time>2025-11-01T13:26:40Z</time>
    <extensions>
     <power>0</power>
     <gpxtpx:TrackPointExtension>
      <gpxtpx:hr>128</gpxtpx:hr>
      <gpxtpx:cad>0</gpxtpx:cad>
     </gpxtpx:TrackPointExtension>
    </extensions>
   </trkpt>
   <trkpt lat="46.0224490" lon="9.8265160">
    <ele>1640.0</ele>
    <time>2025-11-01T13:26:50Z</time>
    <extensions>
     <power>220</power>
     <gpxtpx:TrackPointExtension>
      <gpxtpx:hr>132</gpxtpx:hr>
      <gpxtpx:cad>55</gpxtpx:cad>
     </gpxtpx:TrackPointExtension>
    </extensions>
   </trkpt>
   <trkpt lat="46.0224730" lon="9.8263810">
    <ele>1641.6</ele>
    <time>2025-11-01T13:27:00Z</time>
    <extensions>
     <power>253</power>
     <gpxtpx:TrackPointExtension>
      <gpxtpx:hr>135</gpxtpx:hr>
      <gpxtpx:cad>51</gpxtpx:cad>
     </gpxtpx:TrackPointExtension>
    </extensions>
   </trkpt>
   <trkpt lat="46.0224900" lon="9.8262090">
    <ele>1641.2</ele>
    <time>2025-11-01T13:27:10Z</time>
    <extensions>
     <power>232</power>
     <gpxtpx:TrackPointExtension>
      <gpxtpx:hr>135</gpxtpx:hr>
      <gpxtpx:cad>62</gpxtpx:cad>
     </gpxtpx:TrackPointExtension>
    </extensions>
   </trkpt>
   <trkpt lat="46.0225550" lon="9.8259840">
    <ele>1638.0</ele>
    <time>2025-11-01T13:27:20Z</time>
    <extensions>
     <power>238</power>
     <gpxtpx:TrackPointExtension>
      <gpxtpx:hr>136</gpxtpx:hr>
      <gpxtpx:cad>81</gpxtpx:cad>
     </gpxtpx:TrackPointExtension>
    </extensions>
   </trkpt>
   <trkpt lat="46.0226140" lon="9.8257330">
    <ele>1638.8</ele>
    <time>2025-11-01T13:27:30Z</time>
    <extensions>
     <power>246</power>
     <gpxtpx:TrackPointExtension>
      <gpxtpx:hr>137</gpxtpx:hr>
      <gpxtpx:cad>83</gpxtpx:cad>
     </gpxtpx:TrackPointExtension>
    </extensions>
   </trkpt>
   <trkpt lat="46.0226670" lon="9.8254110">
    <ele>1638.6</ele>
    <time>2025-11-01T13:27:40Z</time>
    <extensions>
     <power>297</power>
     <gpxtpx:TrackPointExtension>
      <gpxtpx:hr>139</gpxtpx:hr>
      <gpxtpx:cad>83</gpxtpx:cad>
     </gpxtpx:TrackPointExtension>
    </extensions>
   </trkpt>
   <trkpt lat="46.0227280" lon="9.8252280">
    <ele>1638.0</ele>
    <time>2025-11-01T13:27:50Z</time>
    <extensions>
     <power>267</power>
     <gpxtpx:TrackPointExtension>
      <gpxtpx:hr>138</gpxtpx:hr>
      <gpxtpx:cad>80</gpxtpx:cad>
     </gpxtpx:TrackPointExtension>
    </extensions>
   </trkpt>
   <trkpt lat="46.0228280" lon="9.8250120">
    <ele>1634.2</ele>
    <time>2025-11-01T13:28:00Z</time>
    <extensions>
     <power>203</power>
     <gpxtpx:TrackPointExtension>
      <gpxtpx:hr>139</gpxtpx:hr>
      <gpxtpx:cad>79</gpxtpx:cad>
     </gpxtpx:TrackPointExtension>
    </extensions>
   </trkpt>
   <trkpt lat="46.0229180" lon="9.8248700">
    <ele>1629.2</ele>
    <time>2025-11-01T13:28:10Z</time>
    <extensions>
     <power>170</power>
     <gpxtpx:TrackPointExtension>
      <gpxtpx:hr>139</gpxtpx:hr>
      <gpxtpx:cad>94</gpxtpx:cad>
     </gpxtpx:TrackPointExtension>
    </extensions>
   </trkpt>
   <trkpt lat="46.0229870" lon="9.8246950">
    <ele>1625.4</ele>
    <time>2025-11-01T13:28:20Z</time>
    <extensions>
     <power>151</power>
     <gpxtpx:TrackPointExtension>
      <gpxtpx:hr>140</gpxtpx:hr>
      <gpxtpx:cad>79</gpxtpx:cad>
     </gpxtpx:TrackPointExtension>
    </extensions>
   </trkpt>
   <trkpt lat="46.0230710" lon="9.8245650">
    <ele>1621.6</ele>
    <time>2025-11-01T13:28:30Z</time>
    <extensions>
     <power>0</power>
     <gpxtpx:TrackPointExtension>
      <gpxtpx:hr>141</gpxtpx:hr>
      <gpxtpx:cad>41</gpxtpx:cad>
     </gpxtpx:TrackPointExtension>
    </extensions>
   </trkpt>
   <trkpt lat="46.0230830" lon="9.8244170">
    <ele>1619.8</ele>
    <time>2025-11-01T13:28:40Z</time>
    <extensions>
     <power>6</power>
     <gpxtpx:TrackPointExtension>
      <gpxtpx:hr>137</gpxtpx:hr>
      <gpxtpx:cad>41</gpxtpx:cad>
     </gpxtpx:TrackPointExtension>
    </extensions>
   </trkpt>
   <trkpt lat="46.0231140" lon="9.8244440">
    <ele>1619.2</ele>
    <time>2025-11-01T13:28:50Z</time>
    <extensions>
     <power>0</power>
     <gpxtpx:TrackPointExtension>
      <gpxtpx:hr>133</gpxtpx:hr>
      <gpxtpx:cad>0</gpxtpx:cad>
     </gpxtpx:TrackPointExtension>
    </extensions>
   </trkpt>
   <trkpt lat="46.0231480" lon="9.8243530">
    <ele>1616.4</ele>
    <time>2025-11-01T13:29:00Z</time>
    <extensions>
     <power>87</power>
     <gpxtpx:TrackPointExtension>
      <gpxtpx:hr>131</gpxtpx:hr>
      <gpxtpx:cad>66</gpxtpx:cad>
     </gpxtpx:TrackPointExtension>
    </extensions>
   </trkpt>
   <trkpt lat="46.0231790" lon="9.8242380">
    <ele>1613.6</ele>
    <time>2025-11-01T13:29:10Z</time>
    <extensions>
     <power>90</power>
     <gpxtpx:TrackPointExtension>
      <gpxtpx:hr>132</gpxtpx:hr>
      <gpxtpx:cad>65</gpxtpx:cad>
     </gpxtpx:TrackPointExtension>
    </extensions>
   </trkpt>
   <trkpt lat="46.0232140" lon="9.8241280">
    <ele>1610.8</ele>
    <time>2025-11-01T13:29:20Z</time>
    <extensions>
     <power>0</power>
     <gpxtpx:TrackPointExtension>
      <gpxtpx:hr>129</gpxtpx:hr>
      <gpxtpx:cad>0</gpxtpx:cad>
     </gpxtpx:TrackPointExtension>
    </extensions>
   </trkpt>
   <trkpt lat="46.0232290" lon="9.8240030">
    <ele>1607.6</ele>
    <time>2025-11-01T13:29:30Z</time>
    <extensions>
     <power>0</power>
     <gpxtpx:TrackPointExtension>
      <gpxtpx:hr>127</gpxtpx:hr>
      <gpxtpx:cad>0</gpxtpx:cad>
     </gpxtpx:TrackPointExtension>
    </extensions>
   </trkpt>
   <trkpt lat="46.0232380" lon="9.8237590">
    <ele>1604.6</ele>
    <time>2025-11-01T13:29:40Z</time>
    <extensions>
     <power>210</power>
     <gpxtpx:TrackPointExtension>
      <gpxtpx:hr>125</gpxtpx:hr>
      <gpxtpx:cad>83</gpxtpx:cad>
     </gpxtpx:TrackPointExtension>
    </extensions>
   </trkpt>
   <trkpt lat="46.0232660" lon="9.8235530">
    <ele>1604.0</ele>
    <time>2025-11-01T13:29:50Z</time>
    <extensions>
     <power>0</power>
     <gpxtpx:TrackPointExtension>
      <gpxtpx:hr>127</gpxtpx:hr>
      <gpxtpx:cad>0</gpxtpx:cad>
     </gpxtpx:TrackPointExtension>
    </extensions>
   </trkpt>
   <trkpt lat="46.0233200" lon="9.8234630">
    <ele>1601.8</ele>
    <time>2025-11-01T13:30:00Z</time>
    <extensions>
     <power>84</power>
     <gpxtpx:TrackPointExtension>
      <gpxtpx:hr>125</gpxtpx:hr>
      <gpxtpx:cad>60</gpxtpx:cad>
     </gpxtpx:TrackPointExtension>
    </extensions>
   </trkpt>
   <trkpt lat="46.0233800" lon="9.8233620">
    <ele>1599.2</ele>
    <time>2025-11-01T13:30:10Z</time>
    <extensions>
     <power>57</power>
     <gpxtpx:TrackPointExtension>
      <gpxtpx:hr>122</gpxtpx:hr>
      <gpxtpx:cad>58</gpxtpx:cad>
     </gpxtpx:TrackPointExtension>
    </extensions>
   </trkpt>
   <trkpt lat="46.0234020" lon="9.8232220">
    <ele>1597.8</ele>
    <time>2025-11-01T13:30:20Z</time>
    <extensions>
     <power>0</power>
     <gpxtpx:TrackPointExtension>
      <gpxtpx:hr>118</gpxtpx:hr>
      <gpxtpx:cad>0</gpxtpx:cad>
     </gpxtpx:TrackPointExtension>
    </extensions>
   </trkpt>
   <trkpt lat="46.0234140" lon="9.8230680">
    <ele>1595.2</ele>
    <time>2025-11-01T13:30:30Z</time>
    <extensions>
     <power>0</power>
     <gpxtpx:TrackPointExtension>
      <gpxtpx:hr>116</gpxtpx:hr>
      <gpxtpx:cad>0</gpxtpx:cad>
     </gpxtpx:TrackPointExtension>
    </extensions>
   </trkpt>
   <trkpt lat="46.0234170" lon="9.8228820">
    <ele>1592.6</ele>
    <time>2025-11-01T13:30:40Z</time>
    <extensions>
     <power>104</power>
     <gpxtpx:TrackPointExtension>
      <gpxtpx:hr>114</gpxtpx:hr>
      <gpxtpx:cad>69</gpxtpx:cad>
     </gpxtpx:TrackPointExtension>
    </extensions>
   </trkpt>
   <trkpt lat="46.0234670" lon="9.8227150">
    <ele>1589.0</ele>
    <time>2025-11-01T13:30:50Z</time>
    <extensions>
     <power>0</power>
     <gpxtpx:TrackPointExtension>
      <gpxtpx:hr>113</gpxtpx:hr>
      <gpxtpx:cad>0</gpxtpx:cad>
     </gpxtpx:TrackPointExtension>
    </extensions>
   </trkpt>
   <trkpt lat="46.0235360" lon="9.8225990">
    <ele>1586.4</ele>
    <time>2025-11-01T13:31:00Z</time>
    <extensions>
     <power>0</power>
     <gpxtpx:TrackPointExtension>
      <gpxtpx:hr>112</gpxtpx:hr>
      <gpxtpx:cad>0</gpxtpx:cad>
     </gpxtpx:TrackPointExtension>
    </extensions>
   </trkpt>
   <trkpt lat="46.0236310" lon="9.8223890">
    <ele>1583.6</ele>
    <time>2025-11-01T13:31:10Z</time>
    <extensions>
     <power>196</power>
     <gpxtpx:TrackPointExtension>
      <gpxtpx:hr>112</gpxtpx:hr>
      <gpxtpx:cad>81</gpxtpx:cad>
     </gpxtpx:TrackPointExtension>
    </extensions>
   </trkpt>
   <trkpt lat="46.0236630" lon="9.8221990">
    <ele>1583.6</ele>
    <time>2025-11-01T13:31:20Z</time>
    <extensions>
     <power>146</power>
     <gpxtpx:TrackPointExtension>
      <gpxtpx:hr>116</gpxtpx:hr>
      <gpxtpx:cad>0</gpxtpx:cad>
     </gpxtpx:TrackPointExtension>
    </extensions>
   </trkpt>
   <trkpt lat="46.0236380" lon="9.8220490">
    <ele>1583.6</ele>
    <time>2025-11-01T13:31:30Z</time>
    <extensions>
     <power>177</power>
     <gpxtpx:TrackPointExtension>
      <gpxtpx:hr>118</gpxtpx:hr>
      <gpxtpx:cad>41</gpxtpx:cad>
     </gpxtpx:TrackPointExtension>
    </extensions>
   </trkpt>
   <trkpt lat="46.0235990" lon="9.8219240">
    <ele>1583.6</ele>
    <time>2025-11-01T13:31:39Z</time>
    <extensions>
     <power>110</power>
     <gpxtpx:TrackPointExtension>
      <gpxtpx:hr>123</gpxtpx:hr>
      <gpxtpx:cad>68</gpxtpx:cad>
     </gpxtpx:TrackPointExtension>
    </extensions>
   </trkpt>
   <trkpt lat="46.0235530" lon="9.8217640">
    <ele>1582.2</ele>
    <time>2025-11-01T13:31:49Z</time>
    <extensions>
     <power>0</power>
     <gpxtpx:TrackPointExtension>
      <gpxtpx:hr>123</gpxtpx:hr>
      <gpxtpx:cad>0</gpxtpx:cad>
     </gpxtpx:TrackPointExtension>
    </extensions>
   </trkpt>
   <trkpt lat="46.0235430" lon="9.8215180">
    <ele>1580.8</ele>
    <time>2025-11-01T13:31:59Z</time>
    <extensions>
     <power>45</power>
     <gpxtpx:TrackPointExtension>
      <gpxtpx:hr>123</gpxtpx:hr>
      <gpxtpx:cad>59</gpxtpx:cad>
     </gpxtpx:TrackPointExtension>
    </extensions>
   </trkpt>
   <trkpt lat="46.0235900" lon="9.8213120">
    <ele>1579.0</ele>
    <time>2025-11-01T13:32:09Z</time>
    <extensions>
     <power>258</power>
     <gpxtpx:TrackPointExtension>
      <gpxtpx:hr>125</gpxtpx:hr>
      <gpxtpx:cad>78</gpxtpx:cad>
     </gpxtpx:TrackPointExtension>
    </extensions>
   </trkpt>
   <trkpt lat="46.0235460" lon="9.8211590">
    <ele>1579.0</ele>
    <time>2025-11-01T13:32:19Z</time>
    <extensions>
     <power>110</power>
     <gpxtpx:TrackPointExtension>
      <gpxtpx:hr>128</gpxtpx:hr>
      <gpxtpx:cad>0</gpxtpx:cad>
     </gpxtpx:TrackPointExtension>
    </extensions>
   </trkpt>
   <trkpt lat="46.0235180" lon="9.8210260">
    <ele>1577.0</ele>
    <time>2025-11-01T13:32:29Z</time>
    <extensions>
     <power>180</power>
     <gpxtpx:TrackPointExtension>
      <gpxtpx:hr>129</gpxtpx:hr>
      <gpxtpx:cad>79</gpxtpx:cad>
     </gpxtpx:TrackPointExtension>
    </extensions>
   </trkpt>
   <trkpt lat="46.0234700" lon="9.8209330">
    <ele>1576.8</ele>
    <time>2025-11-01T13:32:39Z</time>
    <extensions>
     <power>111</power>
     <gpxtpx:TrackPointExtension>
      <gpxtpx:hr>127</gpxtpx:hr>
      <gpxtpx:cad>62</gpxtpx:cad>
     </gpxtpx:TrackPointExtension>
    </extensions>
   </trkpt>
   <trkpt lat="46.0233660" lon="9.8208060">
    <ele>1575.2</ele>
    <time>2025-11-01T13:32:49Z</time>
    <extensions>
     <power>0</power>
     <gpxtpx:TrackPointExtension>
      <gpxtpx:hr>125</gpxtpx:hr>
      <gpxtpx:cad>0</gpxtpx:cad>
     </gpxtpx:TrackPointExtension>
    </extensions>
   </trkpt>
   <trkpt lat="46.0232440" lon="9.8206690">
    <ele>1572.2</ele>
    <time>2025-11-01T13:32:59Z</time>
    <extensions>
     <power>173</power>
     <gpxtpx:TrackPointExtension>
      <gpxtpx:hr>123</gpxtpx:hr>
      <gpxtpx:cad>76</gpxtpx:cad>
     </gpxtpx:TrackPointExtension>
    </extensions>
   </trkpt>
   <trkpt lat="46.0231540" lon="9.8205130">
    <ele>1569.4</ele>
    <time>2025-11-01T13:33:09Z</time>
    <extensions>
     <power>24</power>
     <gpxtpx:TrackPointExtension>
      <gpxtpx:hr>124</gpxtpx:hr>
      <gpxtpx:cad>42</gpxtpx:cad>
     </gpxtpx:TrackPointExtension>
    </extensions>
   </trkpt>
   <trkpt lat="46.0231050" lon="9.8204190">
    <ele>1568.8</ele>
    <time>2025-11-01T13:33:19Z</time>
    <extensions>
     <power>48</power>
     <gpxtpx:TrackPointExtension>
      <gpxtpx:hr>121</gpxtpx:hr>
      <gpxtpx:cad>0</gpxtpx:cad>
     </gpxtpx:TrackPointExtension>
    </extensions>
   </trkpt>
   <trkpt lat="46.0230590" lon="9.8203020">
    <ele>1569.2</ele>
    <time>2025-11-01T13:33:29Z</time>
    <extensions>
     <power>0</power>
     <gpxtpx:TrackPointExtension>
      <gpxtpx:hr>123</gpxtpx:hr>
      <gpxtpx:cad>0</gpxtpx:cad>
     </gpxtpx:TrackPointExtension>
    </extensions>
   </trkpt>
   <trkpt lat="46.0229850" lon="9.8202240">
    <ele>1568.8</ele>
    <time>2025-11-01T13:33:39Z</time>
    <extensions>
     <power>0</power>
     <gpxtpx:TrackPointExtension>
      <gpxtpx:hr>123</gpxtpx:hr>
      <gpxtpx:cad>0</gpxtpx:cad>
     </gpxtpx:TrackPointExtension>
    </extensions>
   </trkpt>
   <trkpt lat="46.0229310" lon="9.8200850">
    <ele>1568.4</ele>
    <time>2025-11-01T13:33:49Z</time>
    <extensions>
     <power>124</power>
     <gpxtpx:TrackPointExtension>
      <gpxtpx:hr>121</gpxtpx:hr>
      <gpxtpx:cad>65</gpxtpx:cad>
     </gpxtpx:TrackPointExtension>
    </extensions>
   </trkpt>
   <trkpt lat="46.0228610" lon="9.8199380">
    <ele>1568.4</ele>
    <time>2025-11-01T13:33:59Z</time>
    <extensions>
     <power>0</power>
     <gpxtpx:TrackPointExtension>
      <gpxtpx:hr>125</gpxtpx:hr>
      <gpxtpx:cad>0</gpxtpx:cad>
     </gpxtpx:TrackPointExtension>
    </extensions>
   </trkpt>
   <trkpt lat="46.0227950" lon="9.8198100">
    <ele>1569.4</ele>
    <time>2025-11-01T13:34:09Z</time>
    <extensions>
     <power>95</power>
     <gpxtpx:TrackPointExtension>
      <gpxtpx:hr>127</gpxtpx:hr>
      <gpxtpx:cad>51</gpxtpx:cad>
     </gpxtpx:TrackPointExtension>
    </extensions>
   </trkpt>
   <trkpt lat="46.0227380" lon="9.8197090">
    <ele>1571.0</ele>
    <time>2025-11-01T13:34:19Z</time>
    <extensions>
     <power>134</power>
     <gpxtpx:TrackPointExtension>
      <gpxtpx:hr>132</gpxtpx:hr>
      <gpxtpx:cad>53</gpxtpx:cad>
     </gpxtpx:TrackPointExtension>
    </extensions>
   </trkpt>
   <trkpt lat="46.0226540" lon="9.8196430">
    <ele>1572.0</ele>
    <time>2025-11-01T13:34:29Z</time>
    <extensions>
     <power>183</power>
     <gpxtpx:TrackPointExtension>
      <gpxtpx:hr>138</gpxtpx:hr>
      <gpxtpx:cad>52</gpxtpx:cad>
     </gpxtpx:TrackPointExtension>
    </extensions>
   </trkpt>
   <trkpt lat="46.0225920" lon="9.8195340">
    <ele>1572.6</ele>
    <time>2025-11-01T13:34:39Z</time>
    <extensions>
     <power>182</power>
     <gpxtpx:TrackPointExtension>
      <gpxtpx:hr>133</gpxtpx:hr>
      <gpxtpx:cad>50</gpxtpx:cad>
     </gpxtpx:TrackPointExtension>
    </extensions>
   </trkpt>
   <trkpt lat="46.0225390" lon="9.8194440">
    <ele>1574.6</ele>
    <time>2025-11-01T13:34:49Z</time>
    <extensions>
     <power>161</power>
     <gpxtpx:TrackPointExtension>
      <gpxtpx:hr>134</gpxtpx:hr>
      <gpxtpx:cad>0</gpxtpx:cad>
     </gpxtpx:TrackPointExtension>
    </extensions>
   </trkpt>
   <trkpt lat="46.0225140" lon="9.8193410">
    <ele>1576.0</ele>
    <time>2025-11-01T13:34:59Z</time>
    <extensions>
     <power>240</power>
     <gpxtpx:TrackPointExtension>
      <gpxtpx:hr>132</gpxtpx:hr>
      <gpxtpx:cad>0</gpxtpx:cad>
     </gpxtpx:TrackPointExtension>
    </extensions>
   </trkpt>
   <trkpt lat="46.0224840" lon="9.8193240">
    <ele>1578.0</ele>
    <time>2025-11-01T13:35:09Z</time>
    <extensions>
     <power>0</power>
     <gpxtpx:TrackPointExtension>
      <gpxtpx:hr>135</gpxtpx:hr>
      <gpxtpx:cad>0</gpxtpx:cad>
     </gpxtpx:TrackPointExtension>
    </extensions>
   </trkpt>
   <trkpt lat="46.0224350" lon="9.8192910">
    <ele>1580.0</ele>
    <time>2025-11-01T13:35:19Z</time>
    <extensions>
     <power>338</power>
     <gpxtpx:TrackPointExtension>
      <gpxtpx:hr>137</gpxtpx:hr>
      <gpxtpx:cad>76</gpxtpx:cad>
     </gpxtpx:TrackPointExtension>
    </extensions>
   </trkpt>
   <trkpt lat="46.0224090" lon="9.8192640">
    <ele>1581.4</ele>
    <time>2025-11-01T13:35:29Z</time>
    <extensions>
     <power>343</power>
     <gpxtpx:TrackPointExtension>
      <gpxtpx:hr>139</gpxtpx:hr>
      <gpxtpx:cad>75</gpxtpx:cad>
     </gpxtpx:TrackPointExtension>
    </extensions>
   </trkpt>
   <trkpt lat="46.0223970" lon="9.8191940">
    <ele>1582.8</ele>
    <time>2025-11-01T13:35:39Z</time>
    <extensions>
     <power>75</power>
     <gpxtpx:TrackPointExtension>
      <gpxtpx:hr>137</gpxtpx:hr>
      <gpxtpx:cad>61</gpxtpx:cad>
     </gpxtpx:TrackPointExtension>
    </extensions>
   </trkpt>
   <trkpt lat="46.0223550" lon="9.8191090">
    <ele>1584.0</ele>
    <time>2025-11-01T13:35:49Z</time>
    <extensions>
     <power>313</power>
     <gpxtpx:TrackPointExtension>
      <gpxtpx:hr>138</gpxtpx:hr>
      <gpxtpx:cad>72</gpxtpx:cad>
     </gpxtpx:TrackPointExtension>
    </extensions>
   </trkpt>
   <trkpt lat="46.0223200" lon="9.8189990">
    <ele>1585.2</ele>
    <time>2025-11-01T13:35:59Z</time>
    <extensions>
     <power>322</power>
     <gpxtpx:TrackPointExtension>
      <gpxtpx:hr>139</gpxtpx:hr>
      <gpxtpx:cad>44</gpxtpx:cad>
     </gpxtpx:TrackPointExtension>
    </extensions>
   </trkpt>
   <trkpt lat="46.0222530" lon="9.8188620">
    <ele>1585.6</ele>
    <time>2025-11-01T13:36:09Z</time>
    <extensions>
     <power>238</power>
     <gpxtpx:TrackPointExtension>
      <gpxtpx:hr>138</gpxtpx:hr>
      <gpxtpx:cad>51</gpxtpx:cad>
     </gpxtpx:TrackPointExtension>
    </extensions>
   </trkpt>
   <trkpt lat="46.0222030" lon="9.8187840">
    <ele>1585.8</ele>
    <time>2025-11-01T13:36:19Z</time>
    <extensions>
     <power>154</power>
     <gpxtpx:TrackPointExtension>
      <gpxtpx:hr>137</gpxtpx:hr>
      <gpxtpx:cad>50</gpxtpx:cad>
     </gpxtpx:TrackPointExtension>
    </extensions>
   </trkpt>
   <trkpt lat="46.0221770" lon="9.8186440">
    <ele>1584.6</ele>
    <time>2025-11-01T13:36:29Z</time>
    <extensions>
     <power>44</power>
     <gpxtpx:TrackPointExtension>
      <gpxtpx:hr>133</gpxtpx:hr>
      <gpxtpx:cad>73</gpxtpx:cad>
     </gpxtpx:TrackPointExtension>
    </extensions>
   </trkpt>
   <trkpt lat="46.0222030" lon="9.8185300">
    <ele>1581.4</ele>
    <time>2025-11-01T13:36:39Z</time>
    <extensions>
     <power>0</power>
     <gpxtpx:TrackPointExtension>
      <gpxtpx:hr>133</gpxtpx:hr>
      <gpxtpx:cad>0</gpxtpx:cad>
     </gpxtpx:TrackPointExtension>
    </extensions>
   </trkpt>
   <trkpt lat="46.0222200" lon="9.8184000">
    <ele>1578.0</ele>
    <time>2025-11-01T13:36:49Z</time>
    <extensions>
     <power>143</power>
     <gpxtpx:TrackPointExtension>
      <gpxtpx:hr>129</gpxtpx:hr>
      <gpxtpx:cad>79</gpxtpx:cad>
     </gpxtpx:TrackPointExtension>
    </extensions>
   </trkpt>
   <trkpt lat="46.0223040" lon="9.8183180">
    <ele>1575.0</ele>
    <time>2025-11-01T13:36:59Z</time>
    <extensions>
     <power>74</power>
     <gpxtpx:TrackPointExtension>
      <gpxtpx:hr>126</gpxtpx:hr>
      <gpxtpx:cad>60</gpxtpx:cad>
     </gpxtpx:TrackPointExtension>
    </extensions>
   </trkpt>
   <trkpt lat="46.0223450" lon="9.8181930">
    <ele>1572.4</ele>
    <time>2025-11-01T13:37:08Z</time>
    <extensions>
     <power>89</power>
     <gpxtpx:TrackPointExtension>
      <gpxtpx:hr>122</gpxtpx:hr>
      <gpxtpx:cad>64</gpxtpx:cad>
     </gpxtpx:TrackPointExtension>
    </extensions>
   </trkpt>
   <trkpt lat="46.0223790" lon="9.8180410">
    <ele>1572.2</ele>
    <time>2025-11-01T13:37:18Z</time>
    <extensions>
     <power>79</power>
     <gpxtpx:TrackPointExtension>
      <gpxtpx:hr>118</gpxtpx:hr>
      <gpxtpx:cad>59</gpxtpx:cad>
     </gpxtpx:TrackPointExtension>
    </extensions>
   </trkpt>
   <trkpt lat="46.0224030" lon="9.8178920">
    <ele>1570.6</ele>
    <time>2025-11-01T13:37:28Z</time>
    <extensions>
     <power>0</power>
     <gpxtpx:TrackPointExtension>
      <gpxtpx:hr>117</gpxtpx:hr>
      <gpxtpx:cad>0</gpxtpx:cad>
     </gpxtpx:TrackPointExtension>
    </extensions>
   </trkpt>
   <trkpt lat="46.0223950" lon="9.8177200">
    <ele>1569.8</ele>
    <time>2025-11-01T13:37:38Z</time>
    <extensions>
     <power>115</power>
     <gpxtpx:TrackPointExtension>
      <gpxtpx:hr>115</gpxtpx:hr>
      <gpxtpx:cad>64</gpxtpx:cad>
     </gpxtpx:TrackPointExtension>
    </extensions>
   </trkpt>
   <trkpt lat="46.0224220" lon="9.8175260">
    <ele>1568.2</ele>
    <time>2025-11-01T13:37:48Z</time>
    <extensions>
     <power>120</power>
     <gpxtpx:TrackPointExtension>
      <gpxtpx:hr>113</gpxtpx:hr>
      <gpxtpx:cad>66</gpxtpx:cad>
     </gpxtpx:TrackPointExtension>
    </extensions>
   </trkpt>
   <trkpt lat="46.0224610" lon="9.8174040">
    <ele>1567.0</ele>
    <time>2025-11-01T13:37:58Z</time>
    <extensions>
     <power>109</power>
     <gpxtpx:TrackPointExtension>
      <gpxtpx:hr>110</gpxtpx:hr>
      <gpxtpx:cad>64</gpxtpx:cad>
     </gpxtpx:TrackPointExtension>
    </extensions>
   </trkpt>
   <trkpt lat="46.0224460" lon="9.8172270">
    <ele>1564.0</ele>
    <time>2025-11-01T13:38:08Z</time>
    <extensions>
     <power>0</power>
     <gpxtpx:TrackPointExtension>
      <gpxtpx:hr>109</gpxtpx:hr>
      <gpxtpx:cad>0</gpxtpx:cad>
     </gpxtpx:TrackPointExtension>
    </extensions>
   </trkpt>
   <trkpt lat="46.0224490" lon="9.8170370">
    <ele>1561.8</ele>
    <time>2025-11-01T13:38:18Z</time>
    <extensions>
     <power>0</power>
     <gpxtpx:TrackPointExtension>
      <gpxtpx:hr>105</gpxtpx:hr>
      <gpxtpx:cad>0</gpxtpx:cad>
     </gpxtpx:TrackPointExtension>
    </extensions>
   </trkpt>
   <trkpt lat="46.0224130" lon="9.8169530">
    <ele>1559.2</ele>
    <time>2025-11-01T13:38:28Z</time>
    <extensions>
     <power>0</power>
     <gpxtpx:TrackPointExtension>
      <gpxtpx:hr>113</gpxtpx:hr>
      <gpxtpx:cad>0</gpxtpx:cad>
     </gpxtpx:TrackPointExtension>
    </extensions>
   </trkpt>
   <trkpt lat="46.0223240" lon="9.8169140">
    <ele>1557.2</ele>
    <time>2025-11-01T13:38:38Z</time>
    <extensions>
     <power>79</power>
     <gpxtpx:TrackPointExtension>
      <gpxtpx:hr>110</gpxtpx:hr>
      <gpxtpx:cad>55</gpxtpx:cad>
     </gpxtpx:TrackPointExtension>
    </extensions>
   </trkpt>
   <trkpt lat="46.0222450" lon="9.8168150">
    <ele>1556.0</ele>
    <time>2025-11-01T13:38:48Z</time>
    <extensions>
     <power>146</power>
     <gpxtpx:TrackPointExtension>
      <gpxtpx:hr>108</gpxtpx:hr>
      <gpxtpx:cad>113</gpxtpx:cad>
     </gpxtpx:TrackPointExtension>
    </extensions>
   </trkpt>
   <trkpt lat="46.0222490" lon="9.8166970">
    <ele>1554.0</ele>
    <time>2025-11-01T13:38:58Z</time>
    <extensions>
     <power>73</power>
     <gpxtpx:TrackPointExtension>
      <gpxtpx:hr>109</gpxtpx:hr>
      <gpxtpx:cad>60</gpxtpx:cad>
     </gpxtpx:TrackPointExtension>
    </extensions>
   </trkpt>
   <trkpt lat="46.0222720" lon="9.8166070">
    <ele>1551.4</ele>
    <time>2025-11-01T13:39:08Z</time>
    <extensions>
     <power>0</power>
     <gpxtpx:TrackPointExtension>
      <gpxtpx:hr>105</gpxtpx:hr>
      <gpxtpx:cad>0</gpxtpx:cad>
     </gpxtpx:TrackPointExtension>
    </extensions>
   </trkpt>
   <trkpt lat="46.0222880" lon="9.8165500">
    <ele>1549.2</ele>
    <time>2025-11-01T13:39:18Z</time>
    <extensions>
     <power>0</power>
     <gpxtpx:TrackPointExtension>
      <gpxtpx:hr>103</gpxtpx:hr>
      <gpxtpx:cad>0</gpxtpx:cad>
     </gpxtpx:TrackPointExtension>
    </extensions>
   </trkpt>
   <trkpt lat="46.0222720" lon="9.8164010">
    <ele>1546.0</ele>
    <time>2025-11-01T13:39:28Z</time>
    <extensions>
     <power>0</power>
     <gpxtpx:TrackPointExtension>
      <gpxtpx:hr>103</gpxtpx:hr>
      <gpxtpx:cad>0</gpxtpx:cad>
     </gpxtpx:TrackPointExtension>
    </extensions>
   </trkpt>
   <trkpt lat="46.0222340" lon="9.8162810">
    <ele>1543.0</ele>
    <time>2025-11-01T13:39:38Z</time>
    <extensions>
     <power>0</power>
     <gpxtpx:TrackPointExtension>
      <gpxtpx:hr>104</gpxtpx:hr>
      <gpxtpx:cad>0</gpxtpx:cad>
     </gpxtpx:TrackPointExtension>
    </extensions>
   </trkpt>
   <trkpt lat="46.0222540" lon="9.8161360">
    <ele>1543.0</ele>
    <time>2025-11-01T13:39:48Z</time>
    <extensions>
     <power>0</power>
     <gpxtpx:TrackPointExtension>
      <gpxtpx:hr>103</gpxtpx:hr>
      <gpxtpx:cad>0</gpxtpx:cad>
     </gpxtpx:TrackPointExtension>
    </extensions>
   </trkpt>
   <trkpt lat="46.0222660" lon="9.8160100">
    <ele>1541.2</ele>
    <time>2025-11-01T13:39:58Z</time>
    <extensions>
     <power>81</power>
     <gpxtpx:TrackPointExtension>
      <gpxtpx:hr>104</gpxtpx:hr>
      <gpxtpx:cad>61</gpxtpx:cad>
     </gpxtpx:TrackPointExtension>
    </extensions>
   </trkpt>
   <trkpt lat="46.0222770" lon="9.8159040">
    <ele>1540.4</ele>
    <time>2025-11-01T13:40:08Z</time>
    <extensions>
     <power>0</power>
     <gpxtpx:TrackPointExtension>
      <gpxtpx:hr>104</gpxtpx:hr>
      <gpxtpx:cad>0</gpxtpx:cad>
     </gpxtpx:TrackPointExtension>
    </extensions>
   </trkpt>
   <trkpt lat="46.0223040" lon="9.8157680">
    <ele>1538.0</ele>
    <time>2025-11-01T13:40:18Z</time>
    <extensions>
     <power>0</power>
     <gpxtpx:TrackPointExtension>
      <gpxtpx:hr>103</gpxtpx:hr>
      <gpxtpx:cad>42</gpxtpx:cad>
     </gpxtpx:TrackPointExtension>
    </extensions>
   </trkpt>
   <trkpt lat="46.0223700" lon="9.8156650">
    <ele>1536.0</ele>
    <time>2025-11-01T13:40:28Z</time>
    <extensions>
     <power>0</power>
     <gpxtpx:TrackPointExtension>
      <gpxtpx:hr>103</gpxtpx:hr>
      <gpxtpx:cad>0</gpxtpx:cad>
     </gpxtpx:TrackPointExtension>
    </extensions>
   </trkpt>
   <trkpt lat="46.0223300" lon="9.8155860">
    <ele>1534.6</ele>
    <time>2025-11-01T13:40:38Z</time>
    <extensions>
     <power>66</power>
     <gpxtpx:TrackPointExtension>
      <gpxtpx:hr>105</gpxtpx:hr>
      <gpxtpx:cad>61</gpxtpx:cad>
     </gpxtpx:TrackPointExtension>
    </extensions>
   </trkpt>
   <trkpt lat="46.0223310" lon="9.8154380">
    <ele>1532.0</ele>
    <time>2025-11-01T13:40:48Z</time>
    <extensions>
     <power>24</power>
     <gpxtpx:TrackPointExtension>
      <gpxtpx:hr>102</gpxtpx:hr>
      <gpxtpx:cad>43</gpxtpx:cad>
     </gpxtpx:TrackPointExtension>
    </extensions>
   </trkpt>
   <trkpt lat="46.0223410" lon="9.8153230">
    <ele>1529.8</ele>
    <time>2025-11-01T13:40:58Z</time>
    <extensions>
     <power>0</power>
     <gpxtpx:TrackPointExtension>
      <gpxtpx:hr>102</gpxtpx:hr>
      <gpxtpx:cad>0</gpxtpx:cad>
     </gpxtpx:TrackPointExtension>
    </extensions>
   </trkpt>
   <trkpt lat="46.0223800" lon="9.8152180">
    <ele>1529.0</ele>
    <time>2025-11-01T13:41:08Z</time>
    <extensions>
     <power>0</power>
     <gpxtpx:TrackPointExtension>
      <gpxtpx:hr>98</gpxtpx:hr>
      <gpxtpx:cad>0</gpxtpx:cad>
     </gpxtpx:TrackPointExtension>
    </extensions>
   </trkpt>
   <trkpt lat="46.0224320" lon="9.8151380">
    <ele>1526.4</ele>
    <time>2025-11-01T13:41:18Z</time>
    <extensions>
     <power>89</power>
     <gpxtpx:TrackPointExtension>
      <gpxtpx:hr>98</gpxtpx:hr>
      <gpxtpx:cad>61</gpxtpx:cad>
     </gpxtpx:TrackPointExtension>
    </extensions>
   </trkpt>
   <trkpt lat="46.0224890" lon="9.8150100">
    <ele>1523.8</ele>
    <time>2025-11-01T13:41:28Z</time>
    <extensions>
     <power>0</power>
     <gpxtpx:TrackPointExtension>
      <gpxtpx:hr>102</gpxtpx:hr>
      <gpxtpx:cad>0</gpxtpx:cad>
     </gpxtpx:TrackPointExtension>
    </extensions>
   </trkpt>
   <trkpt lat="46.0225520" lon="9.8149170">
    <ele>1521.2</ele>
    <time>2025-11-01T13:41:38Z</time>
    <extensions>
     <power>81</power>
     <gpxtpx:TrackPointExtension>
      <gpxtpx:hr>102</gpxtpx:hr>
      <gpxtpx:cad>65</gpxtpx:cad>
     </gpxtpx:TrackPointExtension>
    </extensions>
   </trkpt>
   <trkpt lat="46.0226390" lon="9.8148330">
    <ele>1519.2</ele>
    <time>2025-11-01T13:41:48Z</time>
    <extensions>
     <power>80</power>
     <gpxtpx:TrackPointExtension>
      <gpxtpx:hr>103</gpxtpx:hr>
      <gpxtpx:cad>65</gpxtpx:cad>
     </gpxtpx:TrackPointExtension>
    </extensions>
   </trkpt>
   <trkpt lat="46.0227390" lon="9.8148070">
    <ele>1516.6</ele>
    <time>2025-11-01T13:41:58Z</time>
    <extensions>
     <power>0</power>
     <gpxtpx:TrackPointExtension>
      <gpxtpx:hr>101</gpxtpx:hr>
      <gpxtpx:cad>0</gpxtpx:cad>
     </gpxtpx:TrackPointExtension>
    </extensions>
   </trkpt>
   <trkpt lat="46.0228300" lon="9.8148100">
    <ele>1515.2</ele>
    <time>2025-11-01T13:42:08Z</time>
    <extensions>
     <power>0</power>
     <gpxtpx:TrackPointExtension>
      <gpxtpx:hr>101</gpxtpx:hr>
      <gpxtpx:cad>0</gpxtpx:cad>
     </gpxtpx:TrackPointExtension>
    </extensions>
   </trkpt>
   <trkpt lat="46.0229160" lon="9.8147580">
    <ele>1513.2</ele>
    <time>2025-11-01T13:42:18Z</time>
    <extensions>
     <power>0</power>
     <gpxtpx:TrackPointExtension>
      <gpxtpx:hr>108</gpxtpx:hr>
      <gpxtpx:cad>0</gpxtpx:cad>
     </gpxtpx:TrackPointExtension>
    </extensions>
   </trkpt>
   <trkpt lat="46.0229610" lon="9.8147180">
    <ele>1511.6</ele>
    <time>2025-11-01T13:42:27Z</time>
    <extensions>
     <power>75</power>
     <gpxtpx:TrackPointExtension>
      <gpxtpx:hr>106</gpxtpx:hr>
      <gpxtpx:cad>59</gpxtpx:cad>
     </gpxtpx:TrackPointExtension>
    </extensions>
   </trkpt>
   <trkpt lat="46.0230180" lon="9.8146940">
    <ele>1509.4</ele>
    <time>2025-11-01T13:42:37Z</time>
    <extensions>
     <power>0</power>
     <gpxtpx:TrackPointExtension>
      <gpxtpx:hr>104</gpxtpx:hr>
      <gpxtpx:cad>0</gpxtpx:cad>
     </gpxtpx:TrackPointExtension>
    </extensions>
   </trkpt>
   <trkpt lat="46.0230030" lon="9.8146680">
    <ele>1508.0</ele>
    <time>2025-11-01T13:42:47Z</time>
    <extensions>
     <power>0</power>
     <gpxtpx:TrackPointExtension>
      <gpxtpx:hr>105</gpxtpx:hr>
      <gpxtpx:cad>0</gpxtpx:cad>
     </gpxtpx:TrackPointExtension>
    </extensions>
   </trkpt>
   <trkpt lat="46.0230130" lon="9.8146150">
    <ele>1506.2</ele>
    <time>2025-11-01T13:42:57Z</time>
    <extensions>
     <power>0</power>
     <gpxtpx:TrackPointExtension>
      <gpxtpx:hr>106</gpxtpx:hr>
      <gpxtpx:cad>0</gpxtpx:cad>
     </gpxtpx:TrackPointExtension>
    </extensions>
   </trkpt>
   <trkpt lat="46.0230110" lon="9.8145830">
    <ele>1504.8</ele>
    <time>2025-11-01T13:43:07Z</time>
    <extensions>
     <power>0</power>
     <gpxtpx:TrackPointExtension>
      <gpxtpx:hr>103</gpxtpx:hr>
      <gpxtpx:cad>0</gpxtpx:cad>
     </gpxtpx:TrackPointExtension>
    </extensions>
   </trkpt>
   <trkpt lat="46.0230440" lon="9.8145010">
    <ele>1503.4</ele>
    <time>2025-11-01T13:43:17Z</time>
    <extensions>
     <power>0</power>
     <gpxtpx:TrackPointExtension>
      <gpxtpx:hr>104</gpxtpx:hr>
      <gpxtpx:cad>0</gpxtpx:cad>
     </gpxtpx:TrackPointExtension>
    </extensions>
   </trkpt>
   <trkpt lat="46.0230930" lon="9.8144800">
    <ele>1502.0</ele>
    <time>2025-11-01T13:43:27Z</time>
    <extensions>
     <power>0</power>
     <gpxtpx:TrackPointExtension>
      <gpxtpx:hr>105</gpxtpx:hr>
      <gpxtpx:cad>0</gpxtpx:cad>
     </gpxtpx:TrackPointExtension>
    </extensions>
   </trkpt>
   <trkpt lat="46.0231470" lon="9.8144570">
    <ele>1499.4</ele>
    <time>2025-11-01T13:43:37Z</time>
    <extensions>
     <power>84</power>
     <gpxtpx:TrackPointExtension>
      <gpxtpx:hr>106</gpxtpx:hr>
      <gpxtpx:cad>77</gpxtpx:cad>
     </gpxtpx:TrackPointExtension>
    </extensions>
   </trkpt>
   <trkpt lat="46.0232100" lon="9.8144050">
    <ele>1497.0</ele>
    <time>2025-11-01T13:43:47Z</time>
    <extensions>
     <power>26</power>
     <gpxtpx:TrackPointExtension>
      <gpxtpx:hr>102</gpxtpx:hr>
      <gpxtpx:cad>48</gpxtpx:cad>
     </gpxtpx:TrackPointExtension>
    </extensions>
   </trkpt>
   <trkpt lat="46.0232720" lon="9.8143350">
    <ele>1495.0</ele>
    <time>2025-11-01T13:43:57Z</time>
    <extensions>
     <power>0</power>
     <gpxtpx:TrackPointExtension>
      <gpxtpx:hr>101</gpxtpx:hr>
      <gpxtpx:cad>0</gpxtpx:cad>
     </gpxtpx:TrackPointExtension>
    </extensions>
   </trkpt>
   <trkpt lat="46.0232960" lon="9.8142730">
    <ele>1493.0</ele>
    <time>2025-11-01T13:44:07Z</time>
    <extensions>
     <power>0</power>
     <gpxtpx:TrackPointExtension>
      <gpxtpx:hr>101</gpxtpx:hr>
      <gpxtpx:cad>0</gpxtpx:cad>
     </gpxtpx:TrackPointExtension>
    </extensions>
   </trkpt>
   <trkpt lat="46.0233470" lon="9.8141920">
    <ele>1490.8</ele>
    <time>2025-11-01T13:44:17Z</time>
    <extensions>
     <power>118</power>
     <gpxtpx:TrackPointExtension>
      <gpxtpx:hr>98</gpxtpx:hr>
      <gpxtpx:cad>79</gpxtpx:cad>
     </gpxtpx:TrackPointExtension>
    </extensions>
   </trkpt>
   <trkpt lat="46.0233540" lon="9.8141100">
    <ele>1489.0</ele>
    <time>2025-11-01T13:44:27Z</time>
    <extensions>
     <power>0</power>
     <gpxtpx:TrackPointExtension>
      <gpxtpx:hr>99</gpxtpx:hr>
      <gpxtpx:cad>0</gpxtpx:cad>
     </gpxtpx:TrackPointExtension>
    </extensions>
   </trkpt>
   <trkpt lat="46.0233680" lon="9.8140760">
    <ele>1487.8</ele>
    <time>2025-11-01T13:44:37Z</time>
    <extensions>
     <power>0</power>
     <gpxtpx:TrackPointExtension>
      <gpxtpx:hr>101</gpxtpx:hr>
      <gpxtpx:cad>0</gpxtpx:cad>
     </gpxtpx:TrackPointExtension>
    </extensions>
   </trkpt>
   <trkpt lat="46.0233960" lon="9.8140130">
    <ele>1485.6</ele>
    <time>2025-11-01T13:44:47Z</time>
    <extensions>
     <power>0</power>
     <gpxtpx:TrackPointExtension>
      <gpxtpx:hr>116</gpxtpx:hr>
      <gpxtpx:cad>0</gpxtpx:cad>
     </gpxtpx:TrackPointExtension>
    </extensions>
   </trkpt>
   <trkpt lat="46.0234070" lon="9.8139130">
    <ele>1484.2</ele>
    <time>2025-11-01T13:44:57Z</time>
    <extensions>
     <power>60</power>
     <gpxtpx:TrackPointExtension>
      <gpxtpx:hr>116</gpxtpx:hr>
      <gpxtpx:cad>54</gpxtpx:cad>
     </gpxtpx:TrackPointExtension>
    </extensions>
   </trkpt>
   <trkpt lat="46.0234120" lon="9.8138300">
    <ele>1482.6</ele>
    <time>2025-11-01T13:45:07Z</time>
    <extensions>
     <power>0</power>
     <gpxtpx:TrackPointExtension>
      <gpxtpx:hr>114</gpxtpx:hr>
      <gpxtpx:cad>0</gpxtpx:cad>
     </gpxtpx:TrackPointExtension>
    </extensions>
   </trkpt>
   <trkpt lat="46.0234100" lon="9.8137120">
    <ele>1481.4</ele>
    <time>2025-11-01T13:45:17Z</time>
    <extensions>
     <power>0</power>
     <gpxtpx:TrackPointExtension>
      <gpxtpx:hr>110</gpxtpx:hr>
      <gpxtpx:cad>0</gpxtpx:cad>
     </gpxtpx:TrackPointExtension>
    </extensions>
   </trkpt>
   <trkpt lat="46.0234420" lon="9.8136650">
    <ele>1481.0</ele>
    <time>2025-11-01T13:45:27Z</time>
    <extensions>
     <power>0</power>
     <gpxtpx:TrackPointExtension>
      <gpxtpx:hr>108</gpxtpx:hr>
      <gpxtpx:cad>0</gpxtpx:cad>
     </gpxtpx:TrackPointExtension>
    </extensions>
   </trkpt>
   <trkpt lat="46.0234940" lon="9.8136410">
    <ele>1479.0</ele>
    <time>2025-11-01T13:45:37Z</time>
    <extensions>
     <power>56</power>
     <gpxtpx:TrackPointExtension>
      <gpxtpx:hr>109</gpxtpx:hr>
      <gpxtpx:cad>55</gpxtpx:cad>
     </gpxtpx:TrackPointExtension>
    </extensions>
   </trkpt>
   <trkpt lat="46.0235590" lon="9.8135910">
    <ele>1476.4</ele>
    <time>2025-11-01T13:45:47Z</time>
    <extensions>
     <power>74</power>
     <gpxtpx:TrackPointExtension>
      <gpxtpx:hr>114</gpxtpx:hr>
      <gpxtpx:cad>62</gpxtpx:cad>
     </gpxtpx:TrackPointExtension>
    </extensions>
   </trkpt>
   <trkpt lat="46.0236300" lon="9.8134940">
    <ele>1474.2</ele>
    <time>2025-11-01T13:45:57Z</time>
    <extensions>
     <power>0</power>
     <gpxtpx:TrackPointExtension>
      <gpxtpx:hr>116</gpxtpx:hr>
      <gpxtpx:cad>0</gpxtpx:cad>
     </gpxtpx:TrackPointExtension>
    </extensions>
   </trkpt>
   <trkpt lat="46.0237110" lon="9.8134670">
    <ele>1471.0</ele>
    <time>2025-11-01T13:46:07Z</time>
    <extensions>
     <power>56</power>
     <gpxtpx:TrackPointExtension>
      <gpxtpx:hr>117</gpxtpx:hr>
      <gpxtpx:cad>53</gpxtpx:cad>
     </gpxtpx:TrackPointExtension>
    </extensions>
   </trkpt>
   <trkpt lat="46.0237690" lon="9.8133870">
    <ele>1468.0</ele>
    <time>2025-11-01T13:46:17Z</time>
    <extensions>
     <power>102</power>
     <gpxtpx:TrackPointExtension>
      <gpxtpx:hr>116</gpxtpx:hr>
      <gpxtpx:cad>64</gpxtpx:cad>
     </gpxtpx:TrackPointExtension>
    </extensions>
   </trkpt>
   <trkpt lat="46.0237510" lon="9.8132490">
    <ele>1465.2</ele>
    <time>2025-11-01T13:46:27Z</time>
    <extensions>
     <power>0</power>
     <gpxtpx:TrackPointExtension>
      <gpxtpx:hr>115</gpxtpx:hr>
      <gpxtpx:cad>0</gpxtpx:cad>
     </gpxtpx:TrackPointExtension>
    </extensions>
   </trkpt>
   <trkpt lat="46.0237100" lon="9.8131400">
    <ele>1462.8</ele>
    <time>2025-11-01T13:46:37Z</time>
    <extensions>
     <power>0</power>
     <gpxtpx:TrackPointExtension>
      <gpxtpx:hr>114</gpxtpx:hr>
      <gpxtpx:cad>60</gpxtpx:cad>
     </gpxtpx:TrackPointExtension>
    </extensions>
   </trkpt>
   <trkpt lat="46.0236690" lon="9.8129800">
    <ele>1459.6</ele>
    <time>2025-11-01T13:46:47Z</time>
    <extensions>
     <power>98</power>
     <gpxtpx:TrackPointExtension>
      <gpxtpx:hr>111</gpxtpx:hr>
      <gpxtpx:cad>69</gpxtpx:cad>
     </gpxtpx:TrackPointExtension>
    </extensions>
   </trkpt>
   <trkpt lat="46.0235820" lon="9.8128430">
    <ele>1455.6</ele>
    <time>2025-11-01T13:46:57Z</time>
    <extensions>
     <power>0</power>
     <gpxtpx:TrackPointExtension>
      <gpxtpx:hr>119</gpxtpx:hr>
      <gpxtpx:cad>0</gpxtpx:cad>
     </gpxtpx:TrackPointExtension>
    </extensions>
   </trkpt>
   <trkpt lat="46.0234760" lon="9.8127130">
    <ele>1452.2</ele>
    <time>2025-11-01T13:47:07Z</time>
    <extensions>
     <power>145</power>
     <gpxtpx:TrackPointExtension>
      <gpxtpx:hr>122</gpxtpx:hr>
      <gpxtpx:cad>81</gpxtpx:cad>
     </gpxtpx:TrackPointExtension>
    </extensions>
   </trkpt>
   <trkpt lat="46.0235250" lon="9.8126430">
    <ele>1449.6</ele>
    <time>2025-11-01T13:47:17Z</time>
    <extensions>
     <power>108</power>
     <gpxtpx:TrackPointExtension>
      <gpxtpx:hr>123</gpxtpx:hr>
      <gpxtpx:cad>81</gpxtpx:cad>
     </gpxtpx:TrackPointExtension>
    </extensions>
   </trkpt>
   <trkpt lat="46.0235180" lon="9.8124990">
    <ele>1445.6</ele>
    <time>2025-11-01T13:47:27Z</time>
    <extensions>
     <power>0</power>
     <gpxtpx:TrackPointExtension>
      <gpxtpx:hr>121</gpxtpx:hr>
      <gpxtpx:cad>0</gpxtpx:cad>
     </gpxtpx:TrackPointExtension>
    </extensions>
   </trkpt>
   <trkpt lat="46.0233870" lon="9.8124200">
    <ele>1442.6</ele>
    <time>2025-11-01T13:47:37Z</time>
    <extensions>
     <power>151</power>
     <gpxtpx:TrackPointExtension>
      <gpxtpx:hr>123</gpxtpx:hr>
      <gpxtpx:cad>44</gpxtpx:cad>
     </gpxtpx:TrackPointExtension>
    </extensions>
   </trkpt>
   <trkpt lat="46.0233840" lon="9.8122860">
    <ele>1440.2</ele>
    <time>2025-11-01T13:47:46Z</time>
    <extensions>
     <power>0</power>
     <gpxtpx:TrackPointExtension>
      <gpxtpx:hr>125</gpxtpx:hr>
      <gpxtpx:cad>45</gpxtpx:cad>
     </gpxtpx:TrackPointExtension>
    </extensions>
   </trkpt>
   <trkpt lat="46.0233770" lon="9.8121320">
    <ele>1436.4</ele>
    <time>2025-11-01T13:47:56Z</time>
    <extensions>
     <power>0</power>
     <gpxtpx:TrackPointExtension>
      <gpxtpx:hr>126</gpxtpx:hr>
      <gpxtpx:cad>41</gpxtpx:cad>
     </gpxtpx:TrackPointExtension>
    </extensions>
   </trkpt>
   <trkpt lat="46.0233390" lon="9.8120720">
    <ele>1432.6</ele>
    <time>2025-11-01T13:48:06Z</time>
    <extensions>
     <power>111</power>
     <gpxtpx:TrackPointExtension>
      <gpxtpx:hr>123</gpxtpx:hr>
      <gpxtpx:cad>79</gpxtpx:cad>
     </gpxtpx:TrackPointExtension>
    </extensions>
   </trkpt>
   <trkpt lat="46.0233480" lon="9.8119750">
    <ele>1429.4</ele>
    <time>2025-11-01T13:48:16Z</time>
    <extensions>
     <power>0</power>
     <gpxtpx:TrackPointExtension>
      <gpxtpx:hr>123</gpxtpx:hr>
      <gpxtpx:cad>0</gpxtpx:cad>
     </gpxtpx:TrackPointExtension>
    </extensions>
   </trkpt>
   <trkpt lat="46.0233160" lon="9.8119130">
    <ele>1425.8</ele>
    <time>2025-11-01T13:48:26Z</time>
    <extensions>
     <power>0</power>
     <gpxtpx:TrackPointExtension>
      <gpxtpx:hr>123</gpxtpx:hr>
      <gpxtpx:cad>0</gpxtpx:cad>
     </gpxtpx:TrackPointExtension>
    </extensions>
   </trkpt>
   <trkpt lat="46.0233330" lon="9.8118220">
    <ele>1422.6</ele>
    <time>2025-11-01T13:48:36Z</time>
    <extensions>
     <power>0</power>
     <gpxtpx:TrackPointExtension>
      <gpxtpx:hr>122</gpxtpx:hr>
      <gpxtpx:cad>0</gpxtpx:cad>
     </gpxtpx:TrackPointExtension>
    </extensions>
   </trkpt>
   <trkpt lat="46.0233510" lon="9.8117020">
    <ele>1419.6</ele>
    <time>2025-11-01T13:48:46Z</time>
    <extensions>
     <power>37</power>
     <gpxtpx:TrackPointExtension>
      <gpxtpx:hr>121</gpxtpx:hr>
      <gpxtpx:cad>75</gpxtpx:cad>
     </gpxtpx:TrackPointExtension>
    </extensions>
   </trkpt>
   <trkpt lat="46.0233710" lon="9.8115990">
    <ele>1415.4</ele>
    <time>2025-11-01T13:48:56Z</time>
    <extensions>
     <power>0</power>
     <gpxtpx:TrackPointExtension>
      <gpxtpx:hr>121</gpxtpx:hr>
      <gpxtpx:cad>0</gpxtpx:cad>
     </gpxtpx:TrackPointExtension>
    </extensions>
   </trkpt>
   <trkpt lat="46.0233490" lon="9.8115020">
    <ele>1412.2</ele>
    <time>2025-11-01T13:49:06Z</time>
    <extensions>
     <power>0</power>
     <gpxtpx:TrackPointExtension>
      <gpxtpx:hr>125</gpxtpx:hr>
      <gpxtpx:cad>0</gpxtpx:cad>
     </gpxtpx:TrackPointExtension>
    </extensions>
   </trkpt>
   <trkpt lat="46.0234000" lon="9.8113940">
    <ele>1409.2</ele>
    <time>2025-11-01T13:49:16Z</time>
    <extensions>
     <power>93</power>
     <gpxtpx:TrackPointExtension>
      <gpxtpx:hr>127</gpxtpx:hr>
      <gpxtpx:cad>68</gpxtpx:cad>
     </gpxtpx:TrackPointExtension>
    </extensions>
   </trkpt>
   <trkpt lat="46.0234320" lon="9.8112840">
    <ele>1406.2</ele>
    <time>2025-11-01T13:49:26Z</time>
    <extensions>
     <power>68</power>
     <gpxtpx:TrackPointExtension>
      <gpxtpx:hr>124</gpxtpx:hr>
      <gpxtpx:cad>68</gpxtpx:cad>
     </gpxtpx:TrackPointExtension>
    </extensions>
   </trkpt>
   <trkpt lat="46.0234720" lon="9.8111650">
    <ele>1402.8</ele>
    <time>2025-11-01T13:49:36Z</time>
    <extensions>
     <power>107</power>
     <gpxtpx:TrackPointExtension>
      <gpxtpx:hr>125</gpxtpx:hr>
      <gpxtpx:cad>73</gpxtpx:cad>
     </gpxtpx:TrackPointExtension>
    </extensions>
   </trkpt>
   <trkpt lat="46.0235200" lon="9.8110540">
    <ele>1399.2</ele>
    <time>2025-11-01T13:49:46Z</time>
    <extensions>
     <power>0</power>
     <gpxtpx:TrackPointExtension>
      <gpxtpx:hr>121</gpxtpx:hr>
      <gpxtpx:cad>0</gpxtpx:cad>
     </gpxtpx:TrackPointExtension>
    </extensions>
   </trkpt>
   <trkpt lat="46.0235650" lon="9.8109470">
    <ele>1396.0</ele>
    <time>2025-11-01T13:49:56Z</time>
    <extensions>
     <power>0</power>
     <gpxtpx:TrackPointExtension>
      <gpxtpx:hr>124</gpxtpx:hr>
      <gpxtpx:cad>0</gpxtpx:cad>
     </gpxtpx:TrackPointExtension>
    </extensions>
   </trkpt>
   <trkpt lat="46.0236060" lon="9.8108650">
    <ele>1392.8</ele>
    <time>2025-11-01T13:50:06Z</time>
    <extensions>
     <power>0</power>
     <gpxtpx:TrackPointExtension>
      <gpxtpx:hr>124</gpxtpx:hr>
      <gpxtpx:cad>46</gpxtpx:cad>
     </gpxtpx:TrackPointExtension>
    </extensions>
   </trkpt>
   <trkpt lat="46.0235900" lon="9.8107910">
    <ele>1390.2</ele>
    <time>2025-11-01T13:50:16Z</time>
    <extensions>
     <power>101</power>
     <gpxtpx:TrackPointExtension>
      <gpxtpx:hr>120</gpxtpx:hr>
      <gpxtpx:cad>83</gpxtpx:cad>
     </gpxtpx:TrackPointExtension>
    </extensions>
   </trkpt>
   <trkpt lat="46.0235900" lon="9.8107070">
    <ele>1387.4</ele>
    <time>2025-11-01T13:50:26Z</time>
    <extensions>
     <power>0</power>
     <gpxtpx:TrackPointExtension>
      <gpxtpx:hr>120</gpxtpx:hr>
      <gpxtpx:cad>0</gpxtpx:cad>
     </gpxtpx:TrackPointExtension>
    </extensions>
   </trkpt>
   <trkpt lat="46.0235530" lon="9.8106050">
    <ele>1386.2</ele>
    <time>2025-11-01T13:50:36Z</time>
    <extensions>
     <power>81</power>
     <gpxtpx:TrackPointExtension>
      <gpxtpx:hr>120</gpxtpx:hr>
      <gpxtpx:cad>57</gpxtpx:cad>
     </gpxtpx:TrackPointExtension>
    </extensions>
   </trkpt>
   <trkpt lat="46.0235990" lon="9.8104950">
    <ele>1384.6</ele>
    <time>2025-11-01T13:50:46Z</time>
    <extensions>
     <power>105</power>
     <gpxtpx:TrackPointExtension>
      <gpxtpx:hr>121</gpxtpx:hr>
      <gpxtpx:cad>71</gpxtpx:cad>
     </gpxtpx:TrackPointExtension>
    </extensions>
   </trkpt>
   <trkpt lat="46.0236290" lon="9.8103860">
    <ele>1382.0</ele>
    <time>2025-11-01T13:50:56Z</time>
    <extensions>
     <power>77</power>
     <gpxtpx:TrackPointExtension>
      <gpxtpx:hr>122</gpxtpx:hr>
      <gpxtpx:cad>64</gpxtpx:cad>
     </gpxtpx:TrackPointExtension>
    </extensions>
   </trkpt>
   <trkpt lat="46.0236450" lon="9.8103040">
    <ele>1379.4</ele>
    <time>2025-11-01T13:51:06Z</time>
    <extensions>
     <power>72</power>
     <gpxtpx:TrackPointExtension>
      <gpxtpx:hr>123</gpxtpx:hr>
      <gpxtpx:cad>62</gpxtpx:cad>
     </gpxtpx:TrackPointExtension>
    </extensions>
   </trkpt>
   <trkpt lat="46.0236530" lon="9.8102140">
    <ele>1377.6</ele>
    <time>2025-11-01T13:51:16Z</time>
    <extensions>
     <power>65</power>
     <gpxtpx:TrackPointExtension>
      <gpxtpx:hr>122</gpxtpx:hr>
      <gpxtpx:cad>57</gpxtpx:cad>
     </gpxtpx:TrackPointExtension>
    </extensions>
   </trkpt>
   <trkpt lat="46.0236650" lon="9.8101530">
    <ele>1375.6</ele>
    <time>2025-11-01T13:51:26Z</time>
    <extensions>
     <power>0</power>
     <gpxtpx:TrackPointExtension>
      <gpxtpx:hr>122</gpxtpx:hr>
      <gpxtpx:cad>0</gpxtpx:cad>
     </gpxtpx:TrackPointExtension>
    </extensions>
   </trkpt>
   <trkpt lat="46.0236840" lon="9.8100480">
    <ele>1373.2</ele>
    <time>2025-11-01T13:51:36Z</time>
    <extensions>
     <power>106</power>
     <gpxtpx:TrackPointExtension>
      <gpxtpx:hr>120</gpxtpx:hr>
      <gpxtpx:cad>65</gpxtpx:cad>
     </gpxtpx:TrackPointExtension>
    </extensions>
   </trkpt>
   <trkpt lat="46.0236730" lon="9.8098660">
    <ele>1371.0</ele>
    <time>2025-11-01T13:51:46Z</time>
    <extensions>
     <power>0</power>
     <gpxtpx:TrackPointExtension>
      <gpxtpx:hr>123</gpxtpx:hr>
      <gpxtpx:cad>0</gpxtpx:cad>
     </gpxtpx:TrackPointExtension>
    </extensions>
   </trkpt>
   <trkpt lat="46.0236710" lon="9.8097460">
    <ele>1369.6</ele>
    <time>2025-11-01T13:51:56Z</time>
    <extensions>
     <power>64</power>
     <gpxtpx:TrackPointExtension>
      <gpxtpx:hr>122</gpxtpx:hr>
      <gpxtpx:cad>53</gpxtpx:cad>
     </gpxtpx:TrackPointExtension>
    </extensions>
   </trkpt>
   <trkpt lat="46.0237220" lon="9.8096710">
    <ele>1366.8</ele>
    <time>2025-11-01T13:52:06Z</time>
    <extensions>
     <power>0</power>
     <gpxtpx:TrackPointExtension>
      <gpxtpx:hr>121</gpxtpx:hr>
      <gpxtpx:cad>0</gpxtpx:cad>
     </gpxtpx:TrackPointExtension>
    </extensions>
   </trkpt>
   <trkpt lat="46.0237770" lon="9.8095700">
    <ele>1364.0</ele>
    <time>2025-11-01T13:52:16Z</time>
    <extensions>
     <power>66</power>
     <gpxtpx:TrackPointExtension>
      <gpxtpx:hr>121</gpxtpx:hr>
      <gpxtpx:cad>58</gpxtpx:cad>
     </gpxtpx:TrackPointExtension>
    </extensions>
   </trkpt>
   <trkpt lat="46.0238230" lon="9.8094770">
    <ele>1361.4</ele>
    <time>2025-11-01T13:52:26Z</time>
    <extensions>
     <power>17</power>
     <gpxtpx:TrackPointExtension>
      <gpxtpx:hr>123</gpxtpx:hr>
      <gpxtpx:cad>44</gpxtpx:cad>
     </gpxtpx:TrackPointExtension>
    </extensions>
   </trkpt>
   <trkpt lat="46.0238640" lon="9.8093570">
    <ele>1359.0</ele>
    <time>2025-11-01T13:52:36Z</time>
    <extensions>
     <power>0</power>
     <gpxtpx:TrackPointExtension>
      <gpxtpx:hr>117</gpxtpx:hr>
      <gpxtpx:cad>0</gpxtpx:cad>
     </gpxtpx:TrackPointExtension>
    </extensions>
   </trkpt>
   <trkpt lat="46.0238990" lon="9.8092170">
    <ele>1356.2</ele>
    <time>2025-11-01T13:52:46Z</time>
    <extensions>
     <power>0</power>
     <gpxtpx:TrackPointExtension>
      <gpxtpx:hr>116</gpxtpx:hr>
      <gpxtpx:cad>0</gpxtpx:cad>
     </gpxtpx:TrackPointExtension>
    </extensions>
   </trkpt>
   <trkpt lat="46.0239280" lon="9.8090210">
    <ele>1355.4</ele>
    <time>2025-11-01T13:52:56Z</time>
    <extensions>
     <power>132</power>
     <gpxtpx:TrackPointExtension>
      <gpxtpx:hr>118</gpxtpx:hr>
      <gpxtpx:cad>79</gpxtpx:cad>
     </gpxtpx:TrackPointExtension>
    </extensions>
   </trkpt>
   <trkpt lat="46.0239610" lon="9.8089440">
    <ele>1353.0</ele>
    <time>2025-11-01T13:53:05Z</time>
    <extensions>
     <power>32</power>
     <gpxtpx:TrackPointExtension>
      <gpxtpx:hr>120</gpxtpx:hr>
      <gpxtpx:cad>56</gpxtpx:cad>
     </gpxtpx:TrackPointExtension>
    </extensions>
   </trkpt>
   <trkpt lat="46.0240240" lon="9.8088520">
    <ele>1350.4</ele>
    <time>2025-11-01T13:53:15Z</time>
    <extensions>
     <power>73</power>
     <gpxtpx:TrackPointExtension>
      <gpxtpx:hr>118</gpxtpx:hr>
      <gpxtpx:cad>62</gpxtpx:cad>
     </gpxtpx:TrackPointExtension>
    </extensions>
   </trkpt>
   <trkpt lat="46.0240900" lon="9.8087890">
    <ele>1348.0</ele>
    <time>2025-11-01T13:53:25Z</time>
    <extensions>
     <power>80</power>
     <gpxtpx:TrackPointExtension>
      <gpxtpx:hr>116</gpxtpx:hr>
      <gpxtpx:cad>66</gpxtpx:cad>
     </gpxtpx:TrackPointExtension>
    </extensions>
   </trkpt>
   <trkpt lat="46.0241410" lon="9.8086780">
    <ele>1345.4</ele>
    <time>2025-11-01T13:53:35Z</time>
    <extensions>
     <power>0</power>
     <gpxtpx:TrackPointExtension>
      <gpxtpx:hr>115</gpxtpx:hr>
      <gpxtpx:cad>0</gpxtpx:cad>
     </gpxtpx:TrackPointExtension>
    </extensions>
   </trkpt>
   <trkpt lat="46.0242130" lon="9.8085750">
    <ele>1343.2</ele>
    <time>2025-11-01T13:53:45Z</time>
    <extensions>
     <power>75</power>
     <gpxtpx:TrackPointExtension>
      <gpxtpx:hr>109</gpxtpx:hr>
      <gpxtpx:cad>58</gpxtpx:cad>
     </gpxtpx:TrackPointExtension>
    </extensions>
   </trkpt>
   <trkpt lat="46.0242680" lon="9.8084760">
    <ele>1340.4</ele>
    <time>2025-11-01T13:53:55Z</time>
    <extensions>
     <power>121</power>
     <gpxtpx:TrackPointExtension>
      <gpxtpx:hr>118</gpxtpx:hr>
      <gpxtpx:cad>74</gpxtpx:cad>
     </gpxtpx:TrackPointExtension>
    </extensions>
   </trkpt>
   <trkpt lat="46.0243380" lon="9.8083330">
    <ele>1337.0</ele>
    <time>2025-11-01T13:54:05Z</time>
    <extensions>
     <power>129</power>
     <gpxtpx:TrackPointExtension>
      <gpxtpx:hr>123</gpxtpx:hr>
      <gpxtpx:cad>79</gpxtpx:cad>
     </gpxtpx:TrackPointExtension>
    </extensions>
   </trkpt>
   <trkpt lat="46.0244240" lon="9.8081490">
    <ele>1334.8</ele>
    <time>2025-11-01T13:54:15Z</time>
    <extensions>
     <power>155</power>
     <gpxtpx:TrackPointExtension>
      <gpxtpx:hr>124</gpxtpx:hr>
      <gpxtpx:cad>72</gpxtpx:cad>
     </gpxtpx:TrackPointExtension>
    </extensions>
   </trkpt>
   <trkpt lat="46.0244950" lon="9.8079810">
    <ele>1330.8</ele>
    <time>2025-11-01T13:54:25Z</time>
    <extensions>
     <power>156</power>
     <gpxtpx:TrackPointExtension>
      <gpxtpx:hr>126</gpxtpx:hr>
      <gpxtpx:cad>72</gpxtpx:cad>
     </gpxtpx:TrackPointExtension>
    </extensions>
   </trkpt>
   <trkpt lat="46.0245110" lon="9.8078320">
    <ele>1328.2</ele>
    <time>2025-11-01T13:54:35Z</time>
    <extensions>
     <power>131</power>
     <gpxtpx:TrackPointExtension>
      <gpxtpx:hr>122</gpxtpx:hr>
      <gpxtpx:cad>79</gpxtpx:cad>
     </gpxtpx:TrackPointExtension>
    </extensions>
   </trkpt>
   <trkpt lat="46.0245290" lon="9.8076460">
    <ele>1326.4</ele>
    <time>2025-11-01T13:54:45Z</time>
    <extensions>
     <power>160</power>
     <gpxtpx:TrackPointExtension>
      <gpxtpx:hr>125</gpxtpx:hr>
      <gpxtpx:cad>85</gpxtpx:cad>
     </gpxtpx:TrackPointExtension>
    </extensions>
   </trkpt>
   <trkpt lat="46.0245300" lon="9.8075080">
    <ele>1325.0</ele>
    <time>2025-11-01T13:54:55Z</time>
    <extensions>
     <power>79</power>
     <gpxtpx:TrackPointExtension>
      <gpxtpx:hr>126</gpxtpx:hr>
      <gpxtpx:cad>60</gpxtpx:cad>
     </gpxtpx:TrackPointExtension>
    </extensions>
   </trkpt>
   <trkpt lat="46.0245230" lon="9.8073020">
    <ele>1322.0</ele>
    <time>2025-11-01T13:55:05Z</time>
    <extensions>
     <power>0</power>
     <gpxtpx:TrackPointExtension>
      <gpxtpx:hr>126</gpxtpx:hr>
      <gpxtpx:cad>81</gpxtpx:cad>
     </gpxtpx:TrackPointExtension>
    </extensions>
   </trkpt>
   <trkpt lat="46.0244920" lon="9.8070800">
    <ele>1322.2</ele>
    <time>2025-11-01T13:55:15Z</time>
    <extensions>
     <power>196</power>
     <gpxtpx:TrackPointExtension>
      <gpxtpx:hr>128</gpxtpx:hr>
      <gpxtpx:cad>80</gpxtpx:cad>
     </gpxtpx:TrackPointExtension>
    </extensions>
   </trkpt>
   <trkpt lat="46.0244880" lon="9.8069210">
    <ele>1319.6</ele>
    <time>2025-11-01T13:55:25Z</time>
    <extensions>
     <power>105</power>
     <gpxtpx:TrackPointExtension>
      <gpxtpx:hr>130</gpxtpx:hr>
      <gpxtpx:cad>60</gpxtpx:cad>
     </gpxtpx:TrackPointExtension>
    </extensions>
   </trkpt>
   <trkpt lat="46.0244700" lon="9.8067780">
    <ele>1317.6</ele>
    <time>2025-11-01T13:55:35Z</time>
    <extensions>
     <power>76</power>
     <gpxtpx:TrackPointExtension>
      <gpxtpx:hr>131</gpxtpx:hr>
      <gpxtpx:cad>58</gpxtpx:cad>
     </gpxtpx:TrackPointExtension>
    </extensions>
   </trkpt>
   <trkpt lat="46.0244610" lon="9.8065940">
    <ele>1318.0</ele>
    <time>2025-11-01T13:55:45Z</time>
    <extensions>
     <power>0</power>
     <gpxtpx:TrackPointExtension>
      <gpxtpx:hr>129</gpxtpx:hr>
      <gpxtpx:cad>0</gpxtpx:cad>
     </gpxtpx:TrackPointExtension>
    </extensions>
   </trkpt>
   <trkpt lat="46.0245070" lon="9.8064350">
    <ele>1315.8</ele>
    <time>2025-11-01T13:55:55Z</time>
    <extensions>
     <power>0</power>
     <gpxtpx:TrackPointExtension>
      <gpxtpx:hr>130</gpxtpx:hr>
      <gpxtpx:cad>0</gpxtpx:cad>
     </gpxtpx:TrackPointExtension>
    </extensions>
   </trkpt>
   <trkpt lat="46.0245350" lon="9.8063130">
    <ele>1314.0</ele>
    <time>2025-11-01T13:56:05Z</time>
    <extensions>
     <power>70</power>
     <gpxtpx:TrackPointExtension>
      <gpxtpx:hr>127</gpxtpx:hr>
      <gpxtpx:cad>55</gpxtpx:cad>
     </gpxtpx:TrackPointExtension>
    </extensions>
   </trkpt>
   <trkpt lat="46.0245920" lon="9.8061640">
    <ele>1312.6</ele>
    <time>2025-11-01T13:56:15Z</time>
    <extensions>
     <power>0</power>
     <gpxtpx:TrackPointExtension>
      <gpxtpx:hr>121</gpxtpx:hr>
      <gpxtpx:cad>0</gpxtpx:cad>
     </gpxtpx:TrackPointExtension>
    </extensions>
   </trkpt>
   <trkpt lat="46.0246680" lon="9.8060610">
    <ele>1309.4</ele>
    <time>2025-11-01T13:56:25Z</time>
    <extensions>
     <power>120</power>
     <gpxtpx:TrackPointExtension>
      <gpxtpx:hr>120</gpxtpx:hr>
      <gpxtpx:cad>72</gpxtpx:cad>
     </gpxtpx:TrackPointExtension>
    </extensions>
   </trkpt>
   <trkpt lat="46.0247880" lon="9.8059590">
    <ele>1306.4</ele>
    <time>2025-11-01T13:56:35Z</time>
    <extensions>
     <power>125</power>
     <gpxtpx:TrackPointExtension>
      <gpxtpx:hr>118</gpxtpx:hr>
      <gpxtpx:cad>75</gpxtpx:cad>
     </gpxtpx:TrackPointExtension>
    </extensions>
   </trkpt>
   <trkpt lat="46.0248110" lon="9.8059120">
    <ele>1305.0</ele>
    <time>2025-11-01T13:56:45Z</time>
    <extensions>
     <power>0</power>
     <gpxtpx:TrackPointExtension>
      <gpxtpx:hr>120</gpxtpx:hr>
      <gpxtpx:cad>41</gpxtpx:cad>
     </gpxtpx:TrackPointExtension>
    </extensions>
   </trkpt>
   <trkpt lat="46.0248880" lon="9.8058350">
    <ele>1304.4</ele>
    <time>2025-11-01T13:56:55Z</time>
    <extensions>
     <power>99</power>
     <gpxtpx:TrackPointExtension>
      <gpxtpx:hr>122</gpxtpx:hr>
      <gpxtpx:cad>62</gpxtpx:cad>
     </gpxtpx:TrackPointExtension>
    </extensions>
   </trkpt>
   <trkpt lat="46.0249700" lon="9.8057130">
    <ele>1301.8</ele>
    <time>2025-11-01T13:57:05Z</time>
    <extensions>
     <power>0</power>
     <gpxtpx:TrackPointExtension>
      <gpxtpx:hr>121</gpxtpx:hr>
      <gpxtpx:cad>0</gpxtpx:cad>
     </gpxtpx:TrackPointExtension>
    </extensions>
   </trkpt>
   <trkpt lat="46.0250560" lon="9.8056330">
    <ele>1300.4</ele>
    <time>2025-11-01T13:57:15Z</time>
    <extensions>
     <power>66</power>
     <gpxtpx:TrackPointExtension>
      <gpxtpx:hr>121</gpxtpx:hr>
      <gpxtpx:cad>52</gpxtpx:cad>
     </gpxtpx:TrackPointExtension>
    </extensions>
   </trkpt>
   <trkpt lat="46.0251660" lon="9.8056260">
    <ele>1300.4</ele>
    <time>2025-11-01T13:57:25Z</time>
    <extensions>
     <power>80</power>
     <gpxtpx:TrackPointExtension>
      <gpxtpx:hr>117</gpxtpx:hr>
      <gpxtpx:cad>54</gpxtpx:cad>
     </gpxtpx:TrackPointExtension>
    </extensions>
   </trkpt>
   <trkpt lat="46.0252070" lon="9.8054680">
    <ele>1300.0</ele>
    <time>2025-11-01T13:57:35Z</time>
    <extensions>
     <power>81</power>
     <gpxtpx:TrackPointExtension>
      <gpxtpx:hr>117</gpxtpx:hr>
      <gpxtpx:cad>54</gpxtpx:cad>
     </gpxtpx:TrackPointExtension>
    </extensions>
   </trkpt>
   <trkpt lat="46.0252560" lon="9.8052990">
    <ele>1299.0</ele>
    <time>2025-11-01T13:57:45Z</time>
    <extensions>
     <power>98</power>
     <gpxtpx:TrackPointExtension>
      <gpxtpx:hr>117</gpxtpx:hr>
      <gpxtpx:cad>55</gpxtpx:cad>
     </gpxtpx:TrackPointExtension>
    </extensions>
   </trkpt>
   <trkpt lat="46.0253070" lon="9.8051400">
    <ele>1299.4</ele>
    <time>2025-11-01T13:57:55Z</time>
    <extensions>
     <power>117</power>
     <gpxtpx:TrackPointExtension>
      <gpxtpx:hr>117</gpxtpx:hr>
      <gpxtpx:cad>54</gpxtpx:cad>
     </gpxtpx:TrackPointExtension>
    </extensions>
   </trkpt>
   <trkpt lat="46.0253490" lon="9.8050390">
    <ele>1302.4</ele>
    <time>2025-11-01T13:58:05Z</time>
    <extensions>
     <power>208</power>
     <gpxtpx:TrackPointExtension>
      <gpxtpx:hr>119</gpxtpx:hr>
      <gpxtpx:cad>47</gpxtpx:cad>
     </gpxtpx:TrackPointExtension>
    </extensions>
   </trkpt>
   <trkpt lat="46.0253870" lon="9.8049630">
    <ele>1304.0</ele>
    <time>2025-11-01T13:58:15Z</time>
    <extensions>
     <power>149</power>
     <gpxtpx:TrackPointExtension>
      <gpxtpx:hr>123</gpxtpx:hr>
      <gpxtpx:cad>43</gpxtpx:cad>
     </gpxtpx:TrackPointExtension>
    </extensions>
   </trkpt>
   <trkpt lat="46.0254220" lon="9.8048960">
    <ele>1305.8</ele>
    <time>2025-11-01T13:58:25Z</time>
    <extensions>
     <power>216</power>
     <gpxtpx:TrackPointExtension>
      <gpxtpx:hr>132</gpxtpx:hr>
      <gpxtpx:cad>43</gpxtpx:cad>
     </gpxtpx:TrackPointExtension>
    </extensions>
   </trkpt>
   <trkpt lat="46.0254550" lon="9.8048220">
    <ele>1307.2</ele>
    <time>2025-11-01T13:58:34Z</time>
    <extensions>
     <power>0</power>
     <gpxtpx:TrackPointExtension>
      <gpxtpx:hr>137</gpxtpx:hr>
      <gpxtpx:cad>0</gpxtpx:cad>
     </gpxtpx:TrackPointExtension>
    </extensions>
   </trkpt>
   <trkpt lat="46.0254820" lon="9.8047600">
    <ele>1309.4</ele>
    <time>2025-11-01T13:58:44Z</time>
    <extensions>
     <power>0</power>
     <gpxtpx:TrackPointExtension>
      <gpxtpx:hr>137</gpxtpx:hr>
      <gpxtpx:cad>0</gpxtpx:cad>
     </gpxtpx:TrackPointExtension>
    </extensions>
   </trkpt>
   <trkpt lat="46.0255450" lon="9.8047480">
    <ele>1310.8</ele>
    <time>2025-11-01T13:58:54Z</time>
    <extensions>
     <power>0</power>
     <gpxtpx:TrackPointExtension>
      <gpxtpx:hr>140</gpxtpx:hr>
      <gpxtpx:cad>0</gpxtpx:cad>
     </gpxtpx:TrackPointExtension>
    </extensions>
   </trkpt>
   <trkpt lat="46.0256270" lon="9.8047100">
    <ele>1312.8</ele>
    <time>2025-11-01T13:59:04Z</time>
    <extensions>
     <power>292</power>
     <gpxtpx:TrackPointExtension>
      <gpxtpx:hr>141</gpxtpx:hr>
      <gpxtpx:cad>43</gpxtpx:cad>
     </gpxtpx:TrackPointExtension>
    </extensions>
   </trkpt>
   <trkpt lat="46.0256940" lon="9.8047100">
    <ele>1314.6</ele>
    <time>2025-11-01T13:59:14Z</time>
    <extensions>
     <power>339</power>
     <gpxtpx:TrackPointExtension>
      <gpxtpx:hr>141</gpxtpx:hr>
      <gpxtpx:cad>45</gpxtpx:cad>
     </gpxtpx:TrackPointExtension>
    </extensions>
   </trkpt>
   <trkpt lat="46.0257040" lon="9.8048320">
    <ele>1316.2</ele>
    <time>2025-11-01T13:59:24Z</time>
    <extensions>
     <power>291</power>
     <gpxtpx:TrackPointExtension>
      <gpxtpx:hr>143</gpxtpx:hr>
      <gpxtpx:cad>43</gpxtpx:cad>
     </gpxtpx:TrackPointExtension>
    </extensions>
   </trkpt>
   <trkpt lat="46.0257450" lon="9.8049330">
    <ele>1317.6</ele>
    <time>2025-11-01T13:59:34Z</time>
    <extensions>
     <power>256</power>
     <gpxtpx:TrackPointExtension>
      <gpxtpx:hr>142</gpxtpx:hr>
      <gpxtpx:cad>45</gpxtpx:cad>
     </gpxtpx:TrackPointExtension>
    </extensions>
   </trkpt>
   <trkpt lat="46.0257940" lon="9.8050010">
    <ele>1319.4</ele>
    <time>2025-11-01T13:59:44Z</time>
    <extensions>
     <power>229</power>
     <gpxtpx:TrackPointExtension>
      <gpxtpx:hr>138</gpxtpx:hr>
      <gpxtpx:cad>45</gpxtpx:cad>
     </gpxtpx:TrackPointExtension>
    </extensions>
   </trkpt>
   <trkpt lat="46.0258820" lon="9.8049950">
    <ele>1320.8</ele>
    <time>2025-11-01T13:59:54Z</time>
    <extensions>
     <power>193</power>
     <gpxtpx:TrackPointExtension>
      <gpxtpx:hr>142</gpxtpx:hr>
      <gpxtpx:cad>41</gpxtpx:cad>
     </gpxtpx:TrackPointExtension>
    </extensions>
   </trkpt>
   <trkpt lat="46.0259160" lon="9.8049380">
    <ele>1322.6</ele>
    <time>2025-11-01T14:00:04Z</time>
    <extensions>
     <power>196</power>
     <gpxtpx:TrackPointExtension>
      <gpxtpx:hr>144</gpxtpx:hr>
      <gpxtpx:cad>43</gpxtpx:cad>
     </gpxtpx:TrackPointExtension>
    </extensions>
   </trkpt>
   <trkpt lat="46.0259430" lon="9.8047850">
    <ele>1313.0</ele>
    <time>2025-11-01T14:23:06Z</time>
    <extensions>
     <power>0</power>
     <gpxtpx:TrackPointExtension>
      <gpxtpx:hr>102</gpxtpx:hr>
      <gpxtpx:cad>0</gpxtpx:cad>
     </gpxtpx:TrackPointExtension>
    </extensions>
   </trkpt>
   <trkpt lat="46.0259380" lon="9.8044440">
    <ele>1311.2</ele>
    <time>2025-11-01T14:23:16Z</time>
    <extensions>
     <power>349</power>
     <gpxtpx:TrackPointExtension>
      <gpxtpx:hr>111</gpxtpx:hr>
      <gpxtpx:cad>88</gpxtpx:cad>
     </gpxtpx:TrackPointExtension>
    </extensions>
   </trkpt>
   <trkpt lat="46.0259250" lon="9.8041090">
    <ele>1308.0</ele>
    <time>2025-11-01T14:23:26Z</time>
    <extensions>
     <power>255</power>
     <gpxtpx:TrackPointExtension>
      <gpxtpx:hr>118</gpxtpx:hr>
      <gpxtpx:cad>85</gpxtpx:cad>
     </gpxtpx:TrackPointExtension>
    </extensions>
   </trkpt>
   <trkpt lat="46.0259540" lon="9.8037940">
    <ele>1305.4</ele>
    <time>2025-11-01T14:23:36Z</time>
    <extensions>
     <power>243</power>
     <gpxtpx:TrackPointExtension>
      <gpxtpx:hr>118</gpxtpx:hr>
      <gpxtpx:cad>83</gpxtpx:cad>
     </gpxtpx:TrackPointExtension>
    </extensions>
   </trkpt>
   <trkpt lat="46.0260020" lon="9.8034820">
    <ele>1303.4</ele>
    <time>2025-11-01T14:23:46Z</time>
    <extensions>
     <power>239</power>
     <gpxtpx:TrackPointExtension>
      <gpxtpx:hr>120</gpxtpx:hr>
      <gpxtpx:cad>83</gpxtpx:cad>
     </gpxtpx:TrackPointExtension>
    </extensions>
   </trkpt>
   <trkpt lat="46.0259460" lon="9.8031580">
    <ele>1300.2</ele>
    <time>2025-11-01T14:23:56Z</time>
    <extensions>
     <power>246</power>
     <gpxtpx:TrackPointExtension>
      <gpxtpx:hr>122</gpxtpx:hr>
      <gpxtpx:cad>83</gpxtpx:cad>
     </gpxtpx:TrackPointExtension>
    </extensions>
   </trkpt>
   <trkpt lat="46.0258090" lon="9.8029050">
    <ele>1297.6</ele>
    <time>2025-11-01T14:24:06Z</time>
    <extensions>
     <power>248</power>
     <gpxtpx:TrackPointExtension>
      <gpxtpx:hr>123</gpxtpx:hr>
      <gpxtpx:cad>83</gpxtpx:cad>
     </gpxtpx:TrackPointExtension>
    </extensions>
   </trkpt>
   <trkpt lat="46.0257070" lon="9.8026320">
    <ele>1294.8</ele>
    <time>2025-11-01T14:24:16Z</time>
    <extensions>
     <power>244</power>
     <gpxtpx:TrackPointExtension>
      <gpxtpx:hr>124</gpxtpx:hr>
      <gpxtpx:cad>82</gpxtpx:cad>
     </gpxtpx:TrackPointExtension>
    </extensions>
   </trkpt>
   <trkpt lat="46.0257270" lon="9.8024640">
    <ele>1293.2</ele>
    <time>2025-11-01T14:24:26Z</time>
    <extensions>
     <power>108</power>
     <gpxtpx:TrackPointExtension>
      <gpxtpx:hr>124</gpxtpx:hr>
      <gpxtpx:cad>60</gpxtpx:cad>
     </gpxtpx:TrackPointExtension>
    </extensions>
   </trkpt>
   <trkpt lat="46.0257440" lon="9.8023040">
    <ele>1291.4</ele>
    <time>2025-11-01T14:24:36Z</time>
    <extensions>
     <power>99</power>
     <gpxtpx:TrackPointExtension>
      <gpxtpx:hr>121</gpxtpx:hr>
      <gpxtpx:cad>57</gpxtpx:cad>
     </gpxtpx:TrackPointExtension>
    </extensions>
   </trkpt>
   <trkpt lat="46.0257500" lon="9.8021400">
    <ele>1288.8</ele>
    <time>2025-11-01T14:24:46Z</time>
    <extensions>
     <power>98</power>
     <gpxtpx:TrackPointExtension>
      <gpxtpx:hr>122</gpxtpx:hr>
      <gpxtpx:cad>57</gpxtpx:cad>
     </gpxtpx:TrackPointExtension>
    </extensions>
   </trkpt>
   <trkpt lat="46.0257160" lon="9.8019560">
    <ele>1287.6</ele>
    <time>2025-11-01T14:24:56Z</time>
    <extensions>
     <power>113</power>
     <gpxtpx:TrackPointExtension>
      <gpxtpx:hr>120</gpxtpx:hr>
      <gpxtpx:cad>60</gpxtpx:cad>
     </gpxtpx:TrackPointExtension>
    </extensions>
   </trkpt>
   <trkpt lat="46.0256520" lon="9.8016840">
    <ele>1283.6</ele>
    <time>2025-11-01T14:25:06Z</time>
    <extensions>
     <power>58</power>
     <gpxtpx:TrackPointExtension>
      <gpxtpx:hr>119</gpxtpx:hr>
      <gpxtpx:cad>42</gpxtpx:cad>
     </gpxtpx:TrackPointExtension>
    </extensions>
   </trkpt>
   <trkpt lat="46.0256260" lon="9.8013960">
    <ele>1280.0</ele>
    <time>2025-11-01T14:25:16Z</time>
    <extensions>
     <power>30</power>
     <gpxtpx:TrackPointExtension>
      <gpxtpx:hr>119</gpxtpx:hr>
      <gpxtpx:cad>81</gpxtpx:cad>
     </gpxtpx:TrackPointExtension>
    </extensions>
   </trkpt>
   <trkpt lat="46.0256250" lon="9.8011000">
    <ele>1276.0</ele>
    <time>2025-11-01T14:25:26Z</time>
    <extensions>
     <power>164</power>
     <gpxtpx:TrackPointExtension>
      <gpxtpx:hr>119</gpxtpx:hr>
      <gpxtpx:cad>81</gpxtpx:cad>
     </gpxtpx:TrackPointExtension>
    </extensions>
   </trkpt>
   <trkpt lat="46.0255950" lon="9.8008190">
    <ele>1273.0</ele>
    <time>2025-11-01T14:25:36Z</time>
    <extensions>
     <power>174</power>
     <gpxtpx:TrackPointExtension>
      <gpxtpx:hr>119</gpxtpx:hr>
      <gpxtpx:cad>81</gpxtpx:cad>
     </gpxtpx:TrackPointExtension>
    </extensions>
   </trkpt>
   <trkpt lat="46.0255250" lon="9.8005520">
    <ele>1270.0</ele>
    <time>2025-11-01T14:25:46Z</time>
    <extensions>
     <power>173</power>
     <gpxtpx:TrackPointExtension>
      <gpxtpx:hr>116</gpxtpx:hr>
      <gpxtpx:cad>80</gpxtpx:cad>
     </gpxtpx:TrackPointExtension>
    </extensions>
   </trkpt>
   <trkpt lat="46.0254400" lon="9.8002970">
    <ele>1267.6</ele>
    <time>2025-11-01T14:25:56Z</time>
    <extensions>
     <power>182</power>
     <gpxtpx:TrackPointExtension>
      <gpxtpx:hr>118</gpxtpx:hr>
      <gpxtpx:cad>80</gpxtpx:cad>
     </gpxtpx:TrackPointExtension>
    </extensions>
   </trkpt>
   <trkpt lat="46.0253250" lon="9.8000570">
    <ele>1264.4</ele>
    <time>2025-11-01T14:26:06Z</time>
    <extensions>
     <power>36</power>
     <gpxtpx:TrackPointExtension>
      <gpxtpx:hr>119</gpxtpx:hr>
      <gpxtpx:cad>42</gpxtpx:cad>
     </gpxtpx:TrackPointExtension>
    </extensions>
   </trkpt>
   <trkpt lat="46.0252130" lon="9.7998100">
    <ele>1261.0</ele>
    <time>2025-11-01T14:26:16Z</time>
    <extensions>
     <power>24</power>
     <gpxtpx:TrackPointExtension>
      <gpxtpx:hr>119</gpxtpx:hr>
      <gpxtpx:cad>79</gpxtpx:cad>
     </gpxtpx:TrackPointExtension>
    </extensions>
   </trkpt>
   <trkpt lat="46.0251360" lon="9.7995220">
    <ele>1258.6</ele>
    <time>2025-11-01T14:26:26Z</time>
    <extensions>
     <power>211</power>
     <gpxtpx:TrackPointExtension>
      <gpxtpx:hr>121</gpxtpx:hr>
      <gpxtpx:cad>80</gpxtpx:cad>
     </gpxtpx:TrackPointExtension>
    </extensions>
   </trkpt>
   <trkpt lat="46.0250480" lon="9.7992440">
    <ele>1255.2</ele>
    <time>2025-11-01T14:26:36Z</time>
    <extensions>
     <power>214</power>
     <gpxtpx:TrackPointExtension>
      <gpxtpx:hr>122</gpxtpx:hr>
      <gpxtpx:cad>82</gpxtpx:cad>
     </gpxtpx:TrackPointExtension>
    </extensions>
   </trkpt>
   <trkpt lat="46.0249660" lon="9.7989860">
    <ele>1252.6</ele>
    <time>2025-11-01T14:26:45Z</time>
    <extensions>
     <power>211</power>
     <gpxtpx:TrackPointExtension>
      <gpxtpx:hr>122</gpxtpx:hr>
      <gpxtpx:cad>80</gpxtpx:cad>
     </gpxtpx:TrackPointExtension>
    </extensions>
   </trkpt>
   <trkpt lat="46.0249000" lon="9.7987010">
    <ele>1249.4</ele>
    <time>2025-11-01T14:26:55Z</time>
    <extensions>
     <power>213</power>
     <gpxtpx:TrackPointExtension>
      <gpxtpx:hr>123</gpxtpx:hr>
      <gpxtpx:cad>82</gpxtpx:cad>
     </gpxtpx:TrackPointExtension>
    </extensions>
   </trkpt>
   <trkpt lat="46.0248860" lon="9.7983910">
    <ele>1245.8</ele>
    <time>2025-11-01T14:27:05Z</time>
    <extensions>
     <power>208</power>
     <gpxtpx:TrackPointExtension>
      <gpxtpx:hr>122</gpxtpx:hr>
      <gpxtpx:cad>82</gpxtpx:cad>
     </gpxtpx:TrackPointExtension>
    </extensions>
   </trkpt>
   <trkpt lat="46.0248710" lon="9.7981010">
    <ele>1242.2</ele>
    <time>2025-11-01T14:27:15Z</time>
    <extensions>
     <power>200</power>
     <gpxtpx:TrackPointExtension>
      <gpxtpx:hr>123</gpxtpx:hr>
      <gpxtpx:cad>80</gpxtpx:cad>
     </gpxtpx:TrackPointExtension>
    </extensions>
   </trkpt>
   <trkpt lat="46.0248340" lon="9.7977800">
    <ele>1238.2</ele>
    <time>2025-11-01T14:27:25Z</time>
    <extensions>
     <power>192</power>
     <gpxtpx:TrackPointExtension>
      <gpxtpx:hr>124</gpxtpx:hr>
      <gpxtpx:cad>88</gpxtpx:cad>
     </gpxtpx:TrackPointExtension>
    </extensions>
   </trkpt>
   <trkpt lat="46.0248110" lon="9.7974870">
    <ele>1234.4</ele>
    <time>2025-11-01T14:27:35Z</time>
    <extensions>
     <power>192</power>
     <gpxtpx:TrackPointExtension>
      <gpxtpx:hr>125</gpxtpx:hr>
      <gpxtpx:cad>42</gpxtpx:cad>
     </gpxtpx:TrackPointExtension>
    </extensions>
   </trkpt>
   <trkpt lat="46.0248250" lon="9.7972280">
    <ele>1231.0</ele>
    <time>2025-11-01T14:27:45Z</time>
    <extensions>
     <power>231</power>
     <gpxtpx:TrackPointExtension>
      <gpxtpx:hr>125</gpxtpx:hr>
      <gpxtpx:cad>88</gpxtpx:cad>
     </gpxtpx:TrackPointExtension>
    </extensions>
   </trkpt>
   <trkpt lat="46.0248510" lon="9.7970440">
    <ele>1230.2</ele>
    <time>2025-11-01T14:27:55Z</time>
    <extensions>
     <power>114</power>
     <gpxtpx:TrackPointExtension>
      <gpxtpx:hr>124</gpxtpx:hr>
      <gpxtpx:cad>62</gpxtpx:cad>
     </gpxtpx:TrackPointExtension>
    </extensions>
   </trkpt>
   <trkpt lat="46.0248590" lon="9.7970000">
    <ele>1230.0</ele>
    <time>2025-11-01T14:28:05Z</time>
    <extensions>
     <power>0</power>
     <gpxtpx:TrackPointExtension>
      <gpxtpx:hr>121</gpxtpx:hr>
      <gpxtpx:cad>64</gpxtpx:cad>
     </gpxtpx:TrackPointExtension>
    </extensions>
   </trkpt>
   <trkpt lat="46.0248760" lon="9.7968180">
    <ele>1229.6</ele>
    <time>2025-11-01T14:28:15Z</time>
    <extensions>
     <power>0</power>
     <gpxtpx:TrackPointExtension>
      <gpxtpx:hr>120</gpxtpx:hr>
      <gpxtpx:cad>0</gpxtpx:cad>
     </gpxtpx:TrackPointExtension>
    </extensions>
   </trkpt>
   <trkpt lat="46.0248900" lon="9.7966420">
    <ele>1230.0</ele>
    <time>2025-11-01T14:28:25Z</time>
    <extensions>
     <power>136</power>
     <gpxtpx:TrackPointExtension>
      <gpxtpx:hr>118</gpxtpx:hr>
      <gpxtpx:cad>57</gpxtpx:cad>
     </gpxtpx:TrackPointExtension>
    </extensions>
   </trkpt>
   <trkpt lat="46.0248770" lon="9.7964010">
    <ele>1229.6</ele>
    <time>2025-11-01T14:28:35Z</time>
    <extensions>
     <power>123</power>
     <gpxtpx:TrackPointExtension>
      <gpxtpx:hr>118</gpxtpx:hr>
      <gpxtpx:cad>57</gpxtpx:cad>
     </gpxtpx:TrackPointExtension>
    </extensions>
   </trkpt>
   <trkpt lat="46.0248630" lon="9.7960410">
    <ele>1229.4</ele>
    <time>2025-11-01T14:28:45Z</time>
    <extensions>
     <power>328</power>
     <gpxtpx:TrackPointExtension>
      <gpxtpx:hr>124</gpxtpx:hr>
      <gpxtpx:cad>87</gpxtpx:cad>
     </gpxtpx:TrackPointExtension>
    </extensions>
   </trkpt>
   <trkpt lat="46.0248670" lon="9.7956980">
    <ele>1228.2</ele>
    <time>2025-11-01T14:28:55Z</time>
    <extensions>
     <power>319</power>
     <gpxtpx:TrackPointExtension>
      <gpxtpx:hr>129</gpxtpx:hr>
      <gpxtpx:cad>83</gpxtpx:cad>
     </gpxtpx:TrackPointExtension>
    </extensions>
   </trkpt>
   <trkpt lat="46.0248040" lon="9.7953800">
    <ele>1226.8</ele>
    <time>2025-11-01T14:29:05Z</time>
    <extensions>
     <power>297</power>
     <gpxtpx:TrackPointExtension>
      <gpxtpx:hr>132</gpxtpx:hr>
      <gpxtpx:cad>83</gpxtpx:cad>
     </gpxtpx:TrackPointExtension>
    </extensions>
   </trkpt>
   <trkpt lat="46.0247750" lon="9.7950290">
    <ele>1225.4</ele>
    <time>2025-11-01T14:29:15Z</time>
    <extensions>
     <power>282</power>
     <gpxtpx:TrackPointExtension>
      <gpxtpx:hr>132</gpxtpx:hr>
      <gpxtpx:cad>81</gpxtpx:cad>
     </gpxtpx:TrackPointExtension>
    </extensions>
   </trkpt>
   <trkpt lat="46.0247770" lon="9.7946620">
    <ele>1223.2</ele>
    <time>2025-11-01T14:29:25Z</time>
    <extensions>
     <power>271</power>
     <gpxtpx:TrackPointExtension>
      <gpxtpx:hr>130</gpxtpx:hr>
      <gpxtpx:cad>83</gpxtpx:cad>
     </gpxtpx:TrackPointExtension>
    </extensions>
   </trkpt>
   <trkpt lat="46.0248070" lon="9.7943050">
    <ele>1221.0</ele>
    <time>2025-11-01T14:29:35Z</time>
    <extensions>
     <power>275</power>
     <gpxtpx:TrackPointExtension>
      <gpxtpx:hr>132</gpxtpx:hr>
      <gpxtpx:cad>82</gpxtpx:cad>
     </gpxtpx:TrackPointExtension>
    </extensions>
   </trkpt>
   <trkpt lat="46.0247740" lon="9.7939610">
    <ele>1219.4</ele>
    <time>2025-11-01T14:29:45Z</time>
    <extensions>
     <power>284</power>
     <gpxtpx:TrackPointExtension>
      <gpxtpx:hr>131</gpxtpx:hr>
      <gpxtpx:cad>83</gpxtpx:cad>
     </gpxtpx:TrackPointExtension>
    </extensions>
   </trkpt>
   <trkpt lat="46.0246830" lon="9.7936000">
    <ele>1217.0</ele>
    <time>2025-11-01T14:29:55Z</time>
    <extensions>
     <power>291</power>
     <gpxtpx:TrackPointExtension>
      <gpxtpx:hr>134</gpxtpx:hr>
      <gpxtpx:cad>83</gpxtpx:cad>
     </gpxtpx:TrackPointExtension>
    </extensions>
   </trkpt>
   <trkpt lat="46.0245790" lon="9.7932690">
    <ele>1214.6</ele>
    <time>2025-11-01T14:30:05Z</time>
    <extensions>
     <power>284</power>
     <gpxtpx:TrackPointExtension>
      <gpxtpx:hr>134</gpxtpx:hr>
      <gpxtpx:cad>82</gpxtpx:cad>
     </gpxtpx:TrackPointExtension>
    </extensions>
   </trkpt>
   <trkpt lat="46.0244540" lon="9.7929350">
    <ele>1213.0</ele>
    <time>2025-11-01T14:30:15Z</time>
    <extensions>
     <power>288</power>
     <gpxtpx:TrackPointExtension>
      <gpxtpx:hr>134</gpxtpx:hr>
      <gpxtpx:cad>82</gpxtpx:cad>
     </gpxtpx:TrackPointExtension>
    </extensions>
   </trkpt>
   <trkpt lat="46.0243580" lon="9.7925780">
    <ele>1210.8</ele>
    <time>2025-11-01T14:30:25Z</time>
    <extensions>
     <power>286</power>
     <gpxtpx:TrackPointExtension>
      <gpxtpx:hr>135</gpxtpx:hr>
      <gpxtpx:cad>83</gpxtpx:cad>
     </gpxtpx:TrackPointExtension>
    </extensions>
   </trkpt>
   <trkpt lat="46.0242540" lon="9.7922280">
    <ele>1208.4</ele>
    <time>2025-11-01T14:30:35Z</time>
    <extensions>
     <power>294</power>
     <gpxtpx:TrackPointExtension>
      <gpxtpx:hr>133</gpxtpx:hr>
      <gpxtpx:cad>83</gpxtpx:cad>
     </gpxtpx:TrackPointExtension>
    </extensions>
   </trkpt>
   <trkpt lat="46.0241600" lon="9.7919060">
    <ele>1206.0</ele>
    <time>2025-11-01T14:30:45Z</time>
    <extensions>
     <power>297</power>
     <gpxtpx:TrackPointExtension>
      <gpxtpx:hr>135</gpxtpx:hr>
      <gpxtpx:cad>83</gpxtpx:cad>
     </gpxtpx:TrackPointExtension>
    </extensions>
   </trkpt>
   <trkpt lat="46.0241330" lon="9.7917090">
    <ele>1205.6</ele>
    <time>2025-11-01T14:30:55Z</time>
    <extensions>
     <power>176</power>
     <gpxtpx:TrackPointExtension>
      <gpxtpx:hr>134</gpxtpx:hr>
      <gpxtpx:cad>60</gpxtpx:cad>
     </gpxtpx:TrackPointExtension>
    </extensions>
   </trkpt>
   <trkpt lat="46.0241640" lon="9.7914910">
    <ele>1204.6</ele>
    <time>2025-11-01T14:31:05Z</time>
    <extensions>
     <power>157</power>
     <gpxtpx:TrackPointExtension>
      <gpxtpx:hr>131</gpxtpx:hr>
      <gpxtpx:cad>61</gpxtpx:cad>
     </gpxtpx:TrackPointExtension>
    </extensions>
   </trkpt>
   <trkpt lat="46.0241920" lon="9.7912830">
    <ele>1202.8</ele>
    <time>2025-11-01T14:31:15Z</time>
    <extensions>
     <power>153</power>
     <gpxtpx:TrackPointExtension>
      <gpxtpx:hr>130</gpxtpx:hr>
      <gpxtpx:cad>61</gpxtpx:cad>
     </gpxtpx:TrackPointExtension>
    </extensions>
   </trkpt>
   <trkpt lat="46.0242000" lon="9.7910820">
    <ele>1202.4</ele>
    <time>2025-11-01T14:31:25Z</time>
    <extensions>
     <power>136</power>
     <gpxtpx:TrackPointExtension>
      <gpxtpx:hr>125</gpxtpx:hr>
      <gpxtpx:cad>60</gpxtpx:cad>
     </gpxtpx:TrackPointExtension>
    </extensions>
   </trkpt>
   <trkpt lat="46.0241880" lon="9.7908340">
    <ele>1201.4</ele>
    <time>2025-11-01T14:31:35Z</time>
    <extensions>
     <power>142</power>
     <gpxtpx:TrackPointExtension>
      <gpxtpx:hr>124</gpxtpx:hr>
      <gpxtpx:cad>61</gpxtpx:cad>
     </gpxtpx:TrackPointExtension>
    </extensions>
   </trkpt>
   <trkpt lat="46.0241380" lon="9.7904630">
    <ele>1199.6</ele>
    <time>2025-11-01T14:31:45Z</time>
    <extensions>
     <power>298</power>
     <gpxtpx:TrackPointExtension>
      <gpxtpx:hr>122</gpxtpx:hr>
      <gpxtpx:cad>86</gpxtpx:cad>
     </gpxtpx:TrackPointExtension>
    </extensions>
   </trkpt>
   <trkpt lat="46.0240950" lon="9.7901070">
    <ele>1197.6</ele>
    <time>2025-11-01T14:31:55Z</time>
    <extensions>
     <power>279</power>
     <gpxtpx:TrackPointExtension>
      <gpxtpx:hr>122</gpxtpx:hr>
      <gpxtpx:cad>82</gpxtpx:cad>
     </gpxtpx:TrackPointExtension>
    </extensions>
   </trkpt>
   <trkpt lat="46.0240740" lon="9.7897610">
    <ele>1196.0</ele>
    <time>2025-11-01T14:32:04Z</time>
    <extensions>
     <power>287</power>
     <gpxtpx:TrackPointExtension>
      <gpxtpx:hr>123</gpxtpx:hr>
      <gpxtpx:cad>84</gpxtpx:cad>
     </gpxtpx:TrackPointExtension>
    </extensions>
   </trkpt>
   <trkpt lat="46.0240440" lon="9.7893890">
    <ele>1194.2</ele>
    <time>2025-11-01T14:32:14Z</time>
    <extensions>
     <power>293</power>
     <gpxtpx:TrackPointExtension>
      <gpxtpx:hr>128</gpxtpx:hr>
      <gpxtpx:cad>83</gpxtpx:cad>
     </gpxtpx:TrackPointExtension>
    </extensions>
   </trkpt>
   <trkpt lat="46.0240220" lon="9.7890070">
    <ele>1192.4</ele>
    <time>2025-11-01T14:32:24Z</time>
    <extensions>
     <power>312</power>
     <gpxtpx:TrackPointExtension>
      <gpxtpx:hr>132</gpxtpx:hr>
      <gpxtpx:cad>84</gpxtpx:cad>
     </gpxtpx:TrackPointExtension>
    </extensions>
   </trkpt>
   <trkpt lat="46.0239790" lon="9.7886330">
    <ele>1189.8</ele>
    <time>2025-11-01T14:32:34Z</time>
    <extensions>
     <power>300</power>
     <gpxtpx:TrackPointExtension>
      <gpxtpx:hr>132</gpxtpx:hr>
      <gpxtpx:cad>84</gpxtpx:cad>
     </gpxtpx:TrackPointExtension>
    </extensions>
   </trkpt>
   <trkpt lat="46.0238720" lon="9.7882700">
    <ele>1188.2</ele>
    <time>2025-11-01T14:32:44Z</time>
    <extensions>
     <power>300</power>
     <gpxtpx:TrackPointExtension>
      <gpxtpx:hr>133</gpxtpx:hr>
      <gpxtpx:cad>84</gpxtpx:cad>
     </gpxtpx:TrackPointExtension>
    </extensions>
   </trkpt>
   <trkpt lat="46.0237560" lon="9.7879310">
    <ele>1185.6</ele>
    <time>2025-11-01T14:32:54Z</time>
    <extensions>
     <power>298</power>
     <gpxtpx:TrackPointExtension>
      <gpxtpx:hr>136</gpxtpx:hr>
      <gpxtpx:cad>84</gpxtpx:cad>
     </gpxtpx:TrackPointExtension>
    </extensions>
   </trkpt>
   <trkpt lat="46.0236470" lon="9.7875900">
    <ele>1183.2</ele>
    <time>2025-11-01T14:33:04Z</time>
    <extensions>
     <power>302</power>
     <gpxtpx:TrackPointExtension>
      <gpxtpx:hr>136</gpxtpx:hr>
      <gpxtpx:cad>83</gpxtpx:cad>
     </gpxtpx:TrackPointExtension>
    </extensions>
   </trkpt>
   <trkpt lat="46.0235320" lon="9.7872440">
    <ele>1181.2</ele>
    <time>2025-11-01T14:33:14Z</time>
    <extensions>
     <power>297</power>
     <gpxtpx:TrackPointExtension>
      <gpxtpx:hr>135</gpxtpx:hr>
      <gpxtpx:cad>83</gpxtpx:cad>
     </gpxtpx:TrackPointExtension>
    </extensions>
   </trkpt>
   <trkpt lat="46.0233980" lon="9.7869050">
    <ele>1178.6</ele>
    <time>2025-11-01T14:33:24Z</time>
    <extensions>
     <power>303</power>
     <gpxtpx:TrackPointExtension>
      <gpxtpx:hr>135</gpxtpx:hr>
      <gpxtpx:cad>84</gpxtpx:cad>
     </gpxtpx:TrackPointExtension>
    </extensions>
   </trkpt>
   <trkpt lat="46.0232680" lon="9.7865580">
    <ele>1176.6</ele>
    <time>2025-11-01T14:33:34Z</time>
    <extensions>
     <power>311</power>
     <gpxtpx:TrackPointExtension>
      <gpxtpx:hr>135</gpxtpx:hr>
      <gpxtpx:cad>84</gpxtpx:cad>
     </gpxtpx:TrackPointExtension>
    </extensions>
   </trkpt>
   <trkpt lat="46.0231380" lon="9.7862180">
    <ele>1174.4</ele>
    <time>2025-11-01T14:33:44Z</time>
    <extensions>
     <power>308</power>
     <gpxtpx:TrackPointExtension>
      <gpxtpx:hr>135</gpxtpx:hr>
      <gpxtpx:cad>84</gpxtpx:cad>
     </gpxtpx:TrackPointExtension>
    </extensions>
   </trkpt>
   <trkpt lat="46.0230130" lon="9.7858720">
    <ele>1172.2</ele>
    <time>2025-11-01T14:33:54Z</time>
    <extensions>
     <power>330</power>
     <gpxtpx:TrackPointExtension>
      <gpxtpx:hr>136</gpxtpx:hr>
      <gpxtpx:cad>84</gpxtpx:cad>
     </gpxtpx:TrackPointExtension>
    </extensions>
   </trkpt>
   <trkpt lat="46.0228860" lon="9.7855320">
    <ele>1170.2</ele>
    <time>2025-11-01T14:34:04Z</time>
    <extensions>
     <power>319</power>
     <gpxtpx:TrackPointExtension>
      <gpxtpx:hr>137</gpxtpx:hr>
      <gpxtpx:cad>82</gpxtpx:cad>
     </gpxtpx:TrackPointExtension>
    </extensions>
   </trkpt>
   <trkpt lat="46.0227520" lon="9.7852040">
    <ele>1168.4</ele>
    <time>2025-11-01T14:34:14Z</time>
    <extensions>
     <power>315</power>
     <gpxtpx:TrackPointExtension>
      <gpxtpx:hr>138</gpxtpx:hr>
      <gpxtpx:cad>84</gpxtpx:cad>
     </gpxtpx:TrackPointExtension>
    </extensions>
   </trkpt>
   <trkpt lat="46.0226270" lon="9.7848620">
    <ele>1166.2</ele>
    <time>2025-11-01T14:34:24Z</time>
    <extensions>
     <power>321</power>
     <gpxtpx:TrackPointExtension>
      <gpxtpx:hr>138</gpxtpx:hr>
      <gpxtpx:cad>82</gpxtpx:cad>
     </gpxtpx:TrackPointExtension>
    </extensions>
   </trkpt>
   <trkpt lat="46.0225110" lon="9.7845270">
    <ele>1163.8</ele>
    <time>2025-11-01T14:34:34Z</time>
    <extensions>
     <power>307</power>
     <gpxtpx:TrackPointExtension>
      <gpxtpx:hr>138</gpxtpx:hr>
      <gpxtpx:cad>83</gpxtpx:cad>
     </gpxtpx:TrackPointExtension>
    </extensions>
   </trkpt>
   <trkpt lat="46.0223910" lon="9.7842240">
    <ele>1162.0</ele>
    <time>2025-11-01T14:34:44Z</time>
    <extensions>
     <power>290</power>
     <gpxtpx:TrackPointExtension>
      <gpxtpx:hr>137</gpxtpx:hr>
      <gpxtpx:cad>82</gpxtpx:cad>
     </gpxtpx:TrackPointExtension>
    </extensions>
   </trkpt>
   <trkpt lat="46.0222480" lon="9.7839220">
    <ele>1159.8</ele>
    <time>2025-11-01T14:34:54Z</time>
    <extensions>
     <power>285</power>
     <gpxtpx:TrackPointExtension>
      <gpxtpx:hr>138</gpxtpx:hr>
      <gpxtpx:cad>81</gpxtpx:cad>
     </gpxtpx:TrackPointExtension>
    </extensions>
   </trkpt>
   <trkpt lat="46.0221080" lon="9.7836100">
    <ele>1157.4</ele>
    <time>2025-11-01T14:35:04Z</time>
    <extensions>
     <power>291</power>
     <gpxtpx:TrackPointExtension>
      <gpxtpx:hr>137</gpxtpx:hr>
      <gpxtpx:cad>81</gpxtpx:cad>
     </gpxtpx:TrackPointExtension>
    </extensions>
   </trkpt>
   <trkpt lat="46.0220110" lon="9.7833570">
    <ele>1155.4</ele>
    <time>2025-11-01T14:35:14Z</time>
    <extensions>
     <power>308</power>
     <gpxtpx:TrackPointExtension>
      <gpxtpx:hr>137</gpxtpx:hr>
      <gpxtpx:cad>0</gpxtpx:cad>
     </gpxtpx:TrackPointExtension>
    </extensions>
   </trkpt>
   <trkpt lat="46.0218400" lon="9.7830040">
    <ele>1153.4</ele>
    <time>2025-11-01T14:36:02Z</time>
    <extensions>
     <power>348</power>
     <gpxtpx:TrackPointExtension>
      <gpxtpx:hr>136</gpxtpx:hr>
      <gpxtpx:cad>86</gpxtpx:cad>
     </gpxtpx:TrackPointExtension>
    </extensions>
   </trkpt>
   <trkpt lat="46.0217220" lon="9.7827720">
    <ele>1152.0</ele>
    <time>2025-11-01T14:36:12Z</time>
    <extensions>
     <power>253</power>
     <gpxtpx:TrackPointExtension>
      <gpxtpx:hr>136</gpxtpx:hr>
      <gpxtpx:cad>84</gpxtpx:cad>
     </gpxtpx:TrackPointExtension>
    </extensions>
   </trkpt>
   <trkpt lat="46.0216310" lon="9.7825000">
    <ele>1151.6</ele>
    <time>2025-11-01T14:36:22Z</time>
    <extensions>
     <power>286</power>
     <gpxtpx:TrackPointExtension>
      <gpxtpx:hr>130</gpxtpx:hr>
      <gpxtpx:cad>84</gpxtpx:cad>
     </gpxtpx:TrackPointExtension>
    </extensions>
   </trkpt>
   <trkpt lat="46.0214890" lon="9.7821840">
    <ele>1149.8</ele>
    <time>2025-11-01T14:36:32Z</time>
    <extensions>
     <power>324</power>
     <gpxtpx:TrackPointExtension>
      <gpxtpx:hr>130</gpxtpx:hr>
      <gpxtpx:cad>83</gpxtpx:cad>
     </gpxtpx:TrackPointExtension>
    </extensions>
   </trkpt>
   <trkpt lat="46.0212790" lon="9.7819600">
    <ele>1147.8</ele>
    <time>2025-11-01T14:36:42Z</time>
    <extensions>
     <power>297</power>
     <gpxtpx:TrackPointExtension>
      <gpxtpx:hr>132</gpxtpx:hr>
      <gpxtpx:cad>84</gpxtpx:cad>
     </gpxtpx:TrackPointExtension>
    </extensions>
   </trkpt>
   <trkpt lat="46.0210570" lon="9.7817740">
    <ele>1145.8</ele>
    <time>2025-11-01T14:36:52Z</time>
    <extensions>
     <power>300</power>
     <gpxtpx:TrackPointExtension>
      <gpxtpx:hr>132</gpxtpx:hr>
      <gpxtpx:cad>83</gpxtpx:cad>
     </gpxtpx:TrackPointExtension>
    </extensions>
   </trkpt>
   <trkpt lat="46.0208450" lon="9.7815740">
    <ele>1143.2</ele>
    <time>2025-11-01T14:37:02Z</time>
    <extensions>
     <power>300</power>
     <gpxtpx:TrackPointExtension>
      <gpxtpx:hr>132</gpxtpx:hr>
      <gpxtpx:cad>83</gpxtpx:cad>
     </gpxtpx:TrackPointExtension>
    </extensions>
   </trkpt>
   <trkpt lat="46.0206530" lon="9.7813530">
    <ele>1141.4</ele>
    <time>2025-11-01T14:37:12Z</time>
    <extensions>
     <power>283</power>
     <gpxtpx:TrackPointExtension>
      <gpxtpx:hr>135</gpxtpx:hr>
      <gpxtpx:cad>82</gpxtpx:cad>
     </gpxtpx:TrackPointExtension>
    </extensions>
   </trkpt>
   <trkpt lat="46.0205030" lon="9.7812450">
    <ele>1139.4</ele>
    <time>2025-11-01T14:37:22Z</time>
    <extensions>
     <power>282</power>
     <gpxtpx:TrackPointExtension>
      <gpxtpx:hr>135</gpxtpx:hr>
      <gpxtpx:cad>83</gpxtpx:cad>
     </gpxtpx:TrackPointExtension>
    </extensions>
   </trkpt>
   <trkpt lat="46.0204500" lon="9.7814670">
    <ele>1135.2</ele>
    <time>2025-11-01T14:37:32Z</time>
    <extensions>
     <power>226</power>
     <gpxtpx:TrackPointExtension>
      <gpxtpx:hr>134</gpxtpx:hr>
      <gpxtpx:cad>81</gpxtpx:cad>
     </gpxtpx:TrackPointExtension>
    </extensions>
   </trkpt>
   <trkpt lat="46.0203410" lon="9.7814490">
    <ele>1133.2</ele>
    <time>2025-11-01T14:37:42Z</time>
    <extensions>
     <power>0</power>
     <gpxtpx:TrackPointExtension>
      <gpxtpx:hr>132</gpxtpx:hr>
      <gpxtpx:cad>0</gpxtpx:cad>
     </gpxtpx:TrackPointExtension>
    </extensions>
   </trkpt>
   <trkpt lat="46.0202070" lon="9.7815400">
    <ele>1128.6</ele>
    <time>2025-11-01T14:37:52Z</time>
    <extensions>
     <power>180</power>
     <gpxtpx:TrackPointExtension>
      <gpxtpx:hr>128</gpxtpx:hr>
      <gpxtpx:cad>86</gpxtpx:cad>
     </gpxtpx:TrackPointExtension>
    </extensions>
   </trkpt>
   <trkpt lat="46.0201750" lon="9.7816000">
    <ele>1125.0</ele>
    <time>2025-11-01T14:38:01Z</time>
    <extensions>
     <power>0</power>
     <gpxtpx:TrackPointExtension>
      <gpxtpx:hr>129</gpxtpx:hr>
      <gpxtpx:cad>0</gpxtpx:cad>
     </gpxtpx:TrackPointExtension>
    </extensions>
   </trkpt>
  </trkseg>
 </trk>
</gpx>